video_path,split
C:\Users\athas\Downloads\Chalearn\first-impressions\test\--Ymqszjv54.000.mp4,test
C:\Users\athas\Downloads\Chalearn\first-impressions\test\-10-QQDO_ME.001.mp4,test
C:\Users\athas\Downloads\Chalearn\first-impressions\test\-10-QQDO_ME.002.mp4,test
C:\Users\athas\Downloads\Chalearn\first-impressions\test\-10-QQDO_ME.005.mp4,test
C:\Users\athas\Downloads\Chalearn\first-impressions\test\-4J4xkfN5cI.000.mp4,test
C:\Users\athas\Downloads\Chalearn\first-impressions\test\-4J4xkfN5cI.002.mp4,test
C:\Users\athas\Downloads\Chalearn\first-impressions\test\-6otZ7M-Mro.002.mp4,test
C:\Users\athas\Downloads\Chalearn\first-impressions\test\-6otZ7M-Mro.004.mp4,test
C:\Users\athas\Downloads\Chalearn\first-impressions\test\-8asrRvfJWA.002.mp4,test
C:\Users\athas\Downloads\Chalearn\first-impressions\test\-agCXYgb7pI.002.mp4,test
C:\Users\athas\Downloads\Chalearn\first-impressions\test\-aU2FN5pkWA.000.mp4,test
C:\Users\athas\Downloads\Chalearn\first-impressions\test\-awAu11kBZ0.001.mp4,test
C:\Users\athas\Downloads\Chalearn\first-impressions\test\-DOqN0d8KHw.004.mp4,test
C:\Users\athas\Downloads\Chalearn\first-impressions\test\-DOqN0d8KHw.005.mp4,test
C:\Users\athas\Downloads\Chalearn\first-impressions\test\-fqiCqZtgYs.005.mp4,test
C:\Users\athas\Downloads\Chalearn\first-impressions\test\-Gl98Jn45Fs.004.mp4,test
C:\Users\athas\Downloads\Chalearn\first-impressions\test\-KtFfRqPFXA.003.mp4,test
C:\Users\athas\Downloads\Chalearn\first-impressions\test\-lSBwF052u0.005.mp4,test
C:\Users\athas\Downloads\Chalearn\first-impressions\test\-m5QCnnp-vI.000.mp4,test
C:\Users\athas\Downloads\Chalearn\first-impressions\test\-mt-IKgGhuY.002.mp4,test
C:\Users\athas\Downloads\Chalearn\first-impressions\test\-N6QKrbnaDs.000.mp4,test
C:\Users\athas\Downloads\Chalearn\first-impressions\test\-N6QKrbnaDs.001.mp4,test
C:\Users\athas\Downloads\Chalearn\first-impressions\test\-N6QKrbnaDs.003.mp4,test
C:\Users\athas\Downloads\Chalearn\first-impressions\test\-N6QKrbnaDs.004.mp4,test
C:\Users\athas\Downloads\Chalearn\first-impressions\test\-NwfYYf5xLo.002.mp4,test
C:\Users\athas\Downloads\Chalearn\first-impressions\test\-PWjgx2czwY.001.mp4,test
C:\Users\athas\Downloads\Chalearn\first-impressions\test\-R2SZu3SYgM.001.mp4,test
C:\Users\athas\Downloads\Chalearn\first-impressions\test\-RqxrwIxMvE.004.mp4,test
C:\Users\athas\Downloads\Chalearn\first-impressions\test\-rxiLMvlZqM.002.mp4,test
C:\Users\athas\Downloads\Chalearn\first-impressions\test\-VTqcHNgH7M.000.mp4,test
C:\Users\athas\Downloads\Chalearn\first-impressions\test\-Wqk9eex6bQ.000.mp4,test
C:\Users\athas\Downloads\Chalearn\first-impressions\test\-ZP25UpJeJ4.000.mp4,test
C:\Users\athas\Downloads\Chalearn\first-impressions\test\04oq2yrBwMg.002.mp4,test
C:\Users\athas\Downloads\Chalearn\first-impressions\test\05l5bteT_qA.003.mp4,test
C:\Users\athas\Downloads\Chalearn\first-impressions\test\0axZSeaUbfs.000.mp4,test
C:\Users\athas\Downloads\Chalearn\first-impressions\test\0G2o3fik36I.000.mp4,test
C:\Users\athas\Downloads\Chalearn\first-impressions\test\0G2o3fik36I.001.mp4,test
C:\Users\athas\Downloads\Chalearn\first-impressions\test\0G2o3fik36I.002.mp4,test
C:\Users\athas\Downloads\Chalearn\first-impressions\test\0iQIfGnKflc.000.mp4,test
C:\Users\athas\Downloads\Chalearn\first-impressions\test\0iQIfGnKflc.003.mp4,test
C:\Users\athas\Downloads\Chalearn\first-impressions\test\0kg6pmbSN6A.003.mp4,test
C:\Users\athas\Downloads\Chalearn\first-impressions\test\0kg6pmbSN6A.004.mp4,test
C:\Users\athas\Downloads\Chalearn\first-impressions\test\0MB91ku0eEw.000.mp4,test
C:\Users\athas\Downloads\Chalearn\first-impressions\test\0MB91ku0eEw.001.mp4,test
C:\Users\athas\Downloads\Chalearn\first-impressions\test\0MB91ku0eEw.002.mp4,test
C:\Users\athas\Downloads\Chalearn\first-impressions\test\0MB91ku0eEw.004.mp4,test
C:\Users\athas\Downloads\Chalearn\first-impressions\test\0MB91ku0eEw.005.mp4,test
C:\Users\athas\Downloads\Chalearn\first-impressions\test\0ObEtA6Q8vU.001.mp4,test
C:\Users\athas\Downloads\Chalearn\first-impressions\test\0QTR0WiJSNk.005.mp4,test
C:\Users\athas\Downloads\Chalearn\first-impressions\test\0SS47KwVOQ4.001.mp4,test
C:\Users\athas\Downloads\Chalearn\first-impressions\test\0u56Q_QmxIM.000.mp4,test
C:\Users\athas\Downloads\Chalearn\first-impressions\test\0uCqd5hZcyI.002.mp4,test
C:\Users\athas\Downloads\Chalearn\first-impressions\test\0uCqd5hZcyI.003.mp4,test
C:\Users\athas\Downloads\Chalearn\first-impressions\test\0_xOGmydDN0.005.mp4,test
C:\Users\athas\Downloads\Chalearn\first-impressions\test\1-GgVRmAEoo.001.mp4,test
C:\Users\athas\Downloads\Chalearn\first-impressions\test\12Ezy1y1cWY.000.mp4,test
C:\Users\athas\Downloads\Chalearn\first-impressions\test\12lqQE6oPNE.003.mp4,test
C:\Users\athas\Downloads\Chalearn\first-impressions\test\13kjwEtSyXc.003.mp4,test
C:\Users\athas\Downloads\Chalearn\first-impressions\test\13KtmgntgQw.004.mp4,test
C:\Users\athas\Downloads\Chalearn\first-impressions\test\19cplBTXyoY.001.mp4,test
C:\Users\athas\Downloads\Chalearn\first-impressions\test\19pTUX8KfYM.001.mp4,test
C:\Users\athas\Downloads\Chalearn\first-impressions\test\19pTUX8KfYM.002.mp4,test
C:\Users\athas\Downloads\Chalearn\first-impressions\test\19pTUX8KfYM.003.mp4,test
C:\Users\athas\Downloads\Chalearn\first-impressions\test\1DCnIad1Y0w.001.mp4,test
C:\Users\athas\Downloads\Chalearn\first-impressions\test\1hpZ2ecWqtI.004.mp4,test
C:\Users\athas\Downloads\Chalearn\first-impressions\test\1Kb5d-w3YJ8.001.mp4,test
C:\Users\athas\Downloads\Chalearn\first-impressions\test\1Lv72Si4GnY.000.mp4,test
C:\Users\athas\Downloads\Chalearn\first-impressions\test\1mdMhaq5p4w.003.mp4,test
C:\Users\athas\Downloads\Chalearn\first-impressions\test\1mHjMNZZvFo.001.mp4,test
C:\Users\athas\Downloads\Chalearn\first-impressions\test\1mReUxIEuw0.004.mp4,test
C:\Users\athas\Downloads\Chalearn\first-impressions\test\1q-N_zbsAg0.002.mp4,test
C:\Users\athas\Downloads\Chalearn\first-impressions\test\1q-N_zbsAg0.005.mp4,test
C:\Users\athas\Downloads\Chalearn\first-impressions\test\1tPH6PNeOSk.005.mp4,test
C:\Users\athas\Downloads\Chalearn\first-impressions\test\1uC-2TZqplE.003.mp4,test
C:\Users\athas\Downloads\Chalearn\first-impressions\test\1Wh2mIFrGvk.000.mp4,test
C:\Users\athas\Downloads\Chalearn\first-impressions\test\1XqMZQu_pP4.004.mp4,test
C:\Users\athas\Downloads\Chalearn\first-impressions\test\1yIGI42lzak.000.mp4,test
C:\Users\athas\Downloads\Chalearn\first-impressions\test\2-LDYe7OXZU.002.mp4,test
C:\Users\athas\Downloads\Chalearn\first-impressions\test\26CMYJn3u6Y.000.mp4,test
C:\Users\athas\Downloads\Chalearn\first-impressions\test\26CMYJn3u6Y.001.mp4,test
C:\Users\athas\Downloads\Chalearn\first-impressions\test\26ZnknvfdNM.000.mp4,test
C:\Users\athas\Downloads\Chalearn\first-impressions\test\29UCGJldICw.000.mp4,test
C:\Users\athas\Downloads\Chalearn\first-impressions\test\2AV8m02PjdU.001.mp4,test
C:\Users\athas\Downloads\Chalearn\first-impressions\test\2AV8m02PjdU.004.mp4,test
C:\Users\athas\Downloads\Chalearn\first-impressions\test\2AV8m02PjdU.005.mp4,test
C:\Users\athas\Downloads\Chalearn\first-impressions\test\2AYq7CdNXNo.005.mp4,test
C:\Users\athas\Downloads\Chalearn\first-impressions\test\2bAsXLQjlt8.000.mp4,test
C:\Users\athas\Downloads\Chalearn\first-impressions\test\2bAsXLQjlt8.003.mp4,test
C:\Users\athas\Downloads\Chalearn\first-impressions\test\2c42A4Z7qPE.001.mp4,test
C:\Users\athas\Downloads\Chalearn\first-impressions\test\2d6btbaNdfo.000.mp4,test
C:\Users\athas\Downloads\Chalearn\first-impressions\test\2d6btbaNdfo.002.mp4,test
C:\Users\athas\Downloads\Chalearn\first-impressions\test\2DZb5yIc6Fg.000.mp4,test
C:\Users\athas\Downloads\Chalearn\first-impressions\test\2f7rLXwzP3s.005.mp4,test
C:\Users\athas\Downloads\Chalearn\first-impressions\test\2Fgn78rYjPM.004.mp4,test
C:\Users\athas\Downloads\Chalearn\first-impressions\test\2fzLibPAtvI.003.mp4,test
C:\Users\athas\Downloads\Chalearn\first-impressions\test\2GHz8LYflE0.001.mp4,test
C:\Users\athas\Downloads\Chalearn\first-impressions\test\2GHz8LYflE0.003.mp4,test
C:\Users\athas\Downloads\Chalearn\first-impressions\test\2HE6cw3HFPk.000.mp4,test
C:\Users\athas\Downloads\Chalearn\first-impressions\test\2hhqEWiv4eI.005.mp4,test
C:\Users\athas\Downloads\Chalearn\first-impressions\test\2kqPuht5jTg.000.mp4,test
C:\Users\athas\Downloads\Chalearn\first-impressions\test\2mfmw63l88g.000.mp4,test
C:\Users\athas\Downloads\Chalearn\first-impressions\test\2NNYN1ZCJhw.001.mp4,test
C:\Users\athas\Downloads\Chalearn\first-impressions\test\2oEUp9sGRGk.002.mp4,test
C:\Users\athas\Downloads\Chalearn\first-impressions\test\2PSGksTyrnI.000.mp4,test
C:\Users\athas\Downloads\Chalearn\first-impressions\test\2q8orkMs2Jg.004.mp4,test
C:\Users\athas\Downloads\Chalearn\first-impressions\test\2SzC9dm4Yy4.000.mp4,test
C:\Users\athas\Downloads\Chalearn\first-impressions\test\2SzC9dm4Yy4.004.mp4,test
C:\Users\athas\Downloads\Chalearn\first-impressions\test\2SzC9dm4Yy4.005.mp4,test
C:\Users\athas\Downloads\Chalearn\first-impressions\test\2TbU3Eg2i4A.000.mp4,test
C:\Users\athas\Downloads\Chalearn\first-impressions\test\2TbU3Eg2i4A.002.mp4,test
C:\Users\athas\Downloads\Chalearn\first-impressions\test\2TMl5EMrdVI.001.mp4,test
C:\Users\athas\Downloads\Chalearn\first-impressions\test\2TXrDZgbDHE.000.mp4,test
C:\Users\athas\Downloads\Chalearn\first-impressions\test\2TXrDZgbDHE.004.mp4,test
C:\Users\athas\Downloads\Chalearn\first-impressions\test\2uAJJH7B5aw.002.mp4,test
C:\Users\athas\Downloads\Chalearn\first-impressions\test\2UxhlaDEPmI.001.mp4,test
C:\Users\athas\Downloads\Chalearn\first-impressions\test\2Z8Xi_DTlpI.000.mp4,test
C:\Users\athas\Downloads\Chalearn\first-impressions\test\2Z8Xi_DTlpI.005.mp4,test
C:\Users\athas\Downloads\Chalearn\first-impressions\test\300gK3CnzW0.001.mp4,test
C:\Users\athas\Downloads\Chalearn\first-impressions\test\300gK3CnzW0.003.mp4,test
C:\Users\athas\Downloads\Chalearn\first-impressions\test\36sZ__mv_KY.000.mp4,test
C:\Users\athas\Downloads\Chalearn\first-impressions\test\383HhOtOBwg.005.mp4,test
C:\Users\athas\Downloads\Chalearn\first-impressions\test\38fE5B4ghw0.001.mp4,test
C:\Users\athas\Downloads\Chalearn\first-impressions\test\39o1zJFeM7E.000.mp4,test
C:\Users\athas\Downloads\Chalearn\first-impressions\test\3b9fhd-EDaY.000.mp4,test
C:\Users\athas\Downloads\Chalearn\first-impressions\test\3b9fhd-EDaY.002.mp4,test
C:\Users\athas\Downloads\Chalearn\first-impressions\test\3CyIOM2izmI.000.mp4,test
C:\Users\athas\Downloads\Chalearn\first-impressions\test\3df_Uk9EmwU.002.mp4,test
C:\Users\athas\Downloads\Chalearn\first-impressions\test\3DURnr95fMg.001.mp4,test
C:\Users\athas\Downloads\Chalearn\first-impressions\test\3DURnr95fMg.003.mp4,test
C:\Users\athas\Downloads\Chalearn\first-impressions\test\3DURnr95fMg.005.mp4,test
C:\Users\athas\Downloads\Chalearn\first-impressions\test\3g6Ab-BIbR4.004.mp4,test
C:\Users\athas\Downloads\Chalearn\first-impressions\test\3gmc2kLV4Bo.003.mp4,test
C:\Users\athas\Downloads\Chalearn\first-impressions\test\3hKgh9AB3tk.003.mp4,test
C:\Users\athas\Downloads\Chalearn\first-impressions\test\3hKgh9AB3tk.004.mp4,test
C:\Users\athas\Downloads\Chalearn\first-impressions\test\3J7Cl3FXs1o.005.mp4,test
C:\Users\athas\Downloads\Chalearn\first-impressions\test\3JAFkk42zPs.000.mp4,test
C:\Users\athas\Downloads\Chalearn\first-impressions\test\3JAFkk42zPs.003.mp4,test
C:\Users\athas\Downloads\Chalearn\first-impressions\test\3LAaFUSGvsU.005.mp4,test
C:\Users\athas\Downloads\Chalearn\first-impressions\test\3P_D_bd-_NM.004.mp4,test
C:\Users\athas\Downloads\Chalearn\first-impressions\test\3S72dDIm1fM.002.mp4,test
C:\Users\athas\Downloads\Chalearn\first-impressions\test\3S72dDIm1fM.004.mp4,test
C:\Users\athas\Downloads\Chalearn\first-impressions\test\3S72dDIm1fM.005.mp4,test
C:\Users\athas\Downloads\Chalearn\first-impressions\test\3taD1fEPfC8.005.mp4,test
C:\Users\athas\Downloads\Chalearn\first-impressions\test\3tPq9fNOXZQ.000.mp4,test
C:\Users\athas\Downloads\Chalearn\first-impressions\test\3Vr5-zedeWk.001.mp4,test
C:\Users\athas\Downloads\Chalearn\first-impressions\test\3VTL2kFt17M.003.mp4,test
C:\Users\athas\Downloads\Chalearn\first-impressions\test\3VyriB3isO8.005.mp4,test
C:\Users\athas\Downloads\Chalearn\first-impressions\test\3wgZrRMosvY.001.mp4,test
C:\Users\athas\Downloads\Chalearn\first-impressions\test\3wgZrRMosvY.004.mp4,test
C:\Users\athas\Downloads\Chalearn\first-impressions\test\3WmWJ1lNy-U.002.mp4,test
C:\Users\athas\Downloads\Chalearn\first-impressions\test\3WoXkI06zGk.000.mp4,test
C:\Users\athas\Downloads\Chalearn\first-impressions\test\3wRj39GKLJ0.000.mp4,test
C:\Users\athas\Downloads\Chalearn\first-impressions\test\3wRj39GKLJ0.002.mp4,test
C:\Users\athas\Downloads\Chalearn\first-impressions\test\3wRj39GKLJ0.003.mp4,test
C:\Users\athas\Downloads\Chalearn\first-impressions\test\3ySH8eJQRCI.000.mp4,test
C:\Users\athas\Downloads\Chalearn\first-impressions\test\3zAyM2edy1g.002.mp4,test
C:\Users\athas\Downloads\Chalearn\first-impressions\test\3zAyM2edy1g.005.mp4,test
C:\Users\athas\Downloads\Chalearn\first-impressions\test\40rn4A64Bdk.004.mp4,test
C:\Users\athas\Downloads\Chalearn\first-impressions\test\41NNb7cucVo.004.mp4,test
C:\Users\athas\Downloads\Chalearn\first-impressions\test\43tayteIFRk.001.mp4,test
C:\Users\athas\Downloads\Chalearn\first-impressions\test\43tayteIFRk.003.mp4,test
C:\Users\athas\Downloads\Chalearn\first-impressions\test\48S9_KZvzVw.002.mp4,test
C:\Users\athas\Downloads\Chalearn\first-impressions\test\4a6-tNo-NDM.001.mp4,test
C:\Users\athas\Downloads\Chalearn\first-impressions\test\4bDOetaLvZs.002.mp4,test
C:\Users\athas\Downloads\Chalearn\first-impressions\test\4bDOetaLvZs.003.mp4,test
C:\Users\athas\Downloads\Chalearn\first-impressions\test\4CSV8L7aVik.003.mp4,test
C:\Users\athas\Downloads\Chalearn\first-impressions\test\4CSV8L7aVik.004.mp4,test
C:\Users\athas\Downloads\Chalearn\first-impressions\test\4fN-DKUzgWQ.004.mp4,test
C:\Users\athas\Downloads\Chalearn\first-impressions\test\4FS7wEOOBNk.004.mp4,test
C:\Users\athas\Downloads\Chalearn\first-impressions\test\4JjpfL4y3XM.002.mp4,test
C:\Users\athas\Downloads\Chalearn\first-impressions\test\4JjpfL4y3XM.004.mp4,test
C:\Users\athas\Downloads\Chalearn\first-impressions\test\4kIHxR6s1L4.003.mp4,test
C:\Users\athas\Downloads\Chalearn\first-impressions\test\4kYaYIcuLpM.000.mp4,test
C:\Users\athas\Downloads\Chalearn\first-impressions\test\4lIbWq27O84.003.mp4,test
C:\Users\athas\Downloads\Chalearn\first-impressions\test\4lj66h4CXI8.000.mp4,test
C:\Users\athas\Downloads\Chalearn\first-impressions\test\4nJLbAKgwfw.003.mp4,test
C:\Users\athas\Downloads\Chalearn\first-impressions\test\4OKYywIqnqg.000.mp4,test
C:\Users\athas\Downloads\Chalearn\first-impressions\test\4Qr1BjZhnpg.001.mp4,test
C:\Users\athas\Downloads\Chalearn\first-impressions\test\4RKQGZzPClk.000.mp4,test
C:\Users\athas\Downloads\Chalearn\first-impressions\test\4vdJGgZpj4k.000.mp4,test
C:\Users\athas\Downloads\Chalearn\first-impressions\test\4vdJGgZpj4k.003.mp4,test
C:\Users\athas\Downloads\Chalearn\first-impressions\test\4vJ69g7gAH4.002.mp4,test
C:\Users\athas\Downloads\Chalearn\first-impressions\test\4XdZDodpzac.004.mp4,test
C:\Users\athas\Downloads\Chalearn\first-impressions\test\4yogPbHFQ9o.001.mp4,test
C:\Users\athas\Downloads\Chalearn\first-impressions\test\50gokPvvMs8.001.mp4,test
C:\Users\athas\Downloads\Chalearn\first-impressions\test\50gokPvvMs8.004.mp4,test
C:\Users\athas\Downloads\Chalearn\first-impressions\test\50gokPvvMs8.005.mp4,test
C:\Users\athas\Downloads\Chalearn\first-impressions\test\51KRxB3g7A8.002.mp4,test
C:\Users\athas\Downloads\Chalearn\first-impressions\test\51z2rCqPqPE.004.mp4,test
C:\Users\athas\Downloads\Chalearn\first-impressions\test\53gtUkC7IZM.000.mp4,test
C:\Users\athas\Downloads\Chalearn\first-impressions\test\53gtUkC7IZM.002.mp4,test
C:\Users\athas\Downloads\Chalearn\first-impressions\test\53QFyec0uN0.000.mp4,test
C:\Users\athas\Downloads\Chalearn\first-impressions\test\53QFyec0uN0.001.mp4,test
C:\Users\athas\Downloads\Chalearn\first-impressions\test\54JawR1x0II.000.mp4,test
C:\Users\athas\Downloads\Chalearn\first-impressions\test\54JawR1x0II.004.mp4,test
C:\Users\athas\Downloads\Chalearn\first-impressions\test\57o4odfqTs8.000.mp4,test
C:\Users\athas\Downloads\Chalearn\first-impressions\test\5bi_PM3XMEQ.001.mp4,test
C:\Users\athas\Downloads\Chalearn\first-impressions\test\5BPGRteF64Y.003.mp4,test
C:\Users\athas\Downloads\Chalearn\first-impressions\test\5BPGRteF64Y.004.mp4,test
C:\Users\athas\Downloads\Chalearn\first-impressions\test\5bYq8LXMRaw.004.mp4,test
C:\Users\athas\Downloads\Chalearn\first-impressions\test\5CRqN54uejE.001.mp4,test
C:\Users\athas\Downloads\Chalearn\first-impressions\test\5Eez38v8TuU.004.mp4,test
C:\Users\athas\Downloads\Chalearn\first-impressions\test\5ghk5950BhU.000.mp4,test
C:\Users\athas\Downloads\Chalearn\first-impressions\test\5ghk5950BhU.003.mp4,test
C:\Users\athas\Downloads\Chalearn\first-impressions\test\5IqtX-uq28E.004.mp4,test
C:\Users\athas\Downloads\Chalearn\first-impressions\test\5Ku4_r_Yxsk.003.mp4,test
C:\Users\athas\Downloads\Chalearn\first-impressions\test\5kwoq4EZixQ.000.mp4,test
C:\Users\athas\Downloads\Chalearn\first-impressions\test\5QUDu-PC7N4.000.mp4,test
C:\Users\athas\Downloads\Chalearn\first-impressions\test\5T2PhH-OMds.002.mp4,test
C:\Users\athas\Downloads\Chalearn\first-impressions\test\5VG1EgzvprE.004.mp4,test
C:\Users\athas\Downloads\Chalearn\first-impressions\test\5Wmlo8Z5yVA.000.mp4,test
C:\Users\athas\Downloads\Chalearn\first-impressions\test\5xA5iKk4v6w.000.mp4,test
C:\Users\athas\Downloads\Chalearn\first-impressions\test\5xA8-Y5qgT0.002.mp4,test
C:\Users\athas\Downloads\Chalearn\first-impressions\test\5xA8-Y5qgT0.005.mp4,test
C:\Users\athas\Downloads\Chalearn\first-impressions\test\5z4G0biL9B4.005.mp4,test
C:\Users\athas\Downloads\Chalearn\first-impressions\test\6-_1-vBNl_0.000.mp4,test
C:\Users\athas\Downloads\Chalearn\first-impressions\test\69BopbFc34U.002.mp4,test
C:\Users\athas\Downloads\Chalearn\first-impressions\test\69BopbFc34U.005.mp4,test
C:\Users\athas\Downloads\Chalearn\first-impressions\test\69EsTnCVCp0.000.mp4,test
C:\Users\athas\Downloads\Chalearn\first-impressions\test\69EsTnCVCp0.002.mp4,test
C:\Users\athas\Downloads\Chalearn\first-impressions\test\69EsTnCVCp0.004.mp4,test
C:\Users\athas\Downloads\Chalearn\first-impressions\test\69EsTnCVCp0.005.mp4,test
C:\Users\athas\Downloads\Chalearn\first-impressions\test\6EMgu2djYrU.000.mp4,test
C:\Users\athas\Downloads\Chalearn\first-impressions\test\6JfSPPVUgIg.000.mp4,test
C:\Users\athas\Downloads\Chalearn\first-impressions\test\6l0RBbxg4fk.000.mp4,test
C:\Users\athas\Downloads\Chalearn\first-impressions\test\6M8OQNo64Tc.001.mp4,test
C:\Users\athas\Downloads\Chalearn\first-impressions\test\6N02tjYPLh8.003.mp4,test
C:\Users\athas\Downloads\Chalearn\first-impressions\test\6N02tjYPLh8.004.mp4,test
C:\Users\athas\Downloads\Chalearn\first-impressions\test\6NjuNY4LfQc.000.mp4,test
C:\Users\athas\Downloads\Chalearn\first-impressions\test\6NjuNY4LfQc.003.mp4,test
C:\Users\athas\Downloads\Chalearn\first-impressions\test\6NjuNY4LfQc.005.mp4,test
C:\Users\athas\Downloads\Chalearn\first-impressions\test\6oL9yyc9iJc.004.mp4,test
C:\Users\athas\Downloads\Chalearn\first-impressions\test\6RwVJK3husE.001.mp4,test
C:\Users\athas\Downloads\Chalearn\first-impressions\test\6RwVJK3husE.002.mp4,test
C:\Users\athas\Downloads\Chalearn\first-impressions\test\6RwVJK3husE.003.mp4,test
C:\Users\athas\Downloads\Chalearn\first-impressions\test\6SoFnys6mf0.000.mp4,test
C:\Users\athas\Downloads\Chalearn\first-impressions\test\6tiGdvduOaA.000.mp4,test
C:\Users\athas\Downloads\Chalearn\first-impressions\test\6V807Mf_gHM.003.mp4,test
C:\Users\athas\Downloads\Chalearn\first-impressions\test\6V807Mf_gHM.004.mp4,test
C:\Users\athas\Downloads\Chalearn\first-impressions\test\6waL_gUxtAM.003.mp4,test
C:\Users\athas\Downloads\Chalearn\first-impressions\test\6waL_gUxtAM.005.mp4,test
C:\Users\athas\Downloads\Chalearn\first-impressions\test\6wHQsN5g2RM.001.mp4,test
C:\Users\athas\Downloads\Chalearn\first-impressions\test\6wIEiqmuHOM.002.mp4,test
C:\Users\athas\Downloads\Chalearn\first-impressions\test\6WSr4IW6cNI.002.mp4,test
C:\Users\athas\Downloads\Chalearn\first-impressions\test\6WSr4IW6cNI.004.mp4,test
C:\Users\athas\Downloads\Chalearn\first-impressions\test\6zm71IHOCZA.003.mp4,test
C:\Users\athas\Downloads\Chalearn\first-impressions\test\6zm71IHOCZA.005.mp4,test
C:\Users\athas\Downloads\Chalearn\first-impressions\test\7-7qX0heWkg.002.mp4,test
C:\Users\athas\Downloads\Chalearn\first-impressions\test\75XbCb7G8kw.003.mp4,test
C:\Users\athas\Downloads\Chalearn\first-impressions\test\78zauTEQ-k8.002.mp4,test
C:\Users\athas\Downloads\Chalearn\first-impressions\test\7b9DirXrkHo.005.mp4,test
C:\Users\athas\Downloads\Chalearn\first-impressions\test\7BgScfRre5M.000.mp4,test
C:\Users\athas\Downloads\Chalearn\first-impressions\test\7FXs86Z98E0.003.mp4,test
C:\Users\athas\Downloads\Chalearn\first-impressions\test\7GRC7XjGzX8.002.mp4,test
C:\Users\athas\Downloads\Chalearn\first-impressions\test\7gXF3MVPXPU.005.mp4,test
C:\Users\athas\Downloads\Chalearn\first-impressions\test\7Kn5VT9bB4I.000.mp4,test
C:\Users\athas\Downloads\Chalearn\first-impressions\test\7knYNR1tAig.001.mp4,test
C:\Users\athas\Downloads\Chalearn\first-impressions\test\7knYNR1tAig.003.mp4,test
C:\Users\athas\Downloads\Chalearn\first-impressions\test\7knYNR1tAig.005.mp4,test
C:\Users\athas\Downloads\Chalearn\first-impressions\test\7kO7jYYUVWg.001.mp4,test
C:\Users\athas\Downloads\Chalearn\first-impressions\test\7MwZm3mhSA8.003.mp4,test
C:\Users\athas\Downloads\Chalearn\first-impressions\test\7PYAn9njCHI.000.mp4,test
C:\Users\athas\Downloads\Chalearn\first-impressions\test\7PYAn9njCHI.005.mp4,test
C:\Users\athas\Downloads\Chalearn\first-impressions\test\7qGYGbIg45c.001.mp4,test
C:\Users\athas\Downloads\Chalearn\first-impressions\test\7qGYGbIg45c.003.mp4,test
C:\Users\athas\Downloads\Chalearn\first-impressions\test\7QpoDA8t6yQ.004.mp4,test
C:\Users\athas\Downloads\Chalearn\first-impressions\test\7tB2Rtm4XeU.002.mp4,test
C:\Users\athas\Downloads\Chalearn\first-impressions\test\7tB2Rtm4XeU.003.mp4,test
C:\Users\athas\Downloads\Chalearn\first-impressions\test\7u0o63Z7q9E.002.mp4,test
C:\Users\athas\Downloads\Chalearn\first-impressions\test\7WixH0aSfqI.003.mp4,test
C:\Users\athas\Downloads\Chalearn\first-impressions\test\7Y3S4nfQHeo.000.mp4,test
C:\Users\athas\Downloads\Chalearn\first-impressions\test\7Y3S4nfQHeo.003.mp4,test
C:\Users\athas\Downloads\Chalearn\first-impressions\test\7Y4cUPFEt-4.003.mp4,test
C:\Users\athas\Downloads\Chalearn\first-impressions\test\7ZnijRlK5-E.000.mp4,test
C:\Users\athas\Downloads\Chalearn\first-impressions\test\7ZnijRlK5-E.004.mp4,test
C:\Users\athas\Downloads\Chalearn\first-impressions\test\7ZnijRlK5-E.005.mp4,test
C:\Users\athas\Downloads\Chalearn\first-impressions\test\836kYlEs9GI.005.mp4,test
C:\Users\athas\Downloads\Chalearn\first-impressions\test\83cmR2fkyy8.000.mp4,test
C:\Users\athas\Downloads\Chalearn\first-impressions\test\84Lz5a9yRZg.003.mp4,test
C:\Users\athas\Downloads\Chalearn\first-impressions\test\85isLsZHZpo.000.mp4,test
C:\Users\athas\Downloads\Chalearn\first-impressions\test\85isLsZHZpo.002.mp4,test
C:\Users\athas\Downloads\Chalearn\first-impressions\test\86upzmhvpXw.003.mp4,test
C:\Users\athas\Downloads\Chalearn\first-impressions\test\87r3cLkrw4A.003.mp4,test
C:\Users\athas\Downloads\Chalearn\first-impressions\test\87r3cLkrw4A.004.mp4,test
C:\Users\athas\Downloads\Chalearn\first-impressions\test\8aPfoJiDeBY.001.mp4,test
C:\Users\athas\Downloads\Chalearn\first-impressions\test\8bn3HZY76xU.005.mp4,test
C:\Users\athas\Downloads\Chalearn\first-impressions\test\8Bt-vEroq6M.005.mp4,test
C:\Users\athas\Downloads\Chalearn\first-impressions\test\8cIuBkFoh0s.003.mp4,test
C:\Users\athas\Downloads\Chalearn\first-impressions\test\8e4nnel_x-M.002.mp4,test
C:\Users\athas\Downloads\Chalearn\first-impressions\test\8e4nnel_x-M.003.mp4,test
C:\Users\athas\Downloads\Chalearn\first-impressions\test\8g5jPiQ6XdA.000.mp4,test
C:\Users\athas\Downloads\Chalearn\first-impressions\test\8g5jPiQ6XdA.005.mp4,test
C:\Users\athas\Downloads\Chalearn\first-impressions\test\8gvBbE6iZNo.002.mp4,test
C:\Users\athas\Downloads\Chalearn\first-impressions\test\8hfhLOXpCNM.003.mp4,test
C:\Users\athas\Downloads\Chalearn\first-impressions\test\8hGOOynn3ZU.000.mp4,test
C:\Users\athas\Downloads\Chalearn\first-impressions\test\8hGOOynn3ZU.002.mp4,test
C:\Users\athas\Downloads\Chalearn\first-impressions\test\8i7H-uSCQcc.000.mp4,test
C:\Users\athas\Downloads\Chalearn\first-impressions\test\8KyS0FKbKfI.004.mp4,test
C:\Users\athas\Downloads\Chalearn\first-impressions\test\8KyS0FKbKfI.005.mp4,test
C:\Users\athas\Downloads\Chalearn\first-impressions\test\8mZZlnbmOYE.005.mp4,test
C:\Users\athas\Downloads\Chalearn\first-impressions\test\8n6G3V3-Tk8.000.mp4,test
C:\Users\athas\Downloads\Chalearn\first-impressions\test\8OckVmEZ8X8.000.mp4,test
C:\Users\athas\Downloads\Chalearn\first-impressions\test\8OckVmEZ8X8.003.mp4,test
C:\Users\athas\Downloads\Chalearn\first-impressions\test\8PXQ_5tUv74.002.mp4,test
C:\Users\athas\Downloads\Chalearn\first-impressions\test\8qDKGnABATw.000.mp4,test
C:\Users\athas\Downloads\Chalearn\first-impressions\test\8qDKGnABATw.005.mp4,test
C:\Users\athas\Downloads\Chalearn\first-impressions\test\8QtlG5ujHyc.002.mp4,test
C:\Users\athas\Downloads\Chalearn\first-impressions\test\8RObWRnyuG0.000.mp4,test
C:\Users\athas\Downloads\Chalearn\first-impressions\test\8RVJqjILSD0.004.mp4,test
C:\Users\athas\Downloads\Chalearn\first-impressions\test\8WXW8ODj44k.003.mp4,test
C:\Users\athas\Downloads\Chalearn\first-impressions\test\8XBprf4NyOg.000.mp4,test
C:\Users\athas\Downloads\Chalearn\first-impressions\test\8yFYvQ_kxW8.004.mp4,test
C:\Users\athas\Downloads\Chalearn\first-impressions\test\8YQKwMdiaAE.003.mp4,test
C:\Users\athas\Downloads\Chalearn\first-impressions\test\8YQKwMdiaAE.004.mp4,test
C:\Users\athas\Downloads\Chalearn\first-impressions\test\8ZHpqRJ39HA.000.mp4,test
C:\Users\athas\Downloads\Chalearn\first-impressions\test\9-lptN92A68.002.mp4,test
C:\Users\athas\Downloads\Chalearn\first-impressions\test\9-lptN92A68.003.mp4,test
C:\Users\athas\Downloads\Chalearn\first-impressions\test\9-lptN92A68.004.mp4,test
C:\Users\athas\Downloads\Chalearn\first-impressions\test\99OBSlFjLXI.005.mp4,test
C:\Users\athas\Downloads\Chalearn\first-impressions\test\9a-3LrB7cDI.001.mp4,test
C:\Users\athas\Downloads\Chalearn\first-impressions\test\9cHxDnk6SUs.003.mp4,test
C:\Users\athas\Downloads\Chalearn\first-impressions\test\9cj8rrj1wSk.001.mp4,test
C:\Users\athas\Downloads\Chalearn\first-impressions\test\9cj8rrj1wSk.003.mp4,test
C:\Users\athas\Downloads\Chalearn\first-impressions\test\9CPKW0sqR3E.004.mp4,test
C:\Users\athas\Downloads\Chalearn\first-impressions\test\9Crw2RtrBcY.005.mp4,test
C:\Users\athas\Downloads\Chalearn\first-impressions\test\9cxghgS9upg.004.mp4,test
C:\Users\athas\Downloads\Chalearn\first-impressions\test\9DF_-PXbpkg.000.mp4,test
C:\Users\athas\Downloads\Chalearn\first-impressions\test\9eNHxfOV2Kg.005.mp4,test
C:\Users\athas\Downloads\Chalearn\first-impressions\test\9J-KIPMQmqk.002.mp4,test
C:\Users\athas\Downloads\Chalearn\first-impressions\test\9KAqOrdiZ4I.003.mp4,test
C:\Users\athas\Downloads\Chalearn\first-impressions\test\9lA-PGQcHBc.001.mp4,test
C:\Users\athas\Downloads\Chalearn\first-impressions\test\9Lbj3wpwk-c.005.mp4,test
C:\Users\athas\Downloads\Chalearn\first-impressions\test\9mM_0vrO3wc.004.mp4,test
C:\Users\athas\Downloads\Chalearn\first-impressions\test\9n8dNi-ERQ0.001.mp4,test
C:\Users\athas\Downloads\Chalearn\first-impressions\test\9n8dNi-ERQ0.002.mp4,test
C:\Users\athas\Downloads\Chalearn\first-impressions\test\9NS6CgxJCGM.002.mp4,test
C:\Users\athas\Downloads\Chalearn\first-impressions\test\9NS6CgxJCGM.005.mp4,test
C:\Users\athas\Downloads\Chalearn\first-impressions\test\9RfE2-aTvaM.002.mp4,test
C:\Users\athas\Downloads\Chalearn\first-impressions\test\9RfE2-aTvaM.004.mp4,test
C:\Users\athas\Downloads\Chalearn\first-impressions\test\9UEBU_yiTPs.000.mp4,test
C:\Users\athas\Downloads\Chalearn\first-impressions\test\9uMpKla2OQM.002.mp4,test
C:\Users\athas\Downloads\Chalearn\first-impressions\test\9UWCHrG5mys.002.mp4,test
C:\Users\athas\Downloads\Chalearn\first-impressions\test\9xJ0rFCU-OM.000.mp4,test
C:\Users\athas\Downloads\Chalearn\first-impressions\test\9XqeGs2MMic.002.mp4,test
C:\Users\athas\Downloads\Chalearn\first-impressions\test\9yZEb6bdxNY.002.mp4,test
C:\Users\athas\Downloads\Chalearn\first-impressions\test\9yZEb6bdxNY.005.mp4,test
C:\Users\athas\Downloads\Chalearn\first-impressions\test\9z5cV1ANYwE.000.mp4,test
C:\Users\athas\Downloads\Chalearn\first-impressions\test\9z5cV1ANYwE.004.mp4,test
C:\Users\athas\Downloads\Chalearn\first-impressions\test\9ZMIYSBYIh8.005.mp4,test
C:\Users\athas\Downloads\Chalearn\first-impressions\test\9_6auSk_wkY.002.mp4,test
C:\Users\athas\Downloads\Chalearn\first-impressions\test\9_yDcQcapu0.000.mp4,test
C:\Users\athas\Downloads\Chalearn\first-impressions\test\9_yDcQcapu0.004.mp4,test
C:\Users\athas\Downloads\Chalearn\first-impressions\test\A0braVJH3Pw.005.mp4,test
C:\Users\athas\Downloads\Chalearn\first-impressions\test\A1lbD_OCuj4.001.mp4,test
C:\Users\athas\Downloads\Chalearn\first-impressions\test\A1lbD_OCuj4.004.mp4,test
C:\Users\athas\Downloads\Chalearn\first-impressions\test\A29hMesGCEI.000.mp4,test
C:\Users\athas\Downloads\Chalearn\first-impressions\test\A29hMesGCEI.001.mp4,test
C:\Users\athas\Downloads\Chalearn\first-impressions\test\a38rz5AIslE.004.mp4,test
C:\Users\athas\Downloads\Chalearn\first-impressions\test\a38rz5AIslE.005.mp4,test
C:\Users\athas\Downloads\Chalearn\first-impressions\test\A3StIKMjn4k.000.mp4,test
C:\Users\athas\Downloads\Chalearn\first-impressions\test\A3StIKMjn4k.003.mp4,test
C:\Users\athas\Downloads\Chalearn\first-impressions\test\A4zSLp-1gps.001.mp4,test
C:\Users\athas\Downloads\Chalearn\first-impressions\test\a5NTqK367wo.004.mp4,test
C:\Users\athas\Downloads\Chalearn\first-impressions\test\a5NTqK367wo.005.mp4,test
C:\Users\athas\Downloads\Chalearn\first-impressions\test\a5tVPpLsaGc.004.mp4,test
C:\Users\athas\Downloads\Chalearn\first-impressions\test\A7exx3pEPkE.001.mp4,test
C:\Users\athas\Downloads\Chalearn\first-impressions\test\A7qb47cmxJo.003.mp4,test
C:\Users\athas\Downloads\Chalearn\first-impressions\test\A7ZNwKJzGpk.000.mp4,test
C:\Users\athas\Downloads\Chalearn\first-impressions\test\a84s1DYag-I.002.mp4,test
C:\Users\athas\Downloads\Chalearn\first-impressions\test\a84s1DYag-I.005.mp4,test
C:\Users\athas\Downloads\Chalearn\first-impressions\test\a97PXgrKSxo.002.mp4,test
C:\Users\athas\Downloads\Chalearn\first-impressions\test\a97PXgrKSxo.004.mp4,test
C:\Users\athas\Downloads\Chalearn\first-impressions\test\aaylz9A9K80.000.mp4,test
C:\Users\athas\Downloads\Chalearn\first-impressions\test\aaylz9A9K80.002.mp4,test
C:\Users\athas\Downloads\Chalearn\first-impressions\test\ABWFQuPG1LA.001.mp4,test
C:\Users\athas\Downloads\Chalearn\first-impressions\test\ADBzMIo1jd8.000.mp4,test
C:\Users\athas\Downloads\Chalearn\first-impressions\test\AEqpMdMeMZA.001.mp4,test
C:\Users\athas\Downloads\Chalearn\first-impressions\test\AFvUxDwJB84.004.mp4,test
C:\Users\athas\Downloads\Chalearn\first-impressions\test\Af_F0IzHK6o.002.mp4,test
C:\Users\athas\Downloads\Chalearn\first-impressions\test\Agg7z10B_iY.003.mp4,test
C:\Users\athas\Downloads\Chalearn\first-impressions\test\Ah5PEPT4xbo.000.mp4,test
C:\Users\athas\Downloads\Chalearn\first-impressions\test\Ahiq4zhmYco.004.mp4,test
C:\Users\athas\Downloads\Chalearn\first-impressions\test\ai-RZb0ZpKI.000.mp4,test
C:\Users\athas\Downloads\Chalearn\first-impressions\test\ai-RZb0ZpKI.001.mp4,test
C:\Users\athas\Downloads\Chalearn\first-impressions\test\ai-RZb0ZpKI.005.mp4,test
C:\Users\athas\Downloads\Chalearn\first-impressions\test\aIh8DTa3RVg.004.mp4,test
C:\Users\athas\Downloads\Chalearn\first-impressions\test\aIh8DTa3RVg.005.mp4,test
C:\Users\athas\Downloads\Chalearn\first-impressions\test\AjCI_w9Szks.004.mp4,test
C:\Users\athas\Downloads\Chalearn\first-impressions\test\AJIphVRpYrg.000.mp4,test
C:\Users\athas\Downloads\Chalearn\first-impressions\test\AJIphVRpYrg.001.mp4,test
C:\Users\athas\Downloads\Chalearn\first-impressions\test\aJjAtOC8AQU.000.mp4,test
C:\Users\athas\Downloads\Chalearn\first-impressions\test\aJjAtOC8AQU.001.mp4,test
C:\Users\athas\Downloads\Chalearn\first-impressions\test\AlEqtGWa43g.001.mp4,test
C:\Users\athas\Downloads\Chalearn\first-impressions\test\AlEqtGWa43g.002.mp4,test
C:\Users\athas\Downloads\Chalearn\first-impressions\test\aLvpOYqzErk.003.mp4,test
C:\Users\athas\Downloads\Chalearn\first-impressions\test\AotbiNsU85A.003.mp4,test
C:\Users\athas\Downloads\Chalearn\first-impressions\test\AotbiNsU85A.004.mp4,test
C:\Users\athas\Downloads\Chalearn\first-impressions\test\ApPnsnIZozw.000.mp4,test
C:\Users\athas\Downloads\Chalearn\first-impressions\test\ApPnsnIZozw.003.mp4,test
C:\Users\athas\Downloads\Chalearn\first-impressions\test\APqMkruLkoE.002.mp4,test
C:\Users\athas\Downloads\Chalearn\first-impressions\test\aqd4_4ga1fQ.002.mp4,test
C:\Users\athas\Downloads\Chalearn\first-impressions\test\aQVGVhcMBtE.002.mp4,test
C:\Users\athas\Downloads\Chalearn\first-impressions\test\aQVGVhcMBtE.005.mp4,test
C:\Users\athas\Downloads\Chalearn\first-impressions\test\AQz6_ZpzGIE.001.mp4,test
C:\Users\athas\Downloads\Chalearn\first-impressions\test\As93GgkTdt4.002.mp4,test
C:\Users\athas\Downloads\Chalearn\first-impressions\test\As93GgkTdt4.005.mp4,test
C:\Users\athas\Downloads\Chalearn\first-impressions\test\ASDpn9yOYAo.001.mp4,test
C:\Users\athas\Downloads\Chalearn\first-impressions\test\ASDpn9yOYAo.004.mp4,test
C:\Users\athas\Downloads\Chalearn\first-impressions\test\ask-ZFRztf8.000.mp4,test
C:\Users\athas\Downloads\Chalearn\first-impressions\test\ask-ZFRztf8.003.mp4,test
C:\Users\athas\Downloads\Chalearn\first-impressions\test\AT9kY7tP710.000.mp4,test
C:\Users\athas\Downloads\Chalearn\first-impressions\test\AT9kY7tP710.002.mp4,test
C:\Users\athas\Downloads\Chalearn\first-impressions\test\auhe41Tf50M.005.mp4,test
C:\Users\athas\Downloads\Chalearn\first-impressions\test\AvuWv3LLmrA.000.mp4,test
C:\Users\athas\Downloads\Chalearn\first-impressions\test\AWe6ZZUmlZw.002.mp4,test
C:\Users\athas\Downloads\Chalearn\first-impressions\test\ax8wm9K41og.001.mp4,test
C:\Users\athas\Downloads\Chalearn\first-impressions\test\Ay7bZ7Sgx9Q.002.mp4,test
C:\Users\athas\Downloads\Chalearn\first-impressions\test\B-OJ_xZILLg.004.mp4,test
C:\Users\athas\Downloads\Chalearn\first-impressions\test\b-qfeGqPd04.002.mp4,test
C:\Users\athas\Downloads\Chalearn\first-impressions\test\B3VQeeev0r0.003.mp4,test
C:\Users\athas\Downloads\Chalearn\first-impressions\test\B4ducm9sydg.004.mp4,test
C:\Users\athas\Downloads\Chalearn\first-impressions\test\b5uTy9czllM.002.mp4,test
C:\Users\athas\Downloads\Chalearn\first-impressions\test\b6eoqD1J_qU.000.mp4,test
C:\Users\athas\Downloads\Chalearn\first-impressions\test\b6eoqD1J_qU.001.mp4,test
C:\Users\athas\Downloads\Chalearn\first-impressions\test\B77ZCcCMrkM.000.mp4,test
C:\Users\athas\Downloads\Chalearn\first-impressions\test\b8GPFr11adA.000.mp4,test
C:\Users\athas\Downloads\Chalearn\first-impressions\test\b8GPFr11adA.003.mp4,test
C:\Users\athas\Downloads\Chalearn\first-impressions\test\B8kzwm6ZaUo.003.mp4,test
C:\Users\athas\Downloads\Chalearn\first-impressions\test\b9nbAAe8F7o.001.mp4,test
C:\Users\athas\Downloads\Chalearn\first-impressions\test\B9NSU6gQdRw.000.mp4,test
C:\Users\athas\Downloads\Chalearn\first-impressions\test\bAxlTgobVHE.005.mp4,test
C:\Users\athas\Downloads\Chalearn\first-impressions\test\bBqZyG-9ksM.001.mp4,test
C:\Users\athas\Downloads\Chalearn\first-impressions\test\bBqZyG-9ksM.002.mp4,test
C:\Users\athas\Downloads\Chalearn\first-impressions\test\BBSB9OJdb0Q.000.mp4,test
C:\Users\athas\Downloads\Chalearn\first-impressions\test\Bbx88iJwZ5Q.000.mp4,test
C:\Users\athas\Downloads\Chalearn\first-impressions\test\bcRPLKygrNk.004.mp4,test
C:\Users\athas\Downloads\Chalearn\first-impressions\test\bcx6xr9Ja-8.000.mp4,test
C:\Users\athas\Downloads\Chalearn\first-impressions\test\bcx6xr9Ja-8.003.mp4,test
C:\Users\athas\Downloads\Chalearn\first-impressions\test\bDjqDn6susQ.001.mp4,test
C:\Users\athas\Downloads\Chalearn\first-impressions\test\be0DQawtVkE.002.mp4,test
C:\Users\athas\Downloads\Chalearn\first-impressions\test\bEXDNfLBy1I.000.mp4,test
C:\Users\athas\Downloads\Chalearn\first-impressions\test\bEXDNfLBy1I.001.mp4,test
C:\Users\athas\Downloads\Chalearn\first-impressions\test\bEXDNfLBy1I.005.mp4,test
C:\Users\athas\Downloads\Chalearn\first-impressions\test\BeyIfaH64xY.005.mp4,test
C:\Users\athas\Downloads\Chalearn\first-impressions\test\BfTaDQvantk.000.mp4,test
C:\Users\athas\Downloads\Chalearn\first-impressions\test\BgfYyUAoNPs.002.mp4,test
C:\Users\athas\Downloads\Chalearn\first-impressions\test\bGLwxQ1lonQ.000.mp4,test
C:\Users\athas\Downloads\Chalearn\first-impressions\test\Bije9nsMl7M.002.mp4,test
C:\Users\athas\Downloads\Chalearn\first-impressions\test\bj9kSmBeQRg.000.mp4,test
C:\Users\athas\Downloads\Chalearn\first-impressions\test\bj9kSmBeQRg.002.mp4,test
C:\Users\athas\Downloads\Chalearn\first-impressions\test\BJpWi1qGp1A.003.mp4,test
C:\Users\athas\Downloads\Chalearn\first-impressions\test\bkzgccBFztM.005.mp4,test
C:\Users\athas\Downloads\Chalearn\first-impressions\test\BLc_GvsbI1U.001.mp4,test
C:\Users\athas\Downloads\Chalearn\first-impressions\test\BLc_GvsbI1U.004.mp4,test
C:\Users\athas\Downloads\Chalearn\first-impressions\test\BLc_GvsbI1U.005.mp4,test
C:\Users\athas\Downloads\Chalearn\first-impressions\test\BLKXsX7-WIg.002.mp4,test
C:\Users\athas\Downloads\Chalearn\first-impressions\test\bLOSPQ8MAC8.003.mp4,test
C:\Users\athas\Downloads\Chalearn\first-impressions\test\bLOSPQ8MAC8.005.mp4,test
C:\Users\athas\Downloads\Chalearn\first-impressions\test\BlvmREgt2C0.001.mp4,test
C:\Users\athas\Downloads\Chalearn\first-impressions\test\BLwgxAWf7cg.002.mp4,test
C:\Users\athas\Downloads\Chalearn\first-impressions\test\BmDClgdWlH4.001.mp4,test
C:\Users\athas\Downloads\Chalearn\first-impressions\test\bmj4khBLUOs.000.mp4,test
C:\Users\athas\Downloads\Chalearn\first-impressions\test\Bmn4YEhgBDY.002.mp4,test
C:\Users\athas\Downloads\Chalearn\first-impressions\test\bN2IM-rqZlc.000.mp4,test
C:\Users\athas\Downloads\Chalearn\first-impressions\test\bN2IM-rqZlc.003.mp4,test
C:\Users\athas\Downloads\Chalearn\first-impressions\test\bN2IM-rqZlc.004.mp4,test
C:\Users\athas\Downloads\Chalearn\first-impressions\test\bnM9Ow52x3o.003.mp4,test
C:\Users\athas\Downloads\Chalearn\first-impressions\test\bnoPmV0_aIc.003.mp4,test
C:\Users\athas\Downloads\Chalearn\first-impressions\test\Bo-mrL28d8M.000.mp4,test
C:\Users\athas\Downloads\Chalearn\first-impressions\test\bPLhV0PGR50.001.mp4,test
C:\Users\athas\Downloads\Chalearn\first-impressions\test\bPTYw89PzLM.001.mp4,test
C:\Users\athas\Downloads\Chalearn\first-impressions\test\BS0wgLXqFgc.002.mp4,test
C:\Users\athas\Downloads\Chalearn\first-impressions\test\bSeTNdOtK7I.005.mp4,test
C:\Users\athas\Downloads\Chalearn\first-impressions\test\BSfClgoqf00.001.mp4,test
C:\Users\athas\Downloads\Chalearn\first-impressions\test\BStHNKV820Q.002.mp4,test
C:\Users\athas\Downloads\Chalearn\first-impressions\test\BStHNKV820Q.005.mp4,test
C:\Users\athas\Downloads\Chalearn\first-impressions\test\bt-ev53zZWE.000.mp4,test
C:\Users\athas\Downloads\Chalearn\first-impressions\test\btcCanysQsw.002.mp4,test
C:\Users\athas\Downloads\Chalearn\first-impressions\test\BuKzIqR4eBU.003.mp4,test
C:\Users\athas\Downloads\Chalearn\first-impressions\test\BuKzIqR4eBU.004.mp4,test
C:\Users\athas\Downloads\Chalearn\first-impressions\test\BV6Pqy4fSwc.002.mp4,test
C:\Users\athas\Downloads\Chalearn\first-impressions\test\BWAEpai6FK0.004.mp4,test
C:\Users\athas\Downloads\Chalearn\first-impressions\test\BxdFQhBNZys.001.mp4,test
C:\Users\athas\Downloads\Chalearn\first-impressions\test\bYXRyimxh7A.001.mp4,test
C:\Users\athas\Downloads\Chalearn\first-impressions\test\Bz3Jx4QL_6Q.000.mp4,test
C:\Users\athas\Downloads\Chalearn\first-impressions\test\bZAKBS9q0ZI.000.mp4,test
C:\Users\athas\Downloads\Chalearn\first-impressions\test\bzaOB8BoWPU.004.mp4,test
C:\Users\athas\Downloads\Chalearn\first-impressions\test\B_DeKthR_V0.000.mp4,test
C:\Users\athas\Downloads\Chalearn\first-impressions\test\C-48U5oDuvw.002.mp4,test
C:\Users\athas\Downloads\Chalearn\first-impressions\test\C-48U5oDuvw.005.mp4,test
C:\Users\athas\Downloads\Chalearn\first-impressions\test\c-c6xhtIq84.003.mp4,test
C:\Users\athas\Downloads\Chalearn\first-impressions\test\C0UMWrEJ2x0.002.mp4,test
C:\Users\athas\Downloads\Chalearn\first-impressions\test\C23rns4ZCy8.002.mp4,test
C:\Users\athas\Downloads\Chalearn\first-impressions\test\c2LeNguVNrI.001.mp4,test
C:\Users\athas\Downloads\Chalearn\first-impressions\test\C2Y9Puk3Obk.004.mp4,test
C:\Users\athas\Downloads\Chalearn\first-impressions\test\c3esnCQDoKc.001.mp4,test
C:\Users\athas\Downloads\Chalearn\first-impressions\test\c3esnCQDoKc.002.mp4,test
C:\Users\athas\Downloads\Chalearn\first-impressions\test\C3knX70mzxQ.002.mp4,test
C:\Users\athas\Downloads\Chalearn\first-impressions\test\c3SQSM9OIsA.002.mp4,test
C:\Users\athas\Downloads\Chalearn\first-impressions\test\C47tB5JmEqQ.001.mp4,test
C:\Users\athas\Downloads\Chalearn\first-impressions\test\C47tB5JmEqQ.005.mp4,test
C:\Users\athas\Downloads\Chalearn\first-impressions\test\C5qRszPK9HY.000.mp4,test
C:\Users\athas\Downloads\Chalearn\first-impressions\test\C5qRszPK9HY.004.mp4,test
C:\Users\athas\Downloads\Chalearn\first-impressions\test\c672aEuUa-g.000.mp4,test
C:\Users\athas\Downloads\Chalearn\first-impressions\test\c672aEuUa-g.003.mp4,test
C:\Users\athas\Downloads\Chalearn\first-impressions\test\c672aEuUa-g.005.mp4,test
C:\Users\athas\Downloads\Chalearn\first-impressions\test\c70zW-HoZUA.000.mp4,test
C:\Users\athas\Downloads\Chalearn\first-impressions\test\c7tczvW3_dQ.001.mp4,test
C:\Users\athas\Downloads\Chalearn\first-impressions\test\c7tczvW3_dQ.003.mp4,test
C:\Users\athas\Downloads\Chalearn\first-impressions\test\c7tczvW3_dQ.004.mp4,test
C:\Users\athas\Downloads\Chalearn\first-impressions\test\c8idT3lRnQ8.004.mp4,test
C:\Users\athas\Downloads\Chalearn\first-impressions\test\C9W-AEBcQzo.000.mp4,test
C:\Users\athas\Downloads\Chalearn\first-impressions\test\C9W-AEBcQzo.001.mp4,test
C:\Users\athas\Downloads\Chalearn\first-impressions\test\cA3KzjBNr4M.005.mp4,test
C:\Users\athas\Downloads\Chalearn\first-impressions\test\cA43Gfcg0QA.005.mp4,test
C:\Users\athas\Downloads\Chalearn\first-impressions\test\CbNAOLHByZQ.003.mp4,test
C:\Users\athas\Downloads\Chalearn\first-impressions\test\Cdh_OCMZ4U8.004.mp4,test
C:\Users\athas\Downloads\Chalearn\first-impressions\test\CdUYBux3Vn8.001.mp4,test
C:\Users\athas\Downloads\Chalearn\first-impressions\test\CESTtNvDpww.002.mp4,test
C:\Users\athas\Downloads\Chalearn\first-impressions\test\CFk4v2Kd5Ns.000.mp4,test
C:\Users\athas\Downloads\Chalearn\first-impressions\test\CFK8ib0aWe8.002.mp4,test
C:\Users\athas\Downloads\Chalearn\first-impressions\test\CGfr9jl8w4Y.002.mp4,test
C:\Users\athas\Downloads\Chalearn\first-impressions\test\CGfr9jl8w4Y.003.mp4,test
C:\Users\athas\Downloads\Chalearn\first-impressions\test\cgGCyBMdGrA.005.mp4,test
C:\Users\athas\Downloads\Chalearn\first-impressions\test\cgp1OzTOq1o.001.mp4,test
C:\Users\athas\Downloads\Chalearn\first-impressions\test\cgp1OzTOq1o.003.mp4,test
C:\Users\athas\Downloads\Chalearn\first-impressions\test\cgT-3CHBmKs.002.mp4,test
C:\Users\athas\Downloads\Chalearn\first-impressions\test\ch2BcBv4SdQ.003.mp4,test
C:\Users\athas\Downloads\Chalearn\first-impressions\test\cjbh1lfr43c.003.mp4,test
C:\Users\athas\Downloads\Chalearn\first-impressions\test\cjbh1lfr43c.004.mp4,test
C:\Users\athas\Downloads\Chalearn\first-impressions\test\cJs_LosR-u8.002.mp4,test
C:\Users\athas\Downloads\Chalearn\first-impressions\test\cJs_LosR-u8.004.mp4,test
C:\Users\athas\Downloads\Chalearn\first-impressions\test\Cl5jhuLQ9Dg.000.mp4,test
C:\Users\athas\Downloads\Chalearn\first-impressions\test\cLaZxEf1nE4.000.mp4,test
C:\Users\athas\Downloads\Chalearn\first-impressions\test\cLaZxEf1nE4.004.mp4,test
C:\Users\athas\Downloads\Chalearn\first-impressions\test\clMg72MI8rw.005.mp4,test
C:\Users\athas\Downloads\Chalearn\first-impressions\test\cMLkNVKkaOQ.002.mp4,test
C:\Users\athas\Downloads\Chalearn\first-impressions\test\cMLkNVKkaOQ.004.mp4,test
C:\Users\athas\Downloads\Chalearn\first-impressions\test\Cng72emlXAM.002.mp4,test
C:\Users\athas\Downloads\Chalearn\first-impressions\test\cNGvJfbdI1o.001.mp4,test
C:\Users\athas\Downloads\Chalearn\first-impressions\test\cnsvc0alWOA.005.mp4,test
C:\Users\athas\Downloads\Chalearn\first-impressions\test\cNXnowQb7rs.000.mp4,test
C:\Users\athas\Downloads\Chalearn\first-impressions\test\CO7vZjYF6Zk.004.mp4,test
C:\Users\athas\Downloads\Chalearn\first-impressions\test\CO7vZjYF6Zk.005.mp4,test
C:\Users\athas\Downloads\Chalearn\first-impressions\test\cpch8WDydcM.004.mp4,test
C:\Users\athas\Downloads\Chalearn\first-impressions\test\CPtaCNonKlE.005.mp4,test
C:\Users\athas\Downloads\Chalearn\first-impressions\test\cpzY1b6wJqs.001.mp4,test
C:\Users\athas\Downloads\Chalearn\first-impressions\test\CQMH9Qguuao.001.mp4,test
C:\Users\athas\Downloads\Chalearn\first-impressions\test\cQRFb-xa4Vc.001.mp4,test
C:\Users\athas\Downloads\Chalearn\first-impressions\test\cQRFb-xa4Vc.004.mp4,test
C:\Users\athas\Downloads\Chalearn\first-impressions\test\cRDYrvxRJ6U.000.mp4,test
C:\Users\athas\Downloads\Chalearn\first-impressions\test\CRLsCyMfskE.005.mp4,test
C:\Users\athas\Downloads\Chalearn\first-impressions\test\cT3oyHhUznw.002.mp4,test
C:\Users\athas\Downloads\Chalearn\first-impressions\test\cvg03XGFjCk.003.mp4,test
C:\Users\athas\Downloads\Chalearn\first-impressions\test\Cv_QK9bPagQ.004.mp4,test
C:\Users\athas\Downloads\Chalearn\first-impressions\test\CwmjP27fivQ.002.mp4,test
C:\Users\athas\Downloads\Chalearn\first-impressions\test\cWvZnl5XjwI.000.mp4,test
C:\Users\athas\Downloads\Chalearn\first-impressions\test\cWvZnl5XjwI.001.mp4,test
C:\Users\athas\Downloads\Chalearn\first-impressions\test\cWvZnl5XjwI.002.mp4,test
C:\Users\athas\Downloads\Chalearn\first-impressions\test\cWZudzeJVXg.001.mp4,test
C:\Users\athas\Downloads\Chalearn\first-impressions\test\cx8IycWgMVs.001.mp4,test
C:\Users\athas\Downloads\Chalearn\first-impressions\test\cx8IycWgMVs.004.mp4,test
C:\Users\athas\Downloads\Chalearn\first-impressions\test\cXqH7_dYM_k.001.mp4,test
C:\Users\athas\Downloads\Chalearn\first-impressions\test\cY3nHc5fDYE.001.mp4,test
C:\Users\athas\Downloads\Chalearn\first-impressions\test\cY3nHc5fDYE.002.mp4,test
C:\Users\athas\Downloads\Chalearn\first-impressions\test\cY3nHc5fDYE.005.mp4,test
C:\Users\athas\Downloads\Chalearn\first-impressions\test\cZ6xhB5yhfY.000.mp4,test
C:\Users\athas\Downloads\Chalearn\first-impressions\test\C_NtwmmF2Ys.001.mp4,test
C:\Users\athas\Downloads\Chalearn\first-impressions\test\C_NtwmmF2Ys.005.mp4,test
C:\Users\athas\Downloads\Chalearn\first-impressions\test\d1eh3dHNi1Y.005.mp4,test
C:\Users\athas\Downloads\Chalearn\first-impressions\test\D4hPHPp1W-Q.003.mp4,test
C:\Users\athas\Downloads\Chalearn\first-impressions\test\D4TU65xbF4g.003.mp4,test
C:\Users\athas\Downloads\Chalearn\first-impressions\test\d69zeSpdyCI.004.mp4,test
C:\Users\athas\Downloads\Chalearn\first-impressions\test\d8skGb2ycio.001.mp4,test
C:\Users\athas\Downloads\Chalearn\first-impressions\test\d8skGb2ycio.002.mp4,test
C:\Users\athas\Downloads\Chalearn\first-impressions\test\d9ekvXz64Mc.004.mp4,test
C:\Users\athas\Downloads\Chalearn\first-impressions\test\d9_YDJdF-7I.001.mp4,test
C:\Users\athas\Downloads\Chalearn\first-impressions\test\dB2XYhvqUBU.002.mp4,test
C:\Users\athas\Downloads\Chalearn\first-impressions\test\dB65He57Ki8.000.mp4,test
C:\Users\athas\Downloads\Chalearn\first-impressions\test\DChmTb-c9uM.002.mp4,test
C:\Users\athas\Downloads\Chalearn\first-impressions\test\DChmTb-c9uM.003.mp4,test
C:\Users\athas\Downloads\Chalearn\first-impressions\test\DctPau1p7JM.000.mp4,test
C:\Users\athas\Downloads\Chalearn\first-impressions\test\DcVwxxbKGF4.000.mp4,test
C:\Users\athas\Downloads\Chalearn\first-impressions\test\DcVwxxbKGF4.004.mp4,test
C:\Users\athas\Downloads\Chalearn\first-impressions\test\dd0z9mErfSo.000.mp4,test
C:\Users\athas\Downloads\Chalearn\first-impressions\test\De4i7-FX9Og.002.mp4,test
C:\Users\athas\Downloads\Chalearn\first-impressions\test\De4i7-FX9Og.005.mp4,test
C:\Users\athas\Downloads\Chalearn\first-impressions\test\DegRGUG4Wi0.004.mp4,test
C:\Users\athas\Downloads\Chalearn\first-impressions\test\DegRGUG4Wi0.005.mp4,test
C:\Users\athas\Downloads\Chalearn\first-impressions\test\DfpKVl9Zpdg.000.mp4,test
C:\Users\athas\Downloads\Chalearn\first-impressions\test\DfpKVl9Zpdg.005.mp4,test
C:\Users\athas\Downloads\Chalearn\first-impressions\test\Dhbva5oGE7g.004.mp4,test
C:\Users\athas\Downloads\Chalearn\first-impressions\test\DhqfB9chceo.004.mp4,test
C:\Users\athas\Downloads\Chalearn\first-impressions\test\dJlEHhyij5k.002.mp4,test
C:\Users\athas\Downloads\Chalearn\first-impressions\test\dl9IT3OvI0o.000.mp4,test
C:\Users\athas\Downloads\Chalearn\first-impressions\test\dl9IT3OvI0o.003.mp4,test
C:\Users\athas\Downloads\Chalearn\first-impressions\test\dLltwqkvsNg.000.mp4,test
C:\Users\athas\Downloads\Chalearn\first-impressions\test\DnTtbAR_Qyw.003.mp4,test
C:\Users\athas\Downloads\Chalearn\first-impressions\test\dNXqs5HNijI.005.mp4,test
C:\Users\athas\Downloads\Chalearn\first-impressions\test\dQOeQYWIgm8.005.mp4,test
C:\Users\athas\Downloads\Chalearn\first-impressions\test\dqVPzqpGX-w.001.mp4,test
C:\Users\athas\Downloads\Chalearn\first-impressions\test\DrlC4bEYcmw.003.mp4,test
C:\Users\athas\Downloads\Chalearn\first-impressions\test\dRP8ZaAryro.002.mp4,test
C:\Users\athas\Downloads\Chalearn\first-impressions\test\dvMeqVbpKW8.003.mp4,test
C:\Users\athas\Downloads\Chalearn\first-impressions\test\DvmzcQI5cnM.002.mp4,test
C:\Users\athas\Downloads\Chalearn\first-impressions\test\DvWzedL3QCk.003.mp4,test
C:\Users\athas\Downloads\Chalearn\first-impressions\test\DvWzedL3QCk.005.mp4,test
C:\Users\athas\Downloads\Chalearn\first-impressions\test\dy9EqbKLDP0.000.mp4,test
C:\Users\athas\Downloads\Chalearn\first-impressions\test\DyZlhseSuec.000.mp4,test
C:\Users\athas\Downloads\Chalearn\first-impressions\test\DZfcVxy2ceI.002.mp4,test
C:\Users\athas\Downloads\Chalearn\first-impressions\test\DZfcVxy2ceI.004.mp4,test
C:\Users\athas\Downloads\Chalearn\first-impressions\test\DzqJmiQjsZ4.003.mp4,test
C:\Users\athas\Downloads\Chalearn\first-impressions\test\d_POf1pikX0.001.mp4,test
C:\Users\athas\Downloads\Chalearn\first-impressions\test\d_POf1pikX0.003.mp4,test
C:\Users\athas\Downloads\Chalearn\first-impressions\test\e07IozLUeKc.003.mp4,test
C:\Users\athas\Downloads\Chalearn\first-impressions\test\e3Y7na4SBh4.001.mp4,test
C:\Users\athas\Downloads\Chalearn\first-impressions\test\E3z1D7CKoOA.004.mp4,test
C:\Users\athas\Downloads\Chalearn\first-impressions\test\Ea0UKBPCm3Q.003.mp4,test
C:\Users\athas\Downloads\Chalearn\first-impressions\test\eAkWSjU-JyY.005.mp4,test
C:\Users\athas\Downloads\Chalearn\first-impressions\test\EAMHqNxa9yY.000.mp4,test
C:\Users\athas\Downloads\Chalearn\first-impressions\test\EcOC7ZVRSg4.005.mp4,test
C:\Users\athas\Downloads\Chalearn\first-impressions\test\eCoEQ_R5C3U.001.mp4,test
C:\Users\athas\Downloads\Chalearn\first-impressions\test\EelHLfeSJfM.000.mp4,test
C:\Users\athas\Downloads\Chalearn\first-impressions\test\EelHLfeSJfM.003.mp4,test
C:\Users\athas\Downloads\Chalearn\first-impressions\test\EiXQ9RErt6c.000.mp4,test
C:\Users\athas\Downloads\Chalearn\first-impressions\test\ej0RpdM9kJA.005.mp4,test
C:\Users\athas\Downloads\Chalearn\first-impressions\test\EL1Q7x_1a74.004.mp4,test
C:\Users\athas\Downloads\Chalearn\first-impressions\test\el2DOd8E5io.003.mp4,test
C:\Users\athas\Downloads\Chalearn\first-impressions\test\EmGTj1DRMbo.001.mp4,test
C:\Users\athas\Downloads\Chalearn\first-impressions\test\encC96iqr9Y.001.mp4,test
C:\Users\athas\Downloads\Chalearn\first-impressions\test\encC96iqr9Y.005.mp4,test
C:\Users\athas\Downloads\Chalearn\first-impressions\test\EoakbXJmcto.001.mp4,test
C:\Users\athas\Downloads\Chalearn\first-impressions\test\eq1_h17oue4.004.mp4,test
C:\Users\athas\Downloads\Chalearn\first-impressions\test\eq1_h17oue4.005.mp4,test
C:\Users\athas\Downloads\Chalearn\first-impressions\test\eqXrUXW4yHY.001.mp4,test
C:\Users\athas\Downloads\Chalearn\first-impressions\test\Etw3iulV5Eg.002.mp4,test
C:\Users\athas\Downloads\Chalearn\first-impressions\test\ev42vngXERU.003.mp4,test
C:\Users\athas\Downloads\Chalearn\first-impressions\test\evQsOFQju08.000.mp4,test
C:\Users\athas\Downloads\Chalearn\first-impressions\test\evrzg3Pzyc0.003.mp4,test
C:\Users\athas\Downloads\Chalearn\first-impressions\test\evrzg3Pzyc0.005.mp4,test
C:\Users\athas\Downloads\Chalearn\first-impressions\test\EwMMNKLjO9w.003.mp4,test
C:\Users\athas\Downloads\Chalearn\first-impressions\test\EwMMNKLjO9w.004.mp4,test
C:\Users\athas\Downloads\Chalearn\first-impressions\test\EX3i4IMY1Pw.004.mp4,test
C:\Users\athas\Downloads\Chalearn\first-impressions\test\eXtskPoi58A.004.mp4,test
C:\Users\athas\Downloads\Chalearn\first-impressions\test\EYbPGTIcnjs.004.mp4,test
C:\Users\athas\Downloads\Chalearn\first-impressions\test\EyX8QI5nPTY.003.mp4,test
C:\Users\athas\Downloads\Chalearn\first-impressions\test\ezMO8EHKAVw.002.mp4,test
C:\Users\athas\Downloads\Chalearn\first-impressions\test\eZwGkhUa0TQ.002.mp4,test
C:\Users\athas\Downloads\Chalearn\first-impressions\test\E_xAcdGpPCI.000.mp4,test
C:\Users\athas\Downloads\Chalearn\first-impressions\test\E_xAcdGpPCI.002.mp4,test
C:\Users\athas\Downloads\Chalearn\first-impressions\test\f39E4ct09Cc.003.mp4,test
C:\Users\athas\Downloads\Chalearn\first-impressions\test\f4rQJiW6oSk.002.mp4,test
C:\Users\athas\Downloads\Chalearn\first-impressions\test\F4yC1_n6ApY.000.mp4,test
C:\Users\athas\Downloads\Chalearn\first-impressions\test\F5iykLTSCJc.002.mp4,test
C:\Users\athas\Downloads\Chalearn\first-impressions\test\F5kL7RWS_f0.005.mp4,test
C:\Users\athas\Downloads\Chalearn\first-impressions\test\f7togdqxEoo.000.mp4,test
C:\Users\athas\Downloads\Chalearn\first-impressions\test\f9GeYKAXgAQ.004.mp4,test
C:\Users\athas\Downloads\Chalearn\first-impressions\test\F9mZ6De_6Ko.003.mp4,test
C:\Users\athas\Downloads\Chalearn\first-impressions\test\FaBTYkzhuK4.003.mp4,test
C:\Users\athas\Downloads\Chalearn\first-impressions\test\fBcc1UMtZME.004.mp4,test
C:\Users\athas\Downloads\Chalearn\first-impressions\test\fBMKlYUjA9E.001.mp4,test
C:\Users\athas\Downloads\Chalearn\first-impressions\test\fBMKlYUjA9E.002.mp4,test
C:\Users\athas\Downloads\Chalearn\first-impressions\test\Fco1CMgOadI.004.mp4,test
C:\Users\athas\Downloads\Chalearn\first-impressions\test\FcR9VhCxBb0.003.mp4,test
C:\Users\athas\Downloads\Chalearn\first-impressions\test\FcR9VhCxBb0.005.mp4,test
C:\Users\athas\Downloads\Chalearn\first-impressions\test\Fe9_SVPd_5I.000.mp4,test
C:\Users\athas\Downloads\Chalearn\first-impressions\test\Fe9_SVPd_5I.001.mp4,test
C:\Users\athas\Downloads\Chalearn\first-impressions\test\Fe9_SVPd_5I.003.mp4,test
C:\Users\athas\Downloads\Chalearn\first-impressions\test\feg-RNvT-t0.004.mp4,test
C:\Users\athas\Downloads\Chalearn\first-impressions\test\fEix0DPOWtg.004.mp4,test
C:\Users\athas\Downloads\Chalearn\first-impressions\test\fEZrAGQoh_g.003.mp4,test
C:\Users\athas\Downloads\Chalearn\first-impressions\test\fEZrAGQoh_g.004.mp4,test
C:\Users\athas\Downloads\Chalearn\first-impressions\test\ff-3k-nzoXA.003.mp4,test
C:\Users\athas\Downloads\Chalearn\first-impressions\test\fG-hvGTHoec.001.mp4,test
C:\Users\athas\Downloads\Chalearn\first-impressions\test\fG-hvGTHoec.003.mp4,test
C:\Users\athas\Downloads\Chalearn\first-impressions\test\fGAcEyZXFTo.001.mp4,test
C:\Users\athas\Downloads\Chalearn\first-impressions\test\fGAcEyZXFTo.004.mp4,test
C:\Users\athas\Downloads\Chalearn\first-impressions\test\fgEddXirQvQ.000.mp4,test
C:\Users\athas\Downloads\Chalearn\first-impressions\test\FGkS4vJYOpM.001.mp4,test
C:\Users\athas\Downloads\Chalearn\first-impressions\test\fhUGU2uiS1U.002.mp4,test
C:\Users\athas\Downloads\Chalearn\first-impressions\test\fiEEjrKhlNU.000.mp4,test
C:\Users\athas\Downloads\Chalearn\first-impressions\test\fiEEjrKhlNU.003.mp4,test
C:\Users\athas\Downloads\Chalearn\first-impressions\test\fipvPdFbKN4.003.mp4,test
C:\Users\athas\Downloads\Chalearn\first-impressions\test\fiVkE3iDWY4.001.mp4,test
C:\Users\athas\Downloads\Chalearn\first-impressions\test\fiVkE3iDWY4.005.mp4,test
C:\Users\athas\Downloads\Chalearn\first-impressions\test\fiVORaERbP0.000.mp4,test
C:\Users\athas\Downloads\Chalearn\first-impressions\test\fiVORaERbP0.005.mp4,test
C:\Users\athas\Downloads\Chalearn\first-impressions\test\fKrX-KXgXYM.005.mp4,test
C:\Users\athas\Downloads\Chalearn\first-impressions\test\FksSYDfLH04.000.mp4,test
C:\Users\athas\Downloads\Chalearn\first-impressions\test\FkzVX7SQ9wE.005.mp4,test
C:\Users\athas\Downloads\Chalearn\first-impressions\test\fL8VYpOTLSM.000.mp4,test
C:\Users\athas\Downloads\Chalearn\first-impressions\test\fL8VYpOTLSM.003.mp4,test
C:\Users\athas\Downloads\Chalearn\first-impressions\test\FlAGm93fJa0.003.mp4,test
C:\Users\athas\Downloads\Chalearn\first-impressions\test\fmjILOLc3eg.004.mp4,test
C:\Users\athas\Downloads\Chalearn\first-impressions\test\FNHMXPaHll0.001.mp4,test
C:\Users\athas\Downloads\Chalearn\first-impressions\test\FPfgwGsy8dE.005.mp4,test
C:\Users\athas\Downloads\Chalearn\first-impressions\test\fsaslN7xV-w.001.mp4,test
C:\Users\athas\Downloads\Chalearn\first-impressions\test\fsaslN7xV-w.005.mp4,test
C:\Users\athas\Downloads\Chalearn\first-impressions\test\FSBBbxNi0iU.000.mp4,test
C:\Users\athas\Downloads\Chalearn\first-impressions\test\FSBBbxNi0iU.003.mp4,test
C:\Users\athas\Downloads\Chalearn\first-impressions\test\fSDA4eEyGHk.005.mp4,test
C:\Users\athas\Downloads\Chalearn\first-impressions\test\fSkQXqXR7D0.005.mp4,test
C:\Users\athas\Downloads\Chalearn\first-impressions\test\fsLf6Xv_Gbk.000.mp4,test
C:\Users\athas\Downloads\Chalearn\first-impressions\test\fsLf6Xv_Gbk.003.mp4,test
C:\Users\athas\Downloads\Chalearn\first-impressions\test\Ft0ahViXZPc.004.mp4,test
C:\Users\athas\Downloads\Chalearn\first-impressions\test\FTk2SCmJI_w.002.mp4,test
C:\Users\athas\Downloads\Chalearn\first-impressions\test\fTpemcfElxI.002.mp4,test
C:\Users\athas\Downloads\Chalearn\first-impressions\test\FU1ak530DDo.002.mp4,test
C:\Users\athas\Downloads\Chalearn\first-impressions\test\FU1ak530DDo.005.mp4,test
C:\Users\athas\Downloads\Chalearn\first-impressions\test\fUf2XzWpSVo.002.mp4,test
C:\Users\athas\Downloads\Chalearn\first-impressions\test\fv5lLeyRdd4.003.mp4,test
C:\Users\athas\Downloads\Chalearn\first-impressions\test\fwJykIyvS04.003.mp4,test
C:\Users\athas\Downloads\Chalearn\first-impressions\test\fwJykIyvS04.004.mp4,test
C:\Users\athas\Downloads\Chalearn\first-impressions\test\FxVUG2R1y0Q.002.mp4,test
C:\Users\athas\Downloads\Chalearn\first-impressions\test\FxVUG2R1y0Q.005.mp4,test
C:\Users\athas\Downloads\Chalearn\first-impressions\test\fY4tctYZTz8.002.mp4,test
C:\Users\athas\Downloads\Chalearn\first-impressions\test\fyXiORXmWHs.000.mp4,test
C:\Users\athas\Downloads\Chalearn\first-impressions\test\fyXiORXmWHs.001.mp4,test
C:\Users\athas\Downloads\Chalearn\first-impressions\test\fyXiORXmWHs.005.mp4,test
C:\Users\athas\Downloads\Chalearn\first-impressions\test\f_mEEFFeh-0.004.mp4,test
C:\Users\athas\Downloads\Chalearn\first-impressions\test\G-25EWOIGNs.003.mp4,test
C:\Users\athas\Downloads\Chalearn\first-impressions\test\g0PWBzU95sI.003.mp4,test
C:\Users\athas\Downloads\Chalearn\first-impressions\test\g1TMjzZH8bw.003.mp4,test
C:\Users\athas\Downloads\Chalearn\first-impressions\test\g1TMjzZH8bw.005.mp4,test
C:\Users\athas\Downloads\Chalearn\first-impressions\test\g24JGYuT74A.004.mp4,test
C:\Users\athas\Downloads\Chalearn\first-impressions\test\G2D3qU6R_YA.000.mp4,test
C:\Users\athas\Downloads\Chalearn\first-impressions\test\G2D3qU6R_YA.003.mp4,test
C:\Users\athas\Downloads\Chalearn\first-impressions\test\G7hYffrZ1Hc.002.mp4,test
C:\Users\athas\Downloads\Chalearn\first-impressions\test\g9zgIN56MnQ.000.mp4,test
C:\Users\athas\Downloads\Chalearn\first-impressions\test\GaUs3UUUtmw.003.mp4,test
C:\Users\athas\Downloads\Chalearn\first-impressions\test\GaUs3UUUtmw.004.mp4,test
C:\Users\athas\Downloads\Chalearn\first-impressions\test\gAWA-fcIa_M.000.mp4,test
C:\Users\athas\Downloads\Chalearn\first-impressions\test\gCLfduV3Phw.000.mp4,test
C:\Users\athas\Downloads\Chalearn\first-impressions\test\gCQT7zfS7sI.004.mp4,test
C:\Users\athas\Downloads\Chalearn\first-impressions\test\GcuoyJPO-KU.000.mp4,test
C:\Users\athas\Downloads\Chalearn\first-impressions\test\GcuoyJPO-KU.005.mp4,test
C:\Users\athas\Downloads\Chalearn\first-impressions\test\Gdrgw7Z6tLg.001.mp4,test
C:\Users\athas\Downloads\Chalearn\first-impressions\test\gFEntQ_UKvk.004.mp4,test
C:\Users\athas\Downloads\Chalearn\first-impressions\test\GG9WPQLI_rg.002.mp4,test
C:\Users\athas\Downloads\Chalearn\first-impressions\test\GG9WPQLI_rg.003.mp4,test
C:\Users\athas\Downloads\Chalearn\first-impressions\test\gGyV-rc-sKE.003.mp4,test
C:\Users\athas\Downloads\Chalearn\first-impressions\test\GHetseJP358.000.mp4,test
C:\Users\athas\Downloads\Chalearn\first-impressions\test\GiILhJbj5JI.004.mp4,test
C:\Users\athas\Downloads\Chalearn\first-impressions\test\GiILhJbj5JI.005.mp4,test
C:\Users\athas\Downloads\Chalearn\first-impressions\test\GJ0uTtD3kSg.000.mp4,test
C:\Users\athas\Downloads\Chalearn\first-impressions\test\gj3-xvhPeWg.004.mp4,test
C:\Users\athas\Downloads\Chalearn\first-impressions\test\gJPlOShvaoI.002.mp4,test
C:\Users\athas\Downloads\Chalearn\first-impressions\test\Gk94xrcmFts.001.mp4,test
C:\Users\athas\Downloads\Chalearn\first-impressions\test\gkhbUDIK-YM.001.mp4,test
C:\Users\athas\Downloads\Chalearn\first-impressions\test\gkhbUDIK-YM.002.mp4,test
C:\Users\athas\Downloads\Chalearn\first-impressions\test\GkPz3-y6Les.000.mp4,test
C:\Users\athas\Downloads\Chalearn\first-impressions\test\Gl93Hw1A2kY.000.mp4,test
C:\Users\athas\Downloads\Chalearn\first-impressions\test\Gl93Hw1A2kY.001.mp4,test
C:\Users\athas\Downloads\Chalearn\first-impressions\test\glgfB3vFewc.004.mp4,test
C:\Users\athas\Downloads\Chalearn\first-impressions\test\gngqDNTAXnI.001.mp4,test
C:\Users\athas\Downloads\Chalearn\first-impressions\test\GO6s-qDADuU.001.mp4,test
C:\Users\athas\Downloads\Chalearn\first-impressions\test\gOS-CneQsxI.001.mp4,test
C:\Users\athas\Downloads\Chalearn\first-impressions\test\GQczMGrVgbc.004.mp4,test
C:\Users\athas\Downloads\Chalearn\first-impressions\test\GqFpXstFUZI.001.mp4,test
C:\Users\athas\Downloads\Chalearn\first-impressions\test\GquB5W7bzFo.004.mp4,test
C:\Users\athas\Downloads\Chalearn\first-impressions\test\GR-P1m_Yvm0.003.mp4,test
C:\Users\athas\Downloads\Chalearn\first-impressions\test\GR-P1m_Yvm0.004.mp4,test
C:\Users\athas\Downloads\Chalearn\first-impressions\test\Gtq5nfRlRx8.002.mp4,test
C:\Users\athas\Downloads\Chalearn\first-impressions\test\Gvdh94z-SoM.000.mp4,test
C:\Users\athas\Downloads\Chalearn\first-impressions\test\Gvdh94z-SoM.001.mp4,test
C:\Users\athas\Downloads\Chalearn\first-impressions\test\Gvdh94z-SoM.003.mp4,test
C:\Users\athas\Downloads\Chalearn\first-impressions\test\Gvdh94z-SoM.005.mp4,test
C:\Users\athas\Downloads\Chalearn\first-impressions\test\gWCgqVn3m3k.003.mp4,test
C:\Users\athas\Downloads\Chalearn\first-impressions\test\gX20EUUZc9M.003.mp4,test
C:\Users\athas\Downloads\Chalearn\first-impressions\test\GyLjVOVPGKQ.000.mp4,test
C:\Users\athas\Downloads\Chalearn\first-impressions\test\GyLjVOVPGKQ.002.mp4,test
C:\Users\athas\Downloads\Chalearn\first-impressions\test\gZzB49daFfA.001.mp4,test
C:\Users\athas\Downloads\Chalearn\first-impressions\test\gZzB49daFfA.004.mp4,test
C:\Users\athas\Downloads\Chalearn\first-impressions\test\g_UeE-1ghtQ.000.mp4,test
C:\Users\athas\Downloads\Chalearn\first-impressions\test\h6LOjpCRXtY.000.mp4,test
C:\Users\athas\Downloads\Chalearn\first-impressions\test\h6LOjpCRXtY.002.mp4,test
C:\Users\athas\Downloads\Chalearn\first-impressions\test\H6yu96w7tUc.001.mp4,test
C:\Users\athas\Downloads\Chalearn\first-impressions\test\H6yu96w7tUc.003.mp4,test
C:\Users\athas\Downloads\Chalearn\first-impressions\test\H6yu96w7tUc.004.mp4,test
C:\Users\athas\Downloads\Chalearn\first-impressions\test\h9jIdLBaMEo.003.mp4,test
C:\Users\athas\Downloads\Chalearn\first-impressions\test\hDqsuyVeWmw.001.mp4,test
C:\Users\athas\Downloads\Chalearn\first-impressions\test\heE4ZZXwehI.001.mp4,test
C:\Users\athas\Downloads\Chalearn\first-impressions\test\heE4ZZXwehI.003.mp4,test
C:\Users\athas\Downloads\Chalearn\first-impressions\test\heE4ZZXwehI.005.mp4,test
C:\Users\athas\Downloads\Chalearn\first-impressions\test\HEHMW0uiFa4.001.mp4,test
C:\Users\athas\Downloads\Chalearn\first-impressions\test\HekcZ0Em60E.001.mp4,test
C:\Users\athas\Downloads\Chalearn\first-impressions\test\HH03EXo0TB0.005.mp4,test
C:\Users\athas\Downloads\Chalearn\first-impressions\test\HhC2cGFFZeY.003.mp4,test
C:\Users\athas\Downloads\Chalearn\first-impressions\test\hhdoeK8SsiI.004.mp4,test
C:\Users\athas\Downloads\Chalearn\first-impressions\test\hI-wCYzV8xs.002.mp4,test
C:\Users\athas\Downloads\Chalearn\first-impressions\test\hIFNZ_ycngg.000.mp4,test
C:\Users\athas\Downloads\Chalearn\first-impressions\test\hIxLNK_x_QA.001.mp4,test
C:\Users\athas\Downloads\Chalearn\first-impressions\test\hIxLNK_x_QA.003.mp4,test
C:\Users\athas\Downloads\Chalearn\first-impressions\test\HJkoeB_F4c4.004.mp4,test
C:\Users\athas\Downloads\Chalearn\first-impressions\test\Hklc55y7vUI.003.mp4,test
C:\Users\athas\Downloads\Chalearn\first-impressions\test\HkqPfxphZsE.000.mp4,test
C:\Users\athas\Downloads\Chalearn\first-impressions\test\HL-K_PZXFR4.003.mp4,test
C:\Users\athas\Downloads\Chalearn\first-impressions\test\hl70w5drc_4.005.mp4,test
C:\Users\athas\Downloads\Chalearn\first-impressions\test\Hm5K_K0v718.002.mp4,test
C:\Users\athas\Downloads\Chalearn\first-impressions\test\hM96SfN5_F4.001.mp4,test
C:\Users\athas\Downloads\Chalearn\first-impressions\test\hmcLIjG-hS8.000.mp4,test
C:\Users\athas\Downloads\Chalearn\first-impressions\test\hmTY4CubpiE.005.mp4,test
C:\Users\athas\Downloads\Chalearn\first-impressions\test\hmy9XEvT2v4.002.mp4,test
C:\Users\athas\Downloads\Chalearn\first-impressions\test\hmy9XEvT2v4.003.mp4,test
C:\Users\athas\Downloads\Chalearn\first-impressions\test\hnWMsZEQWt4.004.mp4,test
C:\Users\athas\Downloads\Chalearn\first-impressions\test\hnWMsZEQWt4.005.mp4,test
C:\Users\athas\Downloads\Chalearn\first-impressions\test\HoJXPFp9hYo.001.mp4,test
C:\Users\athas\Downloads\Chalearn\first-impressions\test\HoJXPFp9hYo.002.mp4,test
C:\Users\athas\Downloads\Chalearn\first-impressions\test\HPEemWelY1E.005.mp4,test
C:\Users\athas\Downloads\Chalearn\first-impressions\test\hPguTv1Zvg8.000.mp4,test
C:\Users\athas\Downloads\Chalearn\first-impressions\test\hPguTv1Zvg8.005.mp4,test
C:\Users\athas\Downloads\Chalearn\first-impressions\test\hqe-8SMJGmc.001.mp4,test
C:\Users\athas\Downloads\Chalearn\first-impressions\test\hquzfo9MVDo.000.mp4,test
C:\Users\athas\Downloads\Chalearn\first-impressions\test\hquzfo9MVDo.005.mp4,test
C:\Users\athas\Downloads\Chalearn\first-impressions\test\hrat_RJczFM.003.mp4,test
C:\Users\athas\Downloads\Chalearn\first-impressions\test\hrat_RJczFM.005.mp4,test
C:\Users\athas\Downloads\Chalearn\first-impressions\test\hspeWl-Bip0.001.mp4,test
C:\Users\athas\Downloads\Chalearn\first-impressions\test\hsXn0N8bAYs.000.mp4,test
C:\Users\athas\Downloads\Chalearn\first-impressions\test\HTF8k56_Oxo.000.mp4,test
C:\Users\athas\Downloads\Chalearn\first-impressions\test\htH89DBizno.004.mp4,test
C:\Users\athas\Downloads\Chalearn\first-impressions\test\HUHFlCs3YJ8.002.mp4,test
C:\Users\athas\Downloads\Chalearn\first-impressions\test\HWuh0biZQ_c.005.mp4,test
C:\Users\athas\Downloads\Chalearn\first-impressions\test\hX2TVefa5bQ.003.mp4,test
C:\Users\athas\Downloads\Chalearn\first-impressions\test\hX2TVefa5bQ.004.mp4,test
C:\Users\athas\Downloads\Chalearn\first-impressions\test\h_kjgcJ_bqU.001.mp4,test
C:\Users\athas\Downloads\Chalearn\first-impressions\test\i1gouUmZumY.000.mp4,test
C:\Users\athas\Downloads\Chalearn\first-impressions\test\I5x9T9ftW18.001.mp4,test
C:\Users\athas\Downloads\Chalearn\first-impressions\test\I5x9T9ftW18.003.mp4,test
C:\Users\athas\Downloads\Chalearn\first-impressions\test\ibawV2tqKug.000.mp4,test
C:\Users\athas\Downloads\Chalearn\first-impressions\test\idsEawKW4X8.002.mp4,test
C:\Users\athas\Downloads\Chalearn\first-impressions\test\Ie2y_yOeKpo.000.mp4,test
C:\Users\athas\Downloads\Chalearn\first-impressions\test\Ie2y_yOeKpo.002.mp4,test
C:\Users\athas\Downloads\Chalearn\first-impressions\test\iEgV9E3xm90.004.mp4,test
C:\Users\athas\Downloads\Chalearn\first-impressions\test\IFF47jVKMj8.005.mp4,test
C:\Users\athas\Downloads\Chalearn\first-impressions\test\iFSF6v3xw_k.003.mp4,test
C:\Users\athas\Downloads\Chalearn\first-impressions\test\IFXaH_E54iA.000.mp4,test
C:\Users\athas\Downloads\Chalearn\first-impressions\test\IFXaH_E54iA.003.mp4,test
C:\Users\athas\Downloads\Chalearn\first-impressions\test\IGjI8aP14gg.000.mp4,test
C:\Users\athas\Downloads\Chalearn\first-impressions\test\ihA8DzHWyiU.000.mp4,test
C:\Users\athas\Downloads\Chalearn\first-impressions\test\ihEFzP5S57g.002.mp4,test
C:\Users\athas\Downloads\Chalearn\first-impressions\test\ihmTGSMvQM4.001.mp4,test
C:\Users\athas\Downloads\Chalearn\first-impressions\test\ihmTGSMvQM4.003.mp4,test
C:\Users\athas\Downloads\Chalearn\first-impressions\test\ikCqtEGQbrg.002.mp4,test
C:\Users\athas\Downloads\Chalearn\first-impressions\test\IL5VgGakSNw.001.mp4,test
C:\Users\athas\Downloads\Chalearn\first-impressions\test\IL5VgGakSNw.002.mp4,test
C:\Users\athas\Downloads\Chalearn\first-impressions\test\IL5VgGakSNw.004.mp4,test
C:\Users\athas\Downloads\Chalearn\first-impressions\test\iL6lNdRS0ZU.003.mp4,test
C:\Users\athas\Downloads\Chalearn\first-impressions\test\iL6lNdRS0ZU.005.mp4,test
C:\Users\athas\Downloads\Chalearn\first-impressions\test\ilOi-sQo9HI.002.mp4,test
C:\Users\athas\Downloads\Chalearn\first-impressions\test\ilOi-sQo9HI.004.mp4,test
C:\Users\athas\Downloads\Chalearn\first-impressions\test\in-HuMgiDCE.005.mp4,test
C:\Users\athas\Downloads\Chalearn\first-impressions\test\io0aNQE8En8.001.mp4,test
C:\Users\athas\Downloads\Chalearn\first-impressions\test\ioaBnmfoHgo.005.mp4,test
C:\Users\athas\Downloads\Chalearn\first-impressions\test\ipP--IqIuWU.004.mp4,test
C:\Users\athas\Downloads\Chalearn\first-impressions\test\IP_Smb0hVSw.002.mp4,test
C:\Users\athas\Downloads\Chalearn\first-impressions\test\IP_Smb0hVSw.004.mp4,test
C:\Users\athas\Downloads\Chalearn\first-impressions\test\IQNNEfYYYiw.000.mp4,test
C:\Users\athas\Downloads\Chalearn\first-impressions\test\IQNNEfYYYiw.001.mp4,test
C:\Users\athas\Downloads\Chalearn\first-impressions\test\IQNNEfYYYiw.004.mp4,test
C:\Users\athas\Downloads\Chalearn\first-impressions\test\iqs7mZbg5UI.000.mp4,test
C:\Users\athas\Downloads\Chalearn\first-impressions\test\iQvoDdxt06M.002.mp4,test
C:\Users\athas\Downloads\Chalearn\first-impressions\test\isaP2l3rlBQ.002.mp4,test
C:\Users\athas\Downloads\Chalearn\first-impressions\test\isaP2l3rlBQ.003.mp4,test
C:\Users\athas\Downloads\Chalearn\first-impressions\test\isaP2l3rlBQ.004.mp4,test
C:\Users\athas\Downloads\Chalearn\first-impressions\test\isqmQc9AfBc.002.mp4,test
C:\Users\athas\Downloads\Chalearn\first-impressions\test\isqmQc9AfBc.004.mp4,test
C:\Users\athas\Downloads\Chalearn\first-impressions\test\It0-yCwOc5k.001.mp4,test
C:\Users\athas\Downloads\Chalearn\first-impressions\test\ItkIHtgVhIk.002.mp4,test
C:\Users\athas\Downloads\Chalearn\first-impressions\test\ItkIHtgVhIk.003.mp4,test
C:\Users\athas\Downloads\Chalearn\first-impressions\test\itQ2wSlXqCw.003.mp4,test
C:\Users\athas\Downloads\Chalearn\first-impressions\test\IV01x2GS61g.001.mp4,test
C:\Users\athas\Downloads\Chalearn\first-impressions\test\IV01x2GS61g.004.mp4,test
C:\Users\athas\Downloads\Chalearn\first-impressions\test\IveGfOJ86wY.003.mp4,test
C:\Users\athas\Downloads\Chalearn\first-impressions\test\IveGfOJ86wY.005.mp4,test
C:\Users\athas\Downloads\Chalearn\first-impressions\test\iVtaXNWqFac.001.mp4,test
C:\Users\athas\Downloads\Chalearn\first-impressions\test\iWyAQkMVNfM.005.mp4,test
C:\Users\athas\Downloads\Chalearn\first-impressions\test\ixPqs7L8oAE.001.mp4,test
C:\Users\athas\Downloads\Chalearn\first-impressions\test\Iy7rcTk7KsQ.000.mp4,test
C:\Users\athas\Downloads\Chalearn\first-impressions\test\IyBCZySg-c4.004.mp4,test
C:\Users\athas\Downloads\Chalearn\first-impressions\test\IzsP0TRzFbo.000.mp4,test
C:\Users\athas\Downloads\Chalearn\first-impressions\test\IzsP0TRzFbo.001.mp4,test
C:\Users\athas\Downloads\Chalearn\first-impressions\test\j-9NUiMYbos.001.mp4,test
C:\Users\athas\Downloads\Chalearn\first-impressions\test\J0JrzUmZGcA.000.mp4,test
C:\Users\athas\Downloads\Chalearn\first-impressions\test\j1idNSoB7tA.005.mp4,test
C:\Users\athas\Downloads\Chalearn\first-impressions\test\J28DwJsK8Do.001.mp4,test
C:\Users\athas\Downloads\Chalearn\first-impressions\test\J30sMEMrKjA.003.mp4,test
C:\Users\athas\Downloads\Chalearn\first-impressions\test\J4GQm9j0JZ0.004.mp4,test
C:\Users\athas\Downloads\Chalearn\first-impressions\test\j5fXaXrNPoA.002.mp4,test
C:\Users\athas\Downloads\Chalearn\first-impressions\test\j6d-KRDXnUI.002.mp4,test
C:\Users\athas\Downloads\Chalearn\first-impressions\test\j6d-KRDXnUI.004.mp4,test
C:\Users\athas\Downloads\Chalearn\first-impressions\test\j6d-KRDXnUI.005.mp4,test
C:\Users\athas\Downloads\Chalearn\first-impressions\test\J6RHl6U6Jcw.002.mp4,test
C:\Users\athas\Downloads\Chalearn\first-impressions\test\J6RHl6U6Jcw.003.mp4,test
C:\Users\athas\Downloads\Chalearn\first-impressions\test\j6Rvmjjp7pU.001.mp4,test
C:\Users\athas\Downloads\Chalearn\first-impressions\test\j7VLzb0qw8Q.000.mp4,test
C:\Users\athas\Downloads\Chalearn\first-impressions\test\j7VLzb0qw8Q.005.mp4,test
C:\Users\athas\Downloads\Chalearn\first-impressions\test\J8N2OCqM6N0.002.mp4,test
C:\Users\athas\Downloads\Chalearn\first-impressions\test\J8N2OCqM6N0.003.mp4,test
C:\Users\athas\Downloads\Chalearn\first-impressions\test\J8N2OCqM6N0.004.mp4,test
C:\Users\athas\Downloads\Chalearn\first-impressions\test\J8YpOUmN_aI.002.mp4,test
C:\Users\athas\Downloads\Chalearn\first-impressions\test\J8YpOUmN_aI.004.mp4,test
C:\Users\athas\Downloads\Chalearn\first-impressions\test\J9MfhPoJOaw.000.mp4,test
C:\Users\athas\Downloads\Chalearn\first-impressions\test\J9WyswA0vow.000.mp4,test
C:\Users\athas\Downloads\Chalearn\first-impressions\test\J9WyswA0vow.005.mp4,test
C:\Users\athas\Downloads\Chalearn\first-impressions\test\JbXgnjVWEoM.000.mp4,test
C:\Users\athas\Downloads\Chalearn\first-impressions\test\JbXgnjVWEoM.003.mp4,test
C:\Users\athas\Downloads\Chalearn\first-impressions\test\Jcw9NZkMn6I.000.mp4,test
C:\Users\athas\Downloads\Chalearn\first-impressions\test\Jcw9NZkMn6I.003.mp4,test
C:\Users\athas\Downloads\Chalearn\first-impressions\test\jd9_8OPxM3A.000.mp4,test
C:\Users\athas\Downloads\Chalearn\first-impressions\test\jd9_8OPxM3A.005.mp4,test
C:\Users\athas\Downloads\Chalearn\first-impressions\test\JduPstuHv5A.002.mp4,test
C:\Users\athas\Downloads\Chalearn\first-impressions\test\Jf8lqSpAjZ8.005.mp4,test
C:\Users\athas\Downloads\Chalearn\first-impressions\test\jFx6AEw6viQ.001.mp4,test
C:\Users\athas\Downloads\Chalearn\first-impressions\test\jFx6AEw6viQ.003.mp4,test
C:\Users\athas\Downloads\Chalearn\first-impressions\test\Jh8yMyNZkuo.000.mp4,test
C:\Users\athas\Downloads\Chalearn\first-impressions\test\JJs_HTelie4.000.mp4,test
C:\Users\athas\Downloads\Chalearn\first-impressions\test\JJxLsbLQlIE.001.mp4,test
C:\Users\athas\Downloads\Chalearn\first-impressions\test\JJxLsbLQlIE.002.mp4,test
C:\Users\athas\Downloads\Chalearn\first-impressions\test\JJxLsbLQlIE.003.mp4,test
C:\Users\athas\Downloads\Chalearn\first-impressions\test\jlDYn537Pd0.000.mp4,test
C:\Users\athas\Downloads\Chalearn\first-impressions\test\jlDYn537Pd0.003.mp4,test
C:\Users\athas\Downloads\Chalearn\first-impressions\test\jlDYn537Pd0.005.mp4,test
C:\Users\athas\Downloads\Chalearn\first-impressions\test\jlHKgXrxCu8.005.mp4,test
C:\Users\athas\Downloads\Chalearn\first-impressions\test\JmAQlC-FEV8.000.mp4,test
C:\Users\athas\Downloads\Chalearn\first-impressions\test\JmAQlC-FEV8.002.mp4,test
C:\Users\athas\Downloads\Chalearn\first-impressions\test\jmbAPNTJ3Vk.004.mp4,test
C:\Users\athas\Downloads\Chalearn\first-impressions\test\Jn76eAPxjNA.001.mp4,test
C:\Users\athas\Downloads\Chalearn\first-impressions\test\JO44XCaQGVY.001.mp4,test
C:\Users\athas\Downloads\Chalearn\first-impressions\test\Jog1-pYOSD0.004.mp4,test
C:\Users\athas\Downloads\Chalearn\first-impressions\test\JoQRNgGQCgY.001.mp4,test
C:\Users\athas\Downloads\Chalearn\first-impressions\test\jOTlJwOBSd4.001.mp4,test
C:\Users\athas\Downloads\Chalearn\first-impressions\test\jpPZVmzleAo.000.mp4,test
C:\Users\athas\Downloads\Chalearn\first-impressions\test\jQRFHBVs0dA.002.mp4,test
C:\Users\athas\Downloads\Chalearn\first-impressions\test\jrhvXPaXo-0.003.mp4,test
C:\Users\athas\Downloads\Chalearn\first-impressions\test\jrhvXPaXo-0.004.mp4,test
C:\Users\athas\Downloads\Chalearn\first-impressions\test\jrH_Pj-X0fs.004.mp4,test
C:\Users\athas\Downloads\Chalearn\first-impressions\test\JRqhE9jsamU.000.mp4,test
C:\Users\athas\Downloads\Chalearn\first-impressions\test\JSEx8RqGcPs.003.mp4,test
C:\Users\athas\Downloads\Chalearn\first-impressions\test\JSmYRIDgryI.001.mp4,test
C:\Users\athas\Downloads\Chalearn\first-impressions\test\jSw-grsJCnE.002.mp4,test
C:\Users\athas\Downloads\Chalearn\first-impressions\test\jub-AHFTH_g.001.mp4,test
C:\Users\athas\Downloads\Chalearn\first-impressions\test\jvHDFrgu9PA.002.mp4,test
C:\Users\athas\Downloads\Chalearn\first-impressions\test\jVSnAbEGKLM.000.mp4,test
C:\Users\athas\Downloads\Chalearn\first-impressions\test\jVSnAbEGKLM.001.mp4,test
C:\Users\athas\Downloads\Chalearn\first-impressions\test\jVSnAbEGKLM.002.mp4,test
C:\Users\athas\Downloads\Chalearn\first-impressions\test\jwbHWwySJW8.005.mp4,test
C:\Users\athas\Downloads\Chalearn\first-impressions\test\jwcSbw4NDn0.001.mp4,test
C:\Users\athas\Downloads\Chalearn\first-impressions\test\jxoOEkSq0uM.002.mp4,test
C:\Users\athas\Downloads\Chalearn\first-impressions\test\jxt1W2WRNHQ.001.mp4,test
C:\Users\athas\Downloads\Chalearn\first-impressions\test\Jy716zClCKs.004.mp4,test
C:\Users\athas\Downloads\Chalearn\first-impressions\test\JZNMxa3OKHY.000.mp4,test
C:\Users\athas\Downloads\Chalearn\first-impressions\test\JzS1ZJGBd5A.000.mp4,test
C:\Users\athas\Downloads\Chalearn\first-impressions\test\K-iwJMxjyx4.002.mp4,test
C:\Users\athas\Downloads\Chalearn\first-impressions\test\k4QmzZuQl9s.001.mp4,test
C:\Users\athas\Downloads\Chalearn\first-impressions\test\k7-dMNJDc-w.001.mp4,test
C:\Users\athas\Downloads\Chalearn\first-impressions\test\k99PI3FGEj0.001.mp4,test
C:\Users\athas\Downloads\Chalearn\first-impressions\test\K9h_wA30XgM.003.mp4,test
C:\Users\athas\Downloads\Chalearn\first-impressions\test\K9h_wA30XgM.004.mp4,test
C:\Users\athas\Downloads\Chalearn\first-impressions\test\K9ZTOb6PbfQ.001.mp4,test
C:\Users\athas\Downloads\Chalearn\first-impressions\test\KafUbLs_Fl8.000.mp4,test
C:\Users\athas\Downloads\Chalearn\first-impressions\test\kAjvzIWWrWA.000.mp4,test
C:\Users\athas\Downloads\Chalearn\first-impressions\test\kAjvzIWWrWA.004.mp4,test
C:\Users\athas\Downloads\Chalearn\first-impressions\test\kDJigDGDJTo.002.mp4,test
C:\Users\athas\Downloads\Chalearn\first-impressions\test\kdPRPO3wgg0.005.mp4,test
C:\Users\athas\Downloads\Chalearn\first-impressions\test\KDwpjQiIfjY.004.mp4,test
C:\Users\athas\Downloads\Chalearn\first-impressions\test\keW8-eSiQ70.000.mp4,test
C:\Users\athas\Downloads\Chalearn\first-impressions\test\kFak4VnRnRM.000.mp4,test
C:\Users\athas\Downloads\Chalearn\first-impressions\test\Kga18VO9VwY.004.mp4,test
C:\Users\athas\Downloads\Chalearn\first-impressions\test\KGRUaRe3r7I.004.mp4,test
C:\Users\athas\Downloads\Chalearn\first-impressions\test\KH1PIMlztec.000.mp4,test
C:\Users\athas\Downloads\Chalearn\first-impressions\test\KhMsmtSC5Lg.002.mp4,test
C:\Users\athas\Downloads\Chalearn\first-impressions\test\KHQJhOzdrYo.001.mp4,test
C:\Users\athas\Downloads\Chalearn\first-impressions\test\KIJ9IYETe38.004.mp4,test
C:\Users\athas\Downloads\Chalearn\first-impressions\test\KJ643kfjqLY.000.mp4,test
C:\Users\athas\Downloads\Chalearn\first-impressions\test\kJLeYUobR0M.003.mp4,test
C:\Users\athas\Downloads\Chalearn\first-impressions\test\kK4QL7pOrhs.001.mp4,test
C:\Users\athas\Downloads\Chalearn\first-impressions\test\kK534gUcRF4.000.mp4,test
C:\Users\athas\Downloads\Chalearn\first-impressions\test\kKRc2aXzQyM.001.mp4,test
C:\Users\athas\Downloads\Chalearn\first-impressions\test\kL-CeaXG9jM.005.mp4,test
C:\Users\athas\Downloads\Chalearn\first-impressions\test\KLY518hfGhU.002.mp4,test
C:\Users\athas\Downloads\Chalearn\first-impressions\test\KLY518hfGhU.003.mp4,test
C:\Users\athas\Downloads\Chalearn\first-impressions\test\KM6Nc_VipyQ.000.mp4,test
C:\Users\athas\Downloads\Chalearn\first-impressions\test\KmHe8urs3LI.001.mp4,test
C:\Users\athas\Downloads\Chalearn\first-impressions\test\KmHe8urs3LI.004.mp4,test
C:\Users\athas\Downloads\Chalearn\first-impressions\test\kN9cs2nFhM4.001.mp4,test
C:\Users\athas\Downloads\Chalearn\first-impressions\test\KnbEca4Ibwk.003.mp4,test
C:\Users\athas\Downloads\Chalearn\first-impressions\test\KnbEca4Ibwk.004.mp4,test
C:\Users\athas\Downloads\Chalearn\first-impressions\test\knK0zyX8bS4.001.mp4,test
C:\Users\athas\Downloads\Chalearn\first-impressions\test\KNOHhnRMpSw.004.mp4,test
C:\Users\athas\Downloads\Chalearn\first-impressions\test\knpgk7LAMb0.003.mp4,test
C:\Users\athas\Downloads\Chalearn\first-impressions\test\knpgk7LAMb0.004.mp4,test
C:\Users\athas\Downloads\Chalearn\first-impressions\test\KNx7_ajRwDI.002.mp4,test
C:\Users\athas\Downloads\Chalearn\first-impressions\test\KNx7_ajRwDI.004.mp4,test
C:\Users\athas\Downloads\Chalearn\first-impressions\test\KNx7_ajRwDI.005.mp4,test
C:\Users\athas\Downloads\Chalearn\first-impressions\test\kPife9TY9Pw.004.mp4,test
C:\Users\athas\Downloads\Chalearn\first-impressions\test\KpTHRBaYny8.003.mp4,test
C:\Users\athas\Downloads\Chalearn\first-impressions\test\KpTHRBaYny8.004.mp4,test
C:\Users\athas\Downloads\Chalearn\first-impressions\test\kPXVZD3ac8s.001.mp4,test
C:\Users\athas\Downloads\Chalearn\first-impressions\test\kQ8HhrysfaA.002.mp4,test
C:\Users\athas\Downloads\Chalearn\first-impressions\test\KRo-x2uoHUg.002.mp4,test
C:\Users\athas\Downloads\Chalearn\first-impressions\test\kSk-rf7a1Ig.005.mp4,test
C:\Users\athas\Downloads\Chalearn\first-impressions\test\KsToJAKi7xQ.001.mp4,test
C:\Users\athas\Downloads\Chalearn\first-impressions\test\KTdbKiGFzJY.001.mp4,test
C:\Users\athas\Downloads\Chalearn\first-impressions\test\KtY6C83o2rs.002.mp4,test
C:\Users\athas\Downloads\Chalearn\first-impressions\test\KueRj0rDWIE.004.mp4,test
C:\Users\athas\Downloads\Chalearn\first-impressions\test\kUpkeJDcxaE.005.mp4,test
C:\Users\athas\Downloads\Chalearn\first-impressions\test\Kv0kZgqZEM0.005.mp4,test
C:\Users\athas\Downloads\Chalearn\first-impressions\test\kV7MFI2_ddo.003.mp4,test
C:\Users\athas\Downloads\Chalearn\first-impressions\test\KVepk_9iPEU.000.mp4,test
C:\Users\athas\Downloads\Chalearn\first-impressions\test\KVepk_9iPEU.001.mp4,test
C:\Users\athas\Downloads\Chalearn\first-impressions\test\kX-o1qmgWvc.003.mp4,test
C:\Users\athas\Downloads\Chalearn\first-impressions\test\KYkfjIZEScM.000.mp4,test
C:\Users\athas\Downloads\Chalearn\first-impressions\test\KYkfjIZEScM.002.mp4,test
C:\Users\athas\Downloads\Chalearn\first-impressions\test\KYvMsMLNGvY.001.mp4,test
C:\Users\athas\Downloads\Chalearn\first-impressions\test\KYvMsMLNGvY.002.mp4,test
C:\Users\athas\Downloads\Chalearn\first-impressions\test\KYvMsMLNGvY.004.mp4,test
C:\Users\athas\Downloads\Chalearn\first-impressions\test\kY_4WyAXxrQ.001.mp4,test
C:\Users\athas\Downloads\Chalearn\first-impressions\test\kY_4WyAXxrQ.002.mp4,test
C:\Users\athas\Downloads\Chalearn\first-impressions\test\L-C1blPD_ec.003.mp4,test
C:\Users\athas\Downloads\Chalearn\first-impressions\test\L-rmZZP_wj8.001.mp4,test
C:\Users\athas\Downloads\Chalearn\first-impressions\test\L-rmZZP_wj8.005.mp4,test
C:\Users\athas\Downloads\Chalearn\first-impressions\test\l-WgXcGLdZk.001.mp4,test
C:\Users\athas\Downloads\Chalearn\first-impressions\test\l0qApUuiDjo.000.mp4,test
C:\Users\athas\Downloads\Chalearn\first-impressions\test\l3IoZ_QmOQo.003.mp4,test
C:\Users\athas\Downloads\Chalearn\first-impressions\test\l3IoZ_QmOQo.005.mp4,test
C:\Users\athas\Downloads\Chalearn\first-impressions\test\L4uFD6434Pc.000.mp4,test
C:\Users\athas\Downloads\Chalearn\first-impressions\test\L5kpy0SA7os.001.mp4,test
C:\Users\athas\Downloads\Chalearn\first-impressions\test\L5kpy0SA7os.004.mp4,test
C:\Users\athas\Downloads\Chalearn\first-impressions\test\L5PkZA1ErYY.003.mp4,test
C:\Users\athas\Downloads\Chalearn\first-impressions\test\l7U3YDIOE_s.004.mp4,test
C:\Users\athas\Downloads\Chalearn\first-impressions\test\l7U3YDIOE_s.005.mp4,test
C:\Users\athas\Downloads\Chalearn\first-impressions\test\L9sG80PI1Gw.000.mp4,test
C:\Users\athas\Downloads\Chalearn\first-impressions\test\LBKbubsgpE8.000.mp4,test
C:\Users\athas\Downloads\Chalearn\first-impressions\test\LBKbubsgpE8.002.mp4,test
C:\Users\athas\Downloads\Chalearn\first-impressions\test\LBKbubsgpE8.004.mp4,test
C:\Users\athas\Downloads\Chalearn\first-impressions\test\LBrmHHzyIiY.004.mp4,test
C:\Users\athas\Downloads\Chalearn\first-impressions\test\ld7mBR4v3yU.004.mp4,test
C:\Users\athas\Downloads\Chalearn\first-impressions\test\Ld8ouPJpdDU.000.mp4,test
C:\Users\athas\Downloads\Chalearn\first-impressions\test\LeQKH1vAVpg.002.mp4,test
C:\Users\athas\Downloads\Chalearn\first-impressions\test\lErjGxBb1Bk.001.mp4,test
C:\Users\athas\Downloads\Chalearn\first-impressions\test\leslBYwG8kc.001.mp4,test
C:\Users\athas\Downloads\Chalearn\first-impressions\test\lFzrVSbp254.001.mp4,test
C:\Users\athas\Downloads\Chalearn\first-impressions\test\LGdzP-r_G3U.000.mp4,test
C:\Users\athas\Downloads\Chalearn\first-impressions\test\LGgx7RVdL2Y.003.mp4,test
C:\Users\athas\Downloads\Chalearn\first-impressions\test\LGPm8ok6kVo.000.mp4,test
C:\Users\athas\Downloads\Chalearn\first-impressions\test\liRQoL7SsPw.005.mp4,test
C:\Users\athas\Downloads\Chalearn\first-impressions\test\Lj1WuMXFa-4.003.mp4,test
C:\Users\athas\Downloads\Chalearn\first-impressions\test\Lj1WuMXFa-4.005.mp4,test
C:\Users\athas\Downloads\Chalearn\first-impressions\test\LKBoLbWHJYI.000.mp4,test
C:\Users\athas\Downloads\Chalearn\first-impressions\test\LKc69Et2Jg8.002.mp4,test
C:\Users\athas\Downloads\Chalearn\first-impressions\test\LKc69Et2Jg8.003.mp4,test
C:\Users\athas\Downloads\Chalearn\first-impressions\test\lkdQjIunxSE.004.mp4,test
C:\Users\athas\Downloads\Chalearn\first-impressions\test\lkeXyB-3Gs0.000.mp4,test
C:\Users\athas\Downloads\Chalearn\first-impressions\test\LKqN07ryM5I.000.mp4,test
C:\Users\athas\Downloads\Chalearn\first-impressions\test\LKqN07ryM5I.002.mp4,test
C:\Users\athas\Downloads\Chalearn\first-impressions\test\lLhd1Cs3XDU.001.mp4,test
C:\Users\athas\Downloads\Chalearn\first-impressions\test\lLObIVKYDUI.002.mp4,test
C:\Users\athas\Downloads\Chalearn\first-impressions\test\lLObIVKYDUI.003.mp4,test
C:\Users\athas\Downloads\Chalearn\first-impressions\test\LmA23EIaXqg.004.mp4,test
C:\Users\athas\Downloads\Chalearn\first-impressions\test\lNG_XdqMf0g.004.mp4,test
C:\Users\athas\Downloads\Chalearn\first-impressions\test\LNiiKncirQA.001.mp4,test
C:\Users\athas\Downloads\Chalearn\first-impressions\test\LP5N5uPfTdA.003.mp4,test
C:\Users\athas\Downloads\Chalearn\first-impressions\test\LRczShwIVbM.003.mp4,test
C:\Users\athas\Downloads\Chalearn\first-impressions\test\lShOveDL2dw.003.mp4,test
C:\Users\athas\Downloads\Chalearn\first-impressions\test\LSqijVxP0EM.003.mp4,test
C:\Users\athas\Downloads\Chalearn\first-impressions\test\lsXw8u4QXIU.002.mp4,test
C:\Users\athas\Downloads\Chalearn\first-impressions\test\lsXw8u4QXIU.004.mp4,test
C:\Users\athas\Downloads\Chalearn\first-impressions\test\Lt89YrQHF_w.003.mp4,test
C:\Users\athas\Downloads\Chalearn\first-impressions\test\luH2RoZW-eY.005.mp4,test
C:\Users\athas\Downloads\Chalearn\first-impressions\test\LWO2ZhalAEY.002.mp4,test
C:\Users\athas\Downloads\Chalearn\first-impressions\test\lxnV9X8T2Zc.002.mp4,test
C:\Users\athas\Downloads\Chalearn\first-impressions\test\lyznxF-Pj6g.003.mp4,test
C:\Users\athas\Downloads\Chalearn\first-impressions\test\lyZZSU1ziCQ.004.mp4,test
C:\Users\athas\Downloads\Chalearn\first-impressions\test\ly_0m16694Q.001.mp4,test
C:\Users\athas\Downloads\Chalearn\first-impressions\test\ly_0m16694Q.002.mp4,test
C:\Users\athas\Downloads\Chalearn\first-impressions\test\Lz3hYPF6aIM.001.mp4,test
C:\Users\athas\Downloads\Chalearn\first-impressions\test\Lz3hYPF6aIM.002.mp4,test
C:\Users\athas\Downloads\Chalearn\first-impressions\test\L_gmlaz-0s4.000.mp4,test
C:\Users\athas\Downloads\Chalearn\first-impressions\test\L_gmlaz-0s4.004.mp4,test
C:\Users\athas\Downloads\Chalearn\first-impressions\test\m-GLU7qAR28.001.mp4,test
C:\Users\athas\Downloads\Chalearn\first-impressions\test\m-GLU7qAR28.004.mp4,test
C:\Users\athas\Downloads\Chalearn\first-impressions\test\m0iznoJi8hw.000.mp4,test
C:\Users\athas\Downloads\Chalearn\first-impressions\test\m0iznoJi8hw.005.mp4,test
C:\Users\athas\Downloads\Chalearn\first-impressions\test\m0tNIKbEwHE.001.mp4,test
C:\Users\athas\Downloads\Chalearn\first-impressions\test\M17x1DCxFj4.000.mp4,test
C:\Users\athas\Downloads\Chalearn\first-impressions\test\M20gRMBy-4I.005.mp4,test
C:\Users\athas\Downloads\Chalearn\first-impressions\test\m2uxFfpb5xU.002.mp4,test
C:\Users\athas\Downloads\Chalearn\first-impressions\test\m2uxFfpb5xU.003.mp4,test
C:\Users\athas\Downloads\Chalearn\first-impressions\test\m2uxFfpb5xU.004.mp4,test
C:\Users\athas\Downloads\Chalearn\first-impressions\test\M39PNQ8Omhc.002.mp4,test
C:\Users\athas\Downloads\Chalearn\first-impressions\test\m5kTITzj1bY.003.mp4,test
C:\Users\athas\Downloads\Chalearn\first-impressions\test\m5kTITzj1bY.004.mp4,test
C:\Users\athas\Downloads\Chalearn\first-impressions\test\M5_x5J-H2I0.002.mp4,test
C:\Users\athas\Downloads\Chalearn\first-impressions\test\maDObxiOQRo.002.mp4,test
C:\Users\athas\Downloads\Chalearn\first-impressions\test\maDObxiOQRo.004.mp4,test
C:\Users\athas\Downloads\Chalearn\first-impressions\test\mBdVuEXRlfQ.005.mp4,test
C:\Users\athas\Downloads\Chalearn\first-impressions\test\mBJTwQsDC4M.005.mp4,test
C:\Users\athas\Downloads\Chalearn\first-impressions\test\MCr6FmFAhak.000.mp4,test
C:\Users\athas\Downloads\Chalearn\first-impressions\test\MDoZUDTSayc.004.mp4,test
C:\Users\athas\Downloads\Chalearn\first-impressions\test\me15sHPOjKo.003.mp4,test
C:\Users\athas\Downloads\Chalearn\first-impressions\test\me15sHPOjKo.004.mp4,test
C:\Users\athas\Downloads\Chalearn\first-impressions\test\me9kzWYVEoI.001.mp4,test
C:\Users\athas\Downloads\Chalearn\first-impressions\test\mEQBB6XsJFk.002.mp4,test
C:\Users\athas\Downloads\Chalearn\first-impressions\test\mEQBB6XsJFk.003.mp4,test
C:\Users\athas\Downloads\Chalearn\first-impressions\test\mfGhtr0zy3k.003.mp4,test
C:\Users\athas\Downloads\Chalearn\first-impressions\test\mFz5Fbs97QA.000.mp4,test
C:\Users\athas\Downloads\Chalearn\first-impressions\test\mFz5Fbs97QA.004.mp4,test
C:\Users\athas\Downloads\Chalearn\first-impressions\test\mFz5Fbs97QA.005.mp4,test
C:\Users\athas\Downloads\Chalearn\first-impressions\test\mhF4kYTlVUE.005.mp4,test
C:\Users\athas\Downloads\Chalearn\first-impressions\test\MI_GQLbnoew.002.mp4,test
C:\Users\athas\Downloads\Chalearn\first-impressions\test\MI_GQLbnoew.003.mp4,test
C:\Users\athas\Downloads\Chalearn\first-impressions\test\MK7KveAeb6Y.001.mp4,test
C:\Users\athas\Downloads\Chalearn\first-impressions\test\mK8ebTJyrCI.001.mp4,test
C:\Users\athas\Downloads\Chalearn\first-impressions\test\mK8ebTJyrCI.004.mp4,test
C:\Users\athas\Downloads\Chalearn\first-impressions\test\mK8ebTJyrCI.005.mp4,test
C:\Users\athas\Downloads\Chalearn\first-impressions\test\mkJjaOADfj4.000.mp4,test
C:\Users\athas\Downloads\Chalearn\first-impressions\test\MkVsl0hdphE.005.mp4,test
C:\Users\athas\Downloads\Chalearn\first-impressions\test\mkWfG-4vvGc.002.mp4,test
C:\Users\athas\Downloads\Chalearn\first-impressions\test\mKWscEow1U8.003.mp4,test
C:\Users\athas\Downloads\Chalearn\first-impressions\test\MlBwEhjftAw.004.mp4,test
C:\Users\athas\Downloads\Chalearn\first-impressions\test\MLCIfM5jYlI.002.mp4,test
C:\Users\athas\Downloads\Chalearn\first-impressions\test\mlXZQ8dO0nQ.000.mp4,test
C:\Users\athas\Downloads\Chalearn\first-impressions\test\mMNjlGNWsZA.000.mp4,test
C:\Users\athas\Downloads\Chalearn\first-impressions\test\modNfUPt3F4.001.mp4,test
C:\Users\athas\Downloads\Chalearn\first-impressions\test\MOobNUpfWiY.001.mp4,test
C:\Users\athas\Downloads\Chalearn\first-impressions\test\mpk5Ubw2fj8.002.mp4,test
C:\Users\athas\Downloads\Chalearn\first-impressions\test\mpk5Ubw2fj8.003.mp4,test
C:\Users\athas\Downloads\Chalearn\first-impressions\test\mpk5Ubw2fj8.005.mp4,test
C:\Users\athas\Downloads\Chalearn\first-impressions\test\mpXOSY5dW7c.001.mp4,test
C:\Users\athas\Downloads\Chalearn\first-impressions\test\mQpNe8f5xA8.000.mp4,test
C:\Users\athas\Downloads\Chalearn\first-impressions\test\mQpNe8f5xA8.005.mp4,test
C:\Users\athas\Downloads\Chalearn\first-impressions\test\MsGTYOOp4hE.000.mp4,test
C:\Users\athas\Downloads\Chalearn\first-impressions\test\muLgzV1gGao.000.mp4,test
C:\Users\athas\Downloads\Chalearn\first-impressions\test\muLgzV1gGao.003.mp4,test
C:\Users\athas\Downloads\Chalearn\first-impressions\test\MuYYY3XaJ7Q.001.mp4,test
C:\Users\athas\Downloads\Chalearn\first-impressions\test\mwjoabuP-GM.001.mp4,test
C:\Users\athas\Downloads\Chalearn\first-impressions\test\mwjoabuP-GM.002.mp4,test
C:\Users\athas\Downloads\Chalearn\first-impressions\test\mXaI17Dx7u0.004.mp4,test
C:\Users\athas\Downloads\Chalearn\first-impressions\test\MZkDsB04kt8.001.mp4,test
C:\Users\athas\Downloads\Chalearn\first-impressions\test\MZkDsB04kt8.002.mp4,test
C:\Users\athas\Downloads\Chalearn\first-impressions\test\MZkDsB04kt8.003.mp4,test
C:\Users\athas\Downloads\Chalearn\first-impressions\test\mZQP06F94u8.000.mp4,test
C:\Users\athas\Downloads\Chalearn\first-impressions\test\M_OpMKBEOyU.005.mp4,test
C:\Users\athas\Downloads\Chalearn\first-impressions\test\N0UweTwwQqQ.002.mp4,test
C:\Users\athas\Downloads\Chalearn\first-impressions\test\N0UweTwwQqQ.005.mp4,test
C:\Users\athas\Downloads\Chalearn\first-impressions\test\n1nVCG0zqOI.001.mp4,test
C:\Users\athas\Downloads\Chalearn\first-impressions\test\n2BuwHbdilY.005.mp4,test
C:\Users\athas\Downloads\Chalearn\first-impressions\test\n4NkVZ1_dfk.001.mp4,test
C:\Users\athas\Downloads\Chalearn\first-impressions\test\N4tuu9aCXkw.002.mp4,test
C:\Users\athas\Downloads\Chalearn\first-impressions\test\n5Jeeqfj2_U.001.mp4,test
C:\Users\athas\Downloads\Chalearn\first-impressions\test\n6JNJurop2U.001.mp4,test
C:\Users\athas\Downloads\Chalearn\first-impressions\test\N7oR6_oMBFk.003.mp4,test
C:\Users\athas\Downloads\Chalearn\first-impressions\test\n877YOU6Qy0.000.mp4,test
C:\Users\athas\Downloads\Chalearn\first-impressions\test\n8IiQJyqjiE.002.mp4,test
C:\Users\athas\Downloads\Chalearn\first-impressions\test\n8IiQJyqjiE.005.mp4,test
C:\Users\athas\Downloads\Chalearn\first-impressions\test\n9eruV15f3o.003.mp4,test
C:\Users\athas\Downloads\Chalearn\first-impressions\test\naAGy30bnwA.001.mp4,test
C:\Users\athas\Downloads\Chalearn\first-impressions\test\naAGy30bnwA.004.mp4,test
C:\Users\athas\Downloads\Chalearn\first-impressions\test\nB-fPmvZg3U.003.mp4,test
C:\Users\athas\Downloads\Chalearn\first-impressions\test\nClvfVFYzbM.002.mp4,test
C:\Users\athas\Downloads\Chalearn\first-impressions\test\ncmnmmmWEpU.002.mp4,test
C:\Users\athas\Downloads\Chalearn\first-impressions\test\nCWEEoJfjgE.003.mp4,test
C:\Users\athas\Downloads\Chalearn\first-impressions\test\NdAJGXf8aos.000.mp4,test
C:\Users\athas\Downloads\Chalearn\first-impressions\test\ndLtwmvPpr8.001.mp4,test
C:\Users\athas\Downloads\Chalearn\first-impressions\test\nEm44UpCKmA.002.mp4,test
C:\Users\athas\Downloads\Chalearn\first-impressions\test\nEm44UpCKmA.004.mp4,test
C:\Users\athas\Downloads\Chalearn\first-impressions\test\nex61B854Ms.001.mp4,test
C:\Users\athas\Downloads\Chalearn\first-impressions\test\NF8nb3SQPNg.004.mp4,test
C:\Users\athas\Downloads\Chalearn\first-impressions\test\NFAlff6GUpA.004.mp4,test
C:\Users\athas\Downloads\Chalearn\first-impressions\test\nfEhF5GBQpo.002.mp4,test
C:\Users\athas\Downloads\Chalearn\first-impressions\test\NG8qWulkRM4.003.mp4,test
C:\Users\athas\Downloads\Chalearn\first-impressions\test\NG8qWulkRM4.004.mp4,test
C:\Users\athas\Downloads\Chalearn\first-impressions\test\nGe8dIc-ecc.001.mp4,test
C:\Users\athas\Downloads\Chalearn\first-impressions\test\nGe8dIc-ecc.004.mp4,test
C:\Users\athas\Downloads\Chalearn\first-impressions\test\nghDz0el8iI.002.mp4,test
C:\Users\athas\Downloads\Chalearn\first-impressions\test\nghDz0el8iI.003.mp4,test
C:\Users\athas\Downloads\Chalearn\first-impressions\test\nghDz0el8iI.004.mp4,test
C:\Users\athas\Downloads\Chalearn\first-impressions\test\NhyVkwcZbTA.001.mp4,test
C:\Users\athas\Downloads\Chalearn\first-impressions\test\nIwFocnmRFY.005.mp4,test
C:\Users\athas\Downloads\Chalearn\first-impressions\test\niWi1hcuSmo.000.mp4,test
C:\Users\athas\Downloads\Chalearn\first-impressions\test\niWi1hcuSmo.004.mp4,test
C:\Users\athas\Downloads\Chalearn\first-impressions\test\nKLhatlbqEw.004.mp4,test
C:\Users\athas\Downloads\Chalearn\first-impressions\test\nkmYbzMmrYw.005.mp4,test
C:\Users\athas\Downloads\Chalearn\first-impressions\test\nLB29nx1Jp4.000.mp4,test
C:\Users\athas\Downloads\Chalearn\first-impressions\test\nLB29nx1Jp4.002.mp4,test
C:\Users\athas\Downloads\Chalearn\first-impressions\test\nLB29nx1Jp4.004.mp4,test
C:\Users\athas\Downloads\Chalearn\first-impressions\test\nLuAoNAOGcQ.001.mp4,test
C:\Users\athas\Downloads\Chalearn\first-impressions\test\nLuAoNAOGcQ.005.mp4,test
C:\Users\athas\Downloads\Chalearn\first-impressions\test\nmZRXxKPPuQ.001.mp4,test
C:\Users\athas\Downloads\Chalearn\first-impressions\test\nmZRXxKPPuQ.004.mp4,test
C:\Users\athas\Downloads\Chalearn\first-impressions\test\nndDX4RgU1w.001.mp4,test
C:\Users\athas\Downloads\Chalearn\first-impressions\test\nndDX4RgU1w.003.mp4,test
C:\Users\athas\Downloads\Chalearn\first-impressions\test\nOCSTnpB_F4.004.mp4,test
C:\Users\athas\Downloads\Chalearn\first-impressions\test\nOFHZ_s7Et4.000.mp4,test
C:\Users\athas\Downloads\Chalearn\first-impressions\test\NoHext7JXYU.002.mp4,test
C:\Users\athas\Downloads\Chalearn\first-impressions\test\NoHext7JXYU.005.mp4,test
C:\Users\athas\Downloads\Chalearn\first-impressions\test\NpMRzuRmeDQ.002.mp4,test
C:\Users\athas\Downloads\Chalearn\first-impressions\test\nQtiqrceBhg.000.mp4,test
C:\Users\athas\Downloads\Chalearn\first-impressions\test\nQtiqrceBhg.004.mp4,test
C:\Users\athas\Downloads\Chalearn\first-impressions\test\nR0h3WFbPfA.002.mp4,test
C:\Users\athas\Downloads\Chalearn\first-impressions\test\nR0h3WFbPfA.005.mp4,test
C:\Users\athas\Downloads\Chalearn\first-impressions\test\nUbhRInpVbA.003.mp4,test
C:\Users\athas\Downloads\Chalearn\first-impressions\test\Nv0-x4K9YFI.003.mp4,test
C:\Users\athas\Downloads\Chalearn\first-impressions\test\nvlqJbHk_Lc.001.mp4,test
C:\Users\athas\Downloads\Chalearn\first-impressions\test\nvlqJbHk_Lc.003.mp4,test
C:\Users\athas\Downloads\Chalearn\first-impressions\test\nvlqJbHk_Lc.005.mp4,test
C:\Users\athas\Downloads\Chalearn\first-impressions\test\NVvKBE5FTMk.002.mp4,test
C:\Users\athas\Downloads\Chalearn\first-impressions\test\NVvKBE5FTMk.003.mp4,test
C:\Users\athas\Downloads\Chalearn\first-impressions\test\NVvKBE5FTMk.004.mp4,test
C:\Users\athas\Downloads\Chalearn\first-impressions\test\NXG4n1pr4Ok.000.mp4,test
C:\Users\athas\Downloads\Chalearn\first-impressions\test\NXG4n1pr4Ok.003.mp4,test
C:\Users\athas\Downloads\Chalearn\first-impressions\test\NXG4n1pr4Ok.005.mp4,test
C:\Users\athas\Downloads\Chalearn\first-impressions\test\nYCuMoC5ibQ.002.mp4,test
C:\Users\athas\Downloads\Chalearn\first-impressions\test\nYCuMoC5ibQ.003.mp4,test
C:\Users\athas\Downloads\Chalearn\first-impressions\test\NYlFsljF0VM.001.mp4,test
C:\Users\athas\Downloads\Chalearn\first-impressions\test\NyQ2K2J3N0s.002.mp4,test
C:\Users\athas\Downloads\Chalearn\first-impressions\test\NzCflfxgvwo.001.mp4,test
C:\Users\athas\Downloads\Chalearn\first-impressions\test\NZXtEENlWL4.002.mp4,test
C:\Users\athas\Downloads\Chalearn\first-impressions\test\nZz1hK90gwA.005.mp4,test
C:\Users\athas\Downloads\Chalearn\first-impressions\test\o-fNF5QVMNo.001.mp4,test
C:\Users\athas\Downloads\Chalearn\first-impressions\test\O2J_3ScUCUQ.001.mp4,test
C:\Users\athas\Downloads\Chalearn\first-impressions\test\o2lu6rkd5-Y.003.mp4,test
C:\Users\athas\Downloads\Chalearn\first-impressions\test\O2wMPdp2-Is.000.mp4,test
C:\Users\athas\Downloads\Chalearn\first-impressions\test\o6JCQlOC3oE.000.mp4,test
C:\Users\athas\Downloads\Chalearn\first-impressions\test\o6JCQlOC3oE.003.mp4,test
C:\Users\athas\Downloads\Chalearn\first-impressions\test\OACoHiwOdXQ.000.mp4,test
C:\Users\athas\Downloads\Chalearn\first-impressions\test\OACoHiwOdXQ.001.mp4,test
C:\Users\athas\Downloads\Chalearn\first-impressions\test\oANKg9_grdA.001.mp4,test
C:\Users\athas\Downloads\Chalearn\first-impressions\test\oC-qxnrmJws.001.mp4,test
C:\Users\athas\Downloads\Chalearn\first-impressions\test\oC-qxnrmJws.004.mp4,test
C:\Users\athas\Downloads\Chalearn\first-impressions\test\OD3cfWeJaOY.000.mp4,test
C:\Users\athas\Downloads\Chalearn\first-impressions\test\OD3cfWeJaOY.002.mp4,test
C:\Users\athas\Downloads\Chalearn\first-impressions\test\ODDGS0hTcUc.002.mp4,test
C:\Users\athas\Downloads\Chalearn\first-impressions\test\ODDGS0hTcUc.003.mp4,test
C:\Users\athas\Downloads\Chalearn\first-impressions\test\OdwK_oMdfSU.004.mp4,test
C:\Users\athas\Downloads\Chalearn\first-impressions\test\oe1PZxExhzc.000.mp4,test
C:\Users\athas\Downloads\Chalearn\first-impressions\test\oe1PZxExhzc.002.mp4,test
C:\Users\athas\Downloads\Chalearn\first-impressions\test\oe1PZxExhzc.004.mp4,test
C:\Users\athas\Downloads\Chalearn\first-impressions\test\oe1PZxExhzc.005.mp4,test
C:\Users\athas\Downloads\Chalearn\first-impressions\test\oG84VxrGfj0.005.mp4,test
C:\Users\athas\Downloads\Chalearn\first-impressions\test\og8vtyRh_bc.004.mp4,test
C:\Users\athas\Downloads\Chalearn\first-impressions\test\ogSLrHVeqLI.002.mp4,test
C:\Users\athas\Downloads\Chalearn\first-impressions\test\OhHg1lyxe4I.003.mp4,test
C:\Users\athas\Downloads\Chalearn\first-impressions\test\OiDyfO2zB7s.003.mp4,test
C:\Users\athas\Downloads\Chalearn\first-impressions\test\OLFhKCgexRU.005.mp4,test
C:\Users\athas\Downloads\Chalearn\first-impressions\test\omeHsKF7InA.003.mp4,test
C:\Users\athas\Downloads\Chalearn\first-impressions\test\omeHsKF7InA.004.mp4,test
C:\Users\athas\Downloads\Chalearn\first-impressions\test\OMHlfDF99Mw.001.mp4,test
C:\Users\athas\Downloads\Chalearn\first-impressions\test\OMHlfDF99Mw.002.mp4,test
C:\Users\athas\Downloads\Chalearn\first-impressions\test\OMHlfDF99Mw.005.mp4,test
C:\Users\athas\Downloads\Chalearn\first-impressions\test\OMTlpgrJYFk.004.mp4,test
C:\Users\athas\Downloads\Chalearn\first-impressions\test\OmXuhT4yJpo.001.mp4,test
C:\Users\athas\Downloads\Chalearn\first-impressions\test\OmXuhT4yJpo.004.mp4,test
C:\Users\athas\Downloads\Chalearn\first-impressions\test\On2c_8sU8Vw.000.mp4,test
C:\Users\athas\Downloads\Chalearn\first-impressions\test\On2c_8sU8Vw.005.mp4,test
C:\Users\athas\Downloads\Chalearn\first-impressions\test\oontew1LiUU.000.mp4,test
C:\Users\athas\Downloads\Chalearn\first-impressions\test\oontew1LiUU.002.mp4,test
C:\Users\athas\Downloads\Chalearn\first-impressions\test\oontew1LiUU.003.mp4,test
C:\Users\athas\Downloads\Chalearn\first-impressions\test\oontew1LiUU.004.mp4,test
C:\Users\athas\Downloads\Chalearn\first-impressions\test\oontew1LiUU.005.mp4,test
C:\Users\athas\Downloads\Chalearn\first-impressions\test\OovRk5U9_GY.001.mp4,test
C:\Users\athas\Downloads\Chalearn\first-impressions\test\OovRk5U9_GY.003.mp4,test
C:\Users\athas\Downloads\Chalearn\first-impressions\test\OovRk5U9_GY.005.mp4,test
C:\Users\athas\Downloads\Chalearn\first-impressions\test\OoxYhDbzWwg.001.mp4,test
C:\Users\athas\Downloads\Chalearn\first-impressions\test\OoxYhDbzWwg.003.mp4,test
C:\Users\athas\Downloads\Chalearn\first-impressions\test\opqoflph5ZE.002.mp4,test
C:\Users\athas\Downloads\Chalearn\first-impressions\test\opqoflph5ZE.005.mp4,test
C:\Users\athas\Downloads\Chalearn\first-impressions\test\oqXx6ipHfUE.004.mp4,test
C:\Users\athas\Downloads\Chalearn\first-impressions\test\oq_v2yocx34.000.mp4,test
C:\Users\athas\Downloads\Chalearn\first-impressions\test\orlXEgAepGo.001.mp4,test
C:\Users\athas\Downloads\Chalearn\first-impressions\test\orlXEgAepGo.004.mp4,test
C:\Users\athas\Downloads\Chalearn\first-impressions\test\OSDlyk5ZgAk.001.mp4,test
C:\Users\athas\Downloads\Chalearn\first-impressions\test\OSDlyk5ZgAk.005.mp4,test
C:\Users\athas\Downloads\Chalearn\first-impressions\test\osqQpQsJNPQ.005.mp4,test
C:\Users\athas\Downloads\Chalearn\first-impressions\test\OtGJDbI9qkM.001.mp4,test
C:\Users\athas\Downloads\Chalearn\first-impressions\test\OTXGM3Guxy4.002.mp4,test
C:\Users\athas\Downloads\Chalearn\first-impressions\test\oU7zAWm_01o.001.mp4,test
C:\Users\athas\Downloads\Chalearn\first-impressions\test\OuE91U_n04E.002.mp4,test
C:\Users\athas\Downloads\Chalearn\first-impressions\test\OuE91U_n04E.004.mp4,test
C:\Users\athas\Downloads\Chalearn\first-impressions\test\OugdInDyt9s.004.mp4,test
C:\Users\athas\Downloads\Chalearn\first-impressions\test\outvbZgNX58.003.mp4,test
C:\Users\athas\Downloads\Chalearn\first-impressions\test\ouYYWCY__5A.002.mp4,test
C:\Users\athas\Downloads\Chalearn\first-impressions\test\ouYYWCY__5A.003.mp4,test
C:\Users\athas\Downloads\Chalearn\first-impressions\test\ouYYWCY__5A.004.mp4,test
C:\Users\athas\Downloads\Chalearn\first-impressions\test\owRKOW0ymCM.001.mp4,test
C:\Users\athas\Downloads\Chalearn\first-impressions\test\owRKOW0ymCM.004.mp4,test
C:\Users\athas\Downloads\Chalearn\first-impressions\test\OXkDmd3nA94.005.mp4,test
C:\Users\athas\Downloads\Chalearn\first-impressions\test\oXRhk1PUPcQ.001.mp4,test
C:\Users\athas\Downloads\Chalearn\first-impressions\test\oYhWw97JYyU.005.mp4,test
C:\Users\athas\Downloads\Chalearn\first-impressions\test\oYiWW-Qc0rs.004.mp4,test
C:\Users\athas\Downloads\Chalearn\first-impressions\test\OZlpENU9h28.004.mp4,test
C:\Users\athas\Downloads\Chalearn\first-impressions\test\p-V78q8dtYo.000.mp4,test
C:\Users\athas\Downloads\Chalearn\first-impressions\test\p-V78q8dtYo.004.mp4,test
C:\Users\athas\Downloads\Chalearn\first-impressions\test\P0a209IS614.000.mp4,test
C:\Users\athas\Downloads\Chalearn\first-impressions\test\P0a209IS614.001.mp4,test
C:\Users\athas\Downloads\Chalearn\first-impressions\test\P0ZzjnS8E24.002.mp4,test
C:\Users\athas\Downloads\Chalearn\first-impressions\test\P0ZzjnS8E24.003.mp4,test
C:\Users\athas\Downloads\Chalearn\first-impressions\test\P0ZzjnS8E24.005.mp4,test
C:\Users\athas\Downloads\Chalearn\first-impressions\test\P2T93mqAsWk.000.mp4,test
C:\Users\athas\Downloads\Chalearn\first-impressions\test\p5QXPhJS8Ks.002.mp4,test
C:\Users\athas\Downloads\Chalearn\first-impressions\test\p5v75vAZ7F0.000.mp4,test
C:\Users\athas\Downloads\Chalearn\first-impressions\test\p6UMx8dwHZQ.005.mp4,test
C:\Users\athas\Downloads\Chalearn\first-impressions\test\P7poMmhYnM0.000.mp4,test
C:\Users\athas\Downloads\Chalearn\first-impressions\test\P7poMmhYnM0.002.mp4,test
C:\Users\athas\Downloads\Chalearn\first-impressions\test\P7poMmhYnM0.004.mp4,test
C:\Users\athas\Downloads\Chalearn\first-impressions\test\p9tAC-RqZPI.000.mp4,test
C:\Users\athas\Downloads\Chalearn\first-impressions\test\P9WDAY-MFzk.004.mp4,test
C:\Users\athas\Downloads\Chalearn\first-impressions\test\Pb7aNc6Kd40.000.mp4,test
C:\Users\athas\Downloads\Chalearn\first-impressions\test\Pc-oQQwkIv8.002.mp4,test
C:\Users\athas\Downloads\Chalearn\first-impressions\test\pDt0F4zFfBs.002.mp4,test
C:\Users\athas\Downloads\Chalearn\first-impressions\test\pDt0F4zFfBs.004.mp4,test
C:\Users\athas\Downloads\Chalearn\first-impressions\test\PEjFZNkbQos.002.mp4,test
C:\Users\athas\Downloads\Chalearn\first-impressions\test\pEYFpmjwKC0.000.mp4,test
C:\Users\athas\Downloads\Chalearn\first-impressions\test\PgpMUHH8lEI.001.mp4,test
C:\Users\athas\Downloads\Chalearn\first-impressions\test\phjVMKGYBKs.001.mp4,test
C:\Users\athas\Downloads\Chalearn\first-impressions\test\phjVMKGYBKs.002.mp4,test
C:\Users\athas\Downloads\Chalearn\first-impressions\test\phjVMKGYBKs.004.mp4,test
C:\Users\athas\Downloads\Chalearn\first-impressions\test\PHUlL5ZzX5U.002.mp4,test
C:\Users\athas\Downloads\Chalearn\first-impressions\test\PHv6CzBIC5E.003.mp4,test
C:\Users\athas\Downloads\Chalearn\first-impressions\test\piNQPNAKzyU.004.mp4,test
C:\Users\athas\Downloads\Chalearn\first-impressions\test\PKe86w7jSGE.000.mp4,test
C:\Users\athas\Downloads\Chalearn\first-impressions\test\PKe86w7jSGE.004.mp4,test
C:\Users\athas\Downloads\Chalearn\first-impressions\test\pKm9lxa4cmg.000.mp4,test
C:\Users\athas\Downloads\Chalearn\first-impressions\test\PKtzsEqLGx4.003.mp4,test
C:\Users\athas\Downloads\Chalearn\first-impressions\test\plNPzKp2DFw.003.mp4,test
C:\Users\athas\Downloads\Chalearn\first-impressions\test\Pmhjv20yOl4.003.mp4,test
C:\Users\athas\Downloads\Chalearn\first-impressions\test\pnY7YOgdl54.001.mp4,test
C:\Users\athas\Downloads\Chalearn\first-impressions\test\Po4UGCJbCbw.005.mp4,test
C:\Users\athas\Downloads\Chalearn\first-impressions\test\pOtWKOF07iU.005.mp4,test
C:\Users\athas\Downloads\Chalearn\first-impressions\test\PpJ4S8ZM8mQ.001.mp4,test
C:\Users\athas\Downloads\Chalearn\first-impressions\test\PpJ4S8ZM8mQ.004.mp4,test
C:\Users\athas\Downloads\Chalearn\first-impressions\test\pPtzEnf5afw.001.mp4,test
C:\Users\athas\Downloads\Chalearn\first-impressions\test\pPtzEnf5afw.002.mp4,test
C:\Users\athas\Downloads\Chalearn\first-impressions\test\PQBGDxYGaXU.002.mp4,test
C:\Users\athas\Downloads\Chalearn\first-impressions\test\pQy4omHIf7o.005.mp4,test
C:\Users\athas\Downloads\Chalearn\first-impressions\test\Pr-RpZ4gYCM.003.mp4,test
C:\Users\athas\Downloads\Chalearn\first-impressions\test\Pr-RpZ4gYCM.004.mp4,test
C:\Users\athas\Downloads\Chalearn\first-impressions\test\Pr-RpZ4gYCM.005.mp4,test
C:\Users\athas\Downloads\Chalearn\first-impressions\test\Prb5j6jLKBs.005.mp4,test
C:\Users\athas\Downloads\Chalearn\first-impressions\test\PReOtefm17s.000.mp4,test
C:\Users\athas\Downloads\Chalearn\first-impressions\test\PReOtefm17s.003.mp4,test
C:\Users\athas\Downloads\Chalearn\first-impressions\test\PReOtefm17s.004.mp4,test
C:\Users\athas\Downloads\Chalearn\first-impressions\test\PRplbrM70sg.002.mp4,test
C:\Users\athas\Downloads\Chalearn\first-impressions\test\pru5ut4lxkQ.001.mp4,test
C:\Users\athas\Downloads\Chalearn\first-impressions\test\Psahy1Vju4A.001.mp4,test
C:\Users\athas\Downloads\Chalearn\first-impressions\test\Psahy1Vju4A.004.mp4,test
C:\Users\athas\Downloads\Chalearn\first-impressions\test\PsHb4YHooKM.000.mp4,test
C:\Users\athas\Downloads\Chalearn\first-impressions\test\PsHb4YHooKM.002.mp4,test
C:\Users\athas\Downloads\Chalearn\first-impressions\test\PsHb4YHooKM.004.mp4,test
C:\Users\athas\Downloads\Chalearn\first-impressions\test\pslp6X3OWy0.000.mp4,test
C:\Users\athas\Downloads\Chalearn\first-impressions\test\PsqpkFKX8co.003.mp4,test
C:\Users\athas\Downloads\Chalearn\first-impressions\test\pT8nyxks1Q4.001.mp4,test
C:\Users\athas\Downloads\Chalearn\first-impressions\test\pT8nyxks1Q4.002.mp4,test
C:\Users\athas\Downloads\Chalearn\first-impressions\test\pT8nyxks1Q4.003.mp4,test
C:\Users\athas\Downloads\Chalearn\first-impressions\test\PtBXYDPakZo.001.mp4,test
C:\Users\athas\Downloads\Chalearn\first-impressions\test\PTV5TBVRHxo.004.mp4,test
C:\Users\athas\Downloads\Chalearn\first-impressions\test\PTV5TBVRHxo.005.mp4,test
C:\Users\athas\Downloads\Chalearn\first-impressions\test\puLXzqUvm_U.002.mp4,test
C:\Users\athas\Downloads\Chalearn\first-impressions\test\puLXzqUvm_U.005.mp4,test
C:\Users\athas\Downloads\Chalearn\first-impressions\test\PVm7Om88BSw.000.mp4,test
C:\Users\athas\Downloads\Chalearn\first-impressions\test\PVm7Om88BSw.002.mp4,test
C:\Users\athas\Downloads\Chalearn\first-impressions\test\PVm7Om88BSw.005.mp4,test
C:\Users\athas\Downloads\Chalearn\first-impressions\test\pvvff396Rqg.000.mp4,test
C:\Users\athas\Downloads\Chalearn\first-impressions\test\pvvff396Rqg.001.mp4,test
C:\Users\athas\Downloads\Chalearn\first-impressions\test\pvvff396Rqg.002.mp4,test
C:\Users\athas\Downloads\Chalearn\first-impressions\test\PWAe9M2SxT8.002.mp4,test
C:\Users\athas\Downloads\Chalearn\first-impressions\test\PWAe9M2SxT8.005.mp4,test
C:\Users\athas\Downloads\Chalearn\first-impressions\test\PWM-bKcs2p8.002.mp4,test
C:\Users\athas\Downloads\Chalearn\first-impressions\test\PWM-bKcs2p8.005.mp4,test
C:\Users\athas\Downloads\Chalearn\first-impressions\test\PxkMDzORBPE.002.mp4,test
C:\Users\athas\Downloads\Chalearn\first-impressions\test\pzfDth6nFQE.001.mp4,test
C:\Users\athas\Downloads\Chalearn\first-impressions\test\pZxqWp0e-Ik.001.mp4,test
C:\Users\athas\Downloads\Chalearn\first-impressions\test\p_kPnCD7WzU.003.mp4,test
C:\Users\athas\Downloads\Chalearn\first-impressions\test\p_kPnCD7WzU.004.mp4,test
C:\Users\athas\Downloads\Chalearn\first-impressions\test\P_wDFLJnW-o.002.mp4,test
C:\Users\athas\Downloads\Chalearn\first-impressions\test\p_wf-KszNlk.001.mp4,test
C:\Users\athas\Downloads\Chalearn\first-impressions\test\Q0C0OU-j4DA.000.mp4,test
C:\Users\athas\Downloads\Chalearn\first-impressions\test\Q4z4GRUtccE.004.mp4,test
C:\Users\athas\Downloads\Chalearn\first-impressions\test\Q8Hfg0odW2k.001.mp4,test
C:\Users\athas\Downloads\Chalearn\first-impressions\test\Q9B3SJkH2Q8.001.mp4,test
C:\Users\athas\Downloads\Chalearn\first-impressions\test\Q9B3SJkH2Q8.002.mp4,test
C:\Users\athas\Downloads\Chalearn\first-impressions\test\Qa-yF-tByDM.001.mp4,test
C:\Users\athas\Downloads\Chalearn\first-impressions\test\Qa-yF-tByDM.004.mp4,test
C:\Users\athas\Downloads\Chalearn\first-impressions\test\qAisk1lgv2I.000.mp4,test
C:\Users\athas\Downloads\Chalearn\first-impressions\test\qAisk1lgv2I.005.mp4,test
C:\Users\athas\Downloads\Chalearn\first-impressions\test\qBpv0BfiGQk.000.mp4,test
C:\Users\athas\Downloads\Chalearn\first-impressions\test\QBZieJiOl1w.000.mp4,test
C:\Users\athas\Downloads\Chalearn\first-impressions\test\QBZieJiOl1w.002.mp4,test
C:\Users\athas\Downloads\Chalearn\first-impressions\test\QBZieJiOl1w.005.mp4,test
C:\Users\athas\Downloads\Chalearn\first-impressions\test\QdafN9Y_j-Y.003.mp4,test
C:\Users\athas\Downloads\Chalearn\first-impressions\test\qFYgMFMal_s.000.mp4,test
C:\Users\athas\Downloads\Chalearn\first-impressions\test\qFYgMFMal_s.003.mp4,test
C:\Users\athas\Downloads\Chalearn\first-impressions\test\qFYgMFMal_s.004.mp4,test
C:\Users\athas\Downloads\Chalearn\first-impressions\test\QipgesEKSNA.003.mp4,test
C:\Users\athas\Downloads\Chalearn\first-impressions\test\QipgesEKSNA.005.mp4,test
C:\Users\athas\Downloads\Chalearn\first-impressions\test\QKcx5msA7iA.005.mp4,test
C:\Users\athas\Downloads\Chalearn\first-impressions\test\qkmEt0ofGq8.000.mp4,test
C:\Users\athas\Downloads\Chalearn\first-impressions\test\qLbOPbx33dk.000.mp4,test
C:\Users\athas\Downloads\Chalearn\first-impressions\test\qLV1a_611kA.003.mp4,test
C:\Users\athas\Downloads\Chalearn\first-impressions\test\QMRAbwZCTfI.001.mp4,test
C:\Users\athas\Downloads\Chalearn\first-impressions\test\QNVsr2mGwGs.002.mp4,test
C:\Users\athas\Downloads\Chalearn\first-impressions\test\QovE6L-C9VY.005.mp4,test
C:\Users\athas\Downloads\Chalearn\first-impressions\test\qoztP0w5-Vo.002.mp4,test
C:\Users\athas\Downloads\Chalearn\first-impressions\test\qoztP0w5-Vo.004.mp4,test
C:\Users\athas\Downloads\Chalearn\first-impressions\test\qoZwA4ESb7g.002.mp4,test
C:\Users\athas\Downloads\Chalearn\first-impressions\test\qP8YzH6LT9c.002.mp4,test
C:\Users\athas\Downloads\Chalearn\first-impressions\test\QpA0gj1y6KE.002.mp4,test
C:\Users\athas\Downloads\Chalearn\first-impressions\test\Qqc1539E6rs.001.mp4,test
C:\Users\athas\Downloads\Chalearn\first-impressions\test\QqTw0lnrtBo.000.mp4,test
C:\Users\athas\Downloads\Chalearn\first-impressions\test\QqTw0lnrtBo.003.mp4,test
C:\Users\athas\Downloads\Chalearn\first-impressions\test\qRtKUGgULL8.003.mp4,test
C:\Users\athas\Downloads\Chalearn\first-impressions\test\QS7TwjzkYiU.001.mp4,test
C:\Users\athas\Downloads\Chalearn\first-impressions\test\QS7TwjzkYiU.005.mp4,test
C:\Users\athas\Downloads\Chalearn\first-impressions\test\qssXr_Fg96o.004.mp4,test
C:\Users\athas\Downloads\Chalearn\first-impressions\test\qtB-CogljAo.004.mp4,test
C:\Users\athas\Downloads\Chalearn\first-impressions\test\QTtTAFqT-no.005.mp4,test
C:\Users\athas\Downloads\Chalearn\first-impressions\test\qVcw5-mm31s.003.mp4,test
C:\Users\athas\Downloads\Chalearn\first-impressions\test\qVrXROy4Ais.002.mp4,test
C:\Users\athas\Downloads\Chalearn\first-impressions\test\qVrXROy4Ais.005.mp4,test
C:\Users\athas\Downloads\Chalearn\first-impressions\test\qW0TYVtzq5A.004.mp4,test
C:\Users\athas\Downloads\Chalearn\first-impressions\test\QXc2qhIHfAA.002.mp4,test
C:\Users\athas\Downloads\Chalearn\first-impressions\test\QXFRE_pjrAE.002.mp4,test
C:\Users\athas\Downloads\Chalearn\first-impressions\test\QXFRE_pjrAE.005.mp4,test
C:\Users\athas\Downloads\Chalearn\first-impressions\test\qyzuaettjU8.000.mp4,test
C:\Users\athas\Downloads\Chalearn\first-impressions\test\Qz_cjgCtDcM.002.mp4,test
C:\Users\athas\Downloads\Chalearn\first-impressions\test\R-vly7LKotQ.002.mp4,test
C:\Users\athas\Downloads\Chalearn\first-impressions\test\R0RURVpmU9M.001.mp4,test
C:\Users\athas\Downloads\Chalearn\first-impressions\test\R0RURVpmU9M.003.mp4,test
C:\Users\athas\Downloads\Chalearn\first-impressions\test\r1YAW67aevY.001.mp4,test
C:\Users\athas\Downloads\Chalearn\first-impressions\test\r1YAW67aevY.002.mp4,test
C:\Users\athas\Downloads\Chalearn\first-impressions\test\r2BoxB3kgYk.002.mp4,test
C:\Users\athas\Downloads\Chalearn\first-impressions\test\r2BoxB3kgYk.005.mp4,test
C:\Users\athas\Downloads\Chalearn\first-impressions\test\r2HcJYjGK5s.000.mp4,test
C:\Users\athas\Downloads\Chalearn\first-impressions\test\R2LlBNLDOeg.000.mp4,test
C:\Users\athas\Downloads\Chalearn\first-impressions\test\R42dmIPCXwo.000.mp4,test
C:\Users\athas\Downloads\Chalearn\first-impressions\test\r4BGKIXrD9c.004.mp4,test
C:\Users\athas\Downloads\Chalearn\first-impressions\test\R6NTuhZtOks.004.mp4,test
C:\Users\athas\Downloads\Chalearn\first-impressions\test\R8Gpa-rRywc.000.mp4,test
C:\Users\athas\Downloads\Chalearn\first-impressions\test\R8Gpa-rRywc.002.mp4,test
C:\Users\athas\Downloads\Chalearn\first-impressions\test\r93dLeVRk3U.000.mp4,test
C:\Users\athas\Downloads\Chalearn\first-impressions\test\R9JcmvLBbTs.001.mp4,test
C:\Users\athas\Downloads\Chalearn\first-impressions\test\r9TaaVTo8Y8.005.mp4,test
C:\Users\athas\Downloads\Chalearn\first-impressions\test\Ra7BFLFFDv8.001.mp4,test
C:\Users\athas\Downloads\Chalearn\first-impressions\test\RbX4q4KceVk.001.mp4,test
C:\Users\athas\Downloads\Chalearn\first-impressions\test\rCxlfusNJlY.003.mp4,test
C:\Users\athas\Downloads\Chalearn\first-impressions\test\REAxeTWo1QM.001.mp4,test
C:\Users\athas\Downloads\Chalearn\first-impressions\test\REAxeTWo1QM.004.mp4,test
C:\Users\athas\Downloads\Chalearn\first-impressions\test\RF3JnDmv8WY.005.mp4,test
C:\Users\athas\Downloads\Chalearn\first-impressions\test\RGuHfwIRKpA.004.mp4,test
C:\Users\athas\Downloads\Chalearn\first-impressions\test\RgZTZIf8K8g.004.mp4,test
C:\Users\athas\Downloads\Chalearn\first-impressions\test\RhFPotjd0hM.000.mp4,test
C:\Users\athas\Downloads\Chalearn\first-impressions\test\RhFPotjd0hM.001.mp4,test
C:\Users\athas\Downloads\Chalearn\first-impressions\test\rIHcq2E67Nc.001.mp4,test
C:\Users\athas\Downloads\Chalearn\first-impressions\test\rIRBEkDhn6Q.000.mp4,test
C:\Users\athas\Downloads\Chalearn\first-impressions\test\rJgbslC72gw.000.mp4,test
C:\Users\athas\Downloads\Chalearn\first-impressions\test\rjS0PIwS47M.002.mp4,test
C:\Users\athas\Downloads\Chalearn\first-impressions\test\RlaaCqle7tY.004.mp4,test
C:\Users\athas\Downloads\Chalearn\first-impressions\test\RlUuWWWFrhM.002.mp4,test
C:\Users\athas\Downloads\Chalearn\first-impressions\test\RmEwRYfDn-4.000.mp4,test
C:\Users\athas\Downloads\Chalearn\first-impressions\test\rMFJmA5dRFQ.002.mp4,test
C:\Users\athas\Downloads\Chalearn\first-impressions\test\rMFJmA5dRFQ.003.mp4,test
C:\Users\athas\Downloads\Chalearn\first-impressions\test\Rops7WYMCCY.005.mp4,test
C:\Users\athas\Downloads\Chalearn\first-impressions\test\RpJkD_vCi0A.001.mp4,test
C:\Users\athas\Downloads\Chalearn\first-impressions\test\RQeoo3idUJc.000.mp4,test
C:\Users\athas\Downloads\Chalearn\first-impressions\test\RQeoo3idUJc.001.mp4,test
C:\Users\athas\Downloads\Chalearn\first-impressions\test\rqfvIjzegpI.004.mp4,test
C:\Users\athas\Downloads\Chalearn\first-impressions\test\RsYSOFRFszk.000.mp4,test
C:\Users\athas\Downloads\Chalearn\first-impressions\test\Rsz-26AaL2o.002.mp4,test
C:\Users\athas\Downloads\Chalearn\first-impressions\test\rT0TqakPrAI.001.mp4,test
C:\Users\athas\Downloads\Chalearn\first-impressions\test\rUGAiuYHNgE.003.mp4,test
C:\Users\athas\Downloads\Chalearn\first-impressions\test\RVEO1QNRAOU.001.mp4,test
C:\Users\athas\Downloads\Chalearn\first-impressions\test\RVEO1QNRAOU.005.mp4,test
C:\Users\athas\Downloads\Chalearn\first-impressions\test\rW3hFpfGMHs.002.mp4,test
C:\Users\athas\Downloads\Chalearn\first-impressions\test\RWfY3Xk0XPQ.001.mp4,test
C:\Users\athas\Downloads\Chalearn\first-impressions\test\RWfY3Xk0XPQ.004.mp4,test
C:\Users\athas\Downloads\Chalearn\first-impressions\test\RWhyKkFI3zw.000.mp4,test
C:\Users\athas\Downloads\Chalearn\first-impressions\test\RWhyKkFI3zw.003.mp4,test
C:\Users\athas\Downloads\Chalearn\first-impressions\test\rWT8N_yjf60.000.mp4,test
C:\Users\athas\Downloads\Chalearn\first-impressions\test\Rw_ZLT9vZTI.001.mp4,test
C:\Users\athas\Downloads\Chalearn\first-impressions\test\Ry5JJvTfP-8.000.mp4,test
C:\Users\athas\Downloads\Chalearn\first-impressions\test\RYG6XhdmPY0.000.mp4,test
C:\Users\athas\Downloads\Chalearn\first-impressions\test\rY_bqkNUp9I.005.mp4,test
C:\Users\athas\Downloads\Chalearn\first-impressions\test\RZOimXPTG0s.004.mp4,test
C:\Users\athas\Downloads\Chalearn\first-impressions\test\R_6hhFo7M3o.005.mp4,test
C:\Users\athas\Downloads\Chalearn\first-impressions\test\S-e9-bW4seo.000.mp4,test
C:\Users\athas\Downloads\Chalearn\first-impressions\test\S-e9-bW4seo.002.mp4,test
C:\Users\athas\Downloads\Chalearn\first-impressions\test\S-jhg6Y5OrE.000.mp4,test
C:\Users\athas\Downloads\Chalearn\first-impressions\test\s-jZlMKQGwc.001.mp4,test
C:\Users\athas\Downloads\Chalearn\first-impressions\test\s-jZlMKQGwc.004.mp4,test
C:\Users\athas\Downloads\Chalearn\first-impressions\test\s0pgZM5G6ds.000.mp4,test
C:\Users\athas\Downloads\Chalearn\first-impressions\test\s0pgZM5G6ds.002.mp4,test
C:\Users\athas\Downloads\Chalearn\first-impressions\test\S1AEj1kO5dc.000.mp4,test
C:\Users\athas\Downloads\Chalearn\first-impressions\test\S1AEj1kO5dc.003.mp4,test
C:\Users\athas\Downloads\Chalearn\first-impressions\test\S4H50iotXF0.000.mp4,test
C:\Users\athas\Downloads\Chalearn\first-impressions\test\s6N1pv5lzrU.001.mp4,test
C:\Users\athas\Downloads\Chalearn\first-impressions\test\sa1ZACqr15U.001.mp4,test
C:\Users\athas\Downloads\Chalearn\first-impressions\test\Sb1b8JMVhLs.004.mp4,test
C:\Users\athas\Downloads\Chalearn\first-impressions\test\scifP1EXSdo.000.mp4,test
C:\Users\athas\Downloads\Chalearn\first-impressions\test\scifP1EXSdo.005.mp4,test
C:\Users\athas\Downloads\Chalearn\first-impressions\test\SCnQFpdklMg.003.mp4,test
C:\Users\athas\Downloads\Chalearn\first-impressions\test\sDNzrM6N7wA.004.mp4,test
C:\Users\athas\Downloads\Chalearn\first-impressions\test\Sdqg-jn_tBk.002.mp4,test
C:\Users\athas\Downloads\Chalearn\first-impressions\test\Sdqg-jn_tBk.005.mp4,test
C:\Users\athas\Downloads\Chalearn\first-impressions\test\sDWJMBZ1mVA.004.mp4,test
C:\Users\athas\Downloads\Chalearn\first-impressions\test\Se3Gts4u1vs.002.mp4,test
C:\Users\athas\Downloads\Chalearn\first-impressions\test\Se3Gts4u1vs.004.mp4,test
C:\Users\athas\Downloads\Chalearn\first-impressions\test\sf29orxf4X0.001.mp4,test
C:\Users\athas\Downloads\Chalearn\first-impressions\test\sf29orxf4X0.004.mp4,test
C:\Users\athas\Downloads\Chalearn\first-impressions\test\sf29orxf4X0.005.mp4,test
C:\Users\athas\Downloads\Chalearn\first-impressions\test\sf8TXpaKnt4.004.mp4,test
C:\Users\athas\Downloads\Chalearn\first-impressions\test\SfldZBPyPFo.004.mp4,test
C:\Users\athas\Downloads\Chalearn\first-impressions\test\SfldZBPyPFo.005.mp4,test
C:\Users\athas\Downloads\Chalearn\first-impressions\test\SGnhyxlbqaE.000.mp4,test
C:\Users\athas\Downloads\Chalearn\first-impressions\test\SgWtBK48AjE.005.mp4,test
C:\Users\athas\Downloads\Chalearn\first-impressions\test\shQmRW4CrGE.003.mp4,test
C:\Users\athas\Downloads\Chalearn\first-impressions\test\shtirfEzWFA.004.mp4,test
C:\Users\athas\Downloads\Chalearn\first-impressions\test\sHVXhr7_EOs.001.mp4,test
C:\Users\athas\Downloads\Chalearn\first-impressions\test\sHVXhr7_EOs.005.mp4,test
C:\Users\athas\Downloads\Chalearn\first-impressions\test\SI93csgHMTk.000.mp4,test
C:\Users\athas\Downloads\Chalearn\first-impressions\test\SI93csgHMTk.003.mp4,test
C:\Users\athas\Downloads\Chalearn\first-impressions\test\siEnTktB4lQ.000.mp4,test
C:\Users\athas\Downloads\Chalearn\first-impressions\test\simc6hmrUOE.001.mp4,test
C:\Users\athas\Downloads\Chalearn\first-impressions\test\simc6hmrUOE.002.mp4,test
C:\Users\athas\Downloads\Chalearn\first-impressions\test\simc6hmrUOE.004.mp4,test
C:\Users\athas\Downloads\Chalearn\first-impressions\test\SIpQm4G4DDg.003.mp4,test
C:\Users\athas\Downloads\Chalearn\first-impressions\test\SIpQm4G4DDg.005.mp4,test
C:\Users\athas\Downloads\Chalearn\first-impressions\test\si_gZCrLa4A.000.mp4,test
C:\Users\athas\Downloads\Chalearn\first-impressions\test\SkNO4x-LSgE.001.mp4,test
C:\Users\athas\Downloads\Chalearn\first-impressions\test\SkNO4x-LSgE.003.mp4,test
C:\Users\athas\Downloads\Chalearn\first-impressions\test\sntohi33U5s.002.mp4,test
C:\Users\athas\Downloads\Chalearn\first-impressions\test\sntohi33U5s.003.mp4,test
C:\Users\athas\Downloads\Chalearn\first-impressions\test\sOkGz6gEmGk.004.mp4,test
C:\Users\athas\Downloads\Chalearn\first-impressions\test\SPD5fXHVyIk.001.mp4,test
C:\Users\athas\Downloads\Chalearn\first-impressions\test\SPMDX6qt4I4.000.mp4,test
C:\Users\athas\Downloads\Chalearn\first-impressions\test\sPMNhG1Sehc.000.mp4,test
C:\Users\athas\Downloads\Chalearn\first-impressions\test\SPpox8EGQqU.004.mp4,test
C:\Users\athas\Downloads\Chalearn\first-impressions\test\sqnW6xXYTKg.004.mp4,test
C:\Users\athas\Downloads\Chalearn\first-impressions\test\SR1Q5M2urxY.001.mp4,test
C:\Users\athas\Downloads\Chalearn\first-impressions\test\sR6UEGk-_mE.000.mp4,test
C:\Users\athas\Downloads\Chalearn\first-impressions\test\SRjhmQTPOmA.001.mp4,test
C:\Users\athas\Downloads\Chalearn\first-impressions\test\SSBC6EsBCro.000.mp4,test
C:\Users\athas\Downloads\Chalearn\first-impressions\test\ssexxLJLuhU.002.mp4,test
C:\Users\athas\Downloads\Chalearn\first-impressions\test\sSR1a5XW7n4.000.mp4,test
C:\Users\athas\Downloads\Chalearn\first-impressions\test\sSR1a5XW7n4.003.mp4,test
C:\Users\athas\Downloads\Chalearn\first-impressions\test\sSR1a5XW7n4.004.mp4,test
C:\Users\athas\Downloads\Chalearn\first-impressions\test\struoSVUsUg.000.mp4,test
C:\Users\athas\Downloads\Chalearn\first-impressions\test\struoSVUsUg.003.mp4,test
C:\Users\athas\Downloads\Chalearn\first-impressions\test\struoSVUsUg.004.mp4,test
C:\Users\athas\Downloads\Chalearn\first-impressions\test\SwXvcwQcqgk.001.mp4,test
C:\Users\athas\Downloads\Chalearn\first-impressions\test\SxKLweLx_ZE.001.mp4,test
C:\Users\athas\Downloads\Chalearn\first-impressions\test\syJo_sm8IqQ.001.mp4,test
C:\Users\athas\Downloads\Chalearn\first-impressions\test\SYlV95nPTPs.000.mp4,test
C:\Users\athas\Downloads\Chalearn\first-impressions\test\SYlV95nPTPs.003.mp4,test
C:\Users\athas\Downloads\Chalearn\first-impressions\test\syTTeox8Yaw.000.mp4,test
C:\Users\athas\Downloads\Chalearn\first-impressions\test\syTTeox8Yaw.001.mp4,test
C:\Users\athas\Downloads\Chalearn\first-impressions\test\T-mK85acIOc.001.mp4,test
C:\Users\athas\Downloads\Chalearn\first-impressions\test\T1--98_78ns.002.mp4,test
C:\Users\athas\Downloads\Chalearn\first-impressions\test\T1--98_78ns.004.mp4,test
C:\Users\athas\Downloads\Chalearn\first-impressions\test\t1PKNXE-IiM.003.mp4,test
C:\Users\athas\Downloads\Chalearn\first-impressions\test\T1tJTwlGqOM.003.mp4,test
C:\Users\athas\Downloads\Chalearn\first-impressions\test\T1_6sVNHG70.002.mp4,test
C:\Users\athas\Downloads\Chalearn\first-impressions\test\T1_6sVNHG70.003.mp4,test
C:\Users\athas\Downloads\Chalearn\first-impressions\test\T1_6sVNHG70.004.mp4,test
C:\Users\athas\Downloads\Chalearn\first-impressions\test\t30ERiF6b50.002.mp4,test
C:\Users\athas\Downloads\Chalearn\first-impressions\test\t30ERiF6b50.005.mp4,test
C:\Users\athas\Downloads\Chalearn\first-impressions\test\T3v3-2tvV0s.003.mp4,test
C:\Users\athas\Downloads\Chalearn\first-impressions\test\T3v3-2tvV0s.004.mp4,test
C:\Users\athas\Downloads\Chalearn\first-impressions\test\T4eZ81aJwJI.001.mp4,test
C:\Users\athas\Downloads\Chalearn\first-impressions\test\t6-ljEWQjW8.001.mp4,test
C:\Users\athas\Downloads\Chalearn\first-impressions\test\t6-ljEWQjW8.004.mp4,test
C:\Users\athas\Downloads\Chalearn\first-impressions\test\T6CMGXdPUTA.005.mp4,test
C:\Users\athas\Downloads\Chalearn\first-impressions\test\T9xSEBSaL7Q.000.mp4,test
C:\Users\athas\Downloads\Chalearn\first-impressions\test\taSAaWKcmTw.003.mp4,test
C:\Users\athas\Downloads\Chalearn\first-impressions\test\tcmYlyeqwuI.005.mp4,test
C:\Users\athas\Downloads\Chalearn\first-impressions\test\tCnfvBwWVKw.005.mp4,test
C:\Users\athas\Downloads\Chalearn\first-impressions\test\TD2jIXMD-SM.000.mp4,test
C:\Users\athas\Downloads\Chalearn\first-impressions\test\TD2jIXMD-SM.003.mp4,test
C:\Users\athas\Downloads\Chalearn\first-impressions\test\TEGJrmNFvXY.000.mp4,test
C:\Users\athas\Downloads\Chalearn\first-impressions\test\TeNC9wOhlXM.001.mp4,test
C:\Users\athas\Downloads\Chalearn\first-impressions\test\tg0i-zxvQXk.001.mp4,test
C:\Users\athas\Downloads\Chalearn\first-impressions\test\Tg8a_iNEamM.002.mp4,test
C:\Users\athas\Downloads\Chalearn\first-impressions\test\thl4HwoqyrI.005.mp4,test
C:\Users\athas\Downloads\Chalearn\first-impressions\test\THO-md3eEkA.001.mp4,test
C:\Users\athas\Downloads\Chalearn\first-impressions\test\TIRrlL71dEQ.001.mp4,test
C:\Users\athas\Downloads\Chalearn\first-impressions\test\TJD__22fOr0.002.mp4,test
C:\Users\athas\Downloads\Chalearn\first-impressions\test\TK6hBCARiHI.003.mp4,test
C:\Users\athas\Downloads\Chalearn\first-impressions\test\TkCDs7NlXyU.003.mp4,test
C:\Users\athas\Downloads\Chalearn\first-impressions\test\Tm44tg1zPwU.002.mp4,test
C:\Users\athas\Downloads\Chalearn\first-impressions\test\TmpP2fXeVtk.005.mp4,test
C:\Users\athas\Downloads\Chalearn\first-impressions\test\TNjEJGdqmH0.004.mp4,test
C:\Users\athas\Downloads\Chalearn\first-impressions\test\TOdvDQQWlCA.001.mp4,test
C:\Users\athas\Downloads\Chalearn\first-impressions\test\TPRQyuiNYmI.001.mp4,test
C:\Users\athas\Downloads\Chalearn\first-impressions\test\tPVSlH_VmZk.000.mp4,test
C:\Users\athas\Downloads\Chalearn\first-impressions\test\Tr3A7WODEuM.004.mp4,test
C:\Users\athas\Downloads\Chalearn\first-impressions\test\TSGpD2NBeCQ.005.mp4,test
C:\Users\athas\Downloads\Chalearn\first-impressions\test\tt-EaApaHx4.003.mp4,test
C:\Users\athas\Downloads\Chalearn\first-impressions\test\tt-EaApaHx4.005.mp4,test
C:\Users\athas\Downloads\Chalearn\first-impressions\test\tTBRJznaNi0.003.mp4,test
C:\Users\athas\Downloads\Chalearn\first-impressions\test\TUaOp5eIU2c.004.mp4,test
C:\Users\athas\Downloads\Chalearn\first-impressions\test\tuuQmKxW3iU.000.mp4,test
C:\Users\athas\Downloads\Chalearn\first-impressions\test\tvKUJujTUEo.000.mp4,test
C:\Users\athas\Downloads\Chalearn\first-impressions\test\TwWDFpN3occ.000.mp4,test
C:\Users\athas\Downloads\Chalearn\first-impressions\test\txU8yE9d-4k.000.mp4,test
C:\Users\athas\Downloads\Chalearn\first-impressions\test\txU8yE9d-4k.004.mp4,test
C:\Users\athas\Downloads\Chalearn\first-impressions\test\TyE0bVJZZto.003.mp4,test
C:\Users\athas\Downloads\Chalearn\first-impressions\test\tYpxPqwle5k.000.mp4,test
C:\Users\athas\Downloads\Chalearn\first-impressions\test\U-XrzfFzMkg.001.mp4,test
C:\Users\athas\Downloads\Chalearn\first-impressions\test\U-XrzfFzMkg.002.mp4,test
C:\Users\athas\Downloads\Chalearn\first-impressions\test\U2RemWUyjts.002.mp4,test
C:\Users\athas\Downloads\Chalearn\first-impressions\test\U2RemWUyjts.004.mp4,test
C:\Users\athas\Downloads\Chalearn\first-impressions\test\U2RemWUyjts.005.mp4,test
C:\Users\athas\Downloads\Chalearn\first-impressions\test\U3UaF1aFek4.003.mp4,test
C:\Users\athas\Downloads\Chalearn\first-impressions\test\U9cidDFDTQE.002.mp4,test
C:\Users\athas\Downloads\Chalearn\first-impressions\test\U9cidDFDTQE.005.mp4,test
C:\Users\athas\Downloads\Chalearn\first-impressions\test\UA6UY69EVSI.001.mp4,test
C:\Users\athas\Downloads\Chalearn\first-impressions\test\UANQntvIqVk.001.mp4,test
C:\Users\athas\Downloads\Chalearn\first-impressions\test\UANQntvIqVk.005.mp4,test
C:\Users\athas\Downloads\Chalearn\first-impressions\test\UD-8YYU7GZs.002.mp4,test
C:\Users\athas\Downloads\Chalearn\first-impressions\test\uDm7iZuX5DQ.000.mp4,test
C:\Users\athas\Downloads\Chalearn\first-impressions\test\uDm7iZuX5DQ.004.mp4,test
C:\Users\athas\Downloads\Chalearn\first-impressions\test\uE2U_Y7QrIw.001.mp4,test
C:\Users\athas\Downloads\Chalearn\first-impressions\test\UEYKBC_SuzU.002.mp4,test
C:\Users\athas\Downloads\Chalearn\first-impressions\test\UEYKBC_SuzU.003.mp4,test
C:\Users\athas\Downloads\Chalearn\first-impressions\test\UEYKBC_SuzU.005.mp4,test
C:\Users\athas\Downloads\Chalearn\first-impressions\test\uf_sIIw4zxY.000.mp4,test
C:\Users\athas\Downloads\Chalearn\first-impressions\test\uf_sIIw4zxY.003.mp4,test
C:\Users\athas\Downloads\Chalearn\first-impressions\test\UhNyHUwo1SY.004.mp4,test
C:\Users\athas\Downloads\Chalearn\first-impressions\test\uHrP02iwW1o.003.mp4,test
C:\Users\athas\Downloads\Chalearn\first-impressions\test\UHXueLgWoOw.002.mp4,test
C:\Users\athas\Downloads\Chalearn\first-impressions\test\uifW-cV-iQo.000.mp4,test
C:\Users\athas\Downloads\Chalearn\first-impressions\test\UipoC_HLOP0.002.mp4,test
C:\Users\athas\Downloads\Chalearn\first-impressions\test\ujC_Fik6sBE.000.mp4,test
C:\Users\athas\Downloads\Chalearn\first-impressions\test\uKy7lHuMQ_o.003.mp4,test
C:\Users\athas\Downloads\Chalearn\first-impressions\test\uMCRfie1lkc.000.mp4,test
C:\Users\athas\Downloads\Chalearn\first-impressions\test\UMMhvyjgRnM.002.mp4,test
C:\Users\athas\Downloads\Chalearn\first-impressions\test\unfkD5YNaDg.003.mp4,test
C:\Users\athas\Downloads\Chalearn\first-impressions\test\UoC_4qi_m9c.004.mp4,test
C:\Users\athas\Downloads\Chalearn\first-impressions\test\uoLDJJMK5Gw.003.mp4,test
C:\Users\athas\Downloads\Chalearn\first-impressions\test\upgv7xmOb1I.000.mp4,test
C:\Users\athas\Downloads\Chalearn\first-impressions\test\UQeuBvZNusI.002.mp4,test
C:\Users\athas\Downloads\Chalearn\first-impressions\test\UQeuBvZNusI.004.mp4,test
C:\Users\athas\Downloads\Chalearn\first-impressions\test\urCVAp964Tc.004.mp4,test
C:\Users\athas\Downloads\Chalearn\first-impressions\test\UrOamWOcOwQ.001.mp4,test
C:\Users\athas\Downloads\Chalearn\first-impressions\test\uRY3aJAaogw.004.mp4,test
C:\Users\athas\Downloads\Chalearn\first-impressions\test\US4PxgfKDeA.002.mp4,test
C:\Users\athas\Downloads\Chalearn\first-impressions\test\usG6pVxbQkw.002.mp4,test
C:\Users\athas\Downloads\Chalearn\first-impressions\test\usG6pVxbQkw.003.mp4,test
C:\Users\athas\Downloads\Chalearn\first-impressions\test\USicjVA1trA.000.mp4,test
C:\Users\athas\Downloads\Chalearn\first-impressions\test\uStuc1OX0f0.001.mp4,test
C:\Users\athas\Downloads\Chalearn\first-impressions\test\uStuc1OX0f0.002.mp4,test
C:\Users\athas\Downloads\Chalearn\first-impressions\test\uStuc1OX0f0.005.mp4,test
C:\Users\athas\Downloads\Chalearn\first-impressions\test\uT-y9m7_-E0.000.mp4,test
C:\Users\athas\Downloads\Chalearn\first-impressions\test\uTluOTPA7e4.005.mp4,test
C:\Users\athas\Downloads\Chalearn\first-impressions\test\utv9RBNcL5w.003.mp4,test
C:\Users\athas\Downloads\Chalearn\first-impressions\test\UtVo107m5lg.000.mp4,test
C:\Users\athas\Downloads\Chalearn\first-impressions\test\UtVo107m5lg.004.mp4,test
C:\Users\athas\Downloads\Chalearn\first-impressions\test\Uu-NbXUPr-A.003.mp4,test
C:\Users\athas\Downloads\Chalearn\first-impressions\test\Uu-NbXUPr-A.004.mp4,test
C:\Users\athas\Downloads\Chalearn\first-impressions\test\UUQQf9N2ce0.000.mp4,test
C:\Users\athas\Downloads\Chalearn\first-impressions\test\UUxEpR5Jgt0.000.mp4,test
C:\Users\athas\Downloads\Chalearn\first-impressions\test\UvaGeSNcw8I.000.mp4,test
C:\Users\athas\Downloads\Chalearn\first-impressions\test\UVMEzA3yHsM.004.mp4,test
C:\Users\athas\Downloads\Chalearn\first-impressions\test\UvX6ctu2ObM.000.mp4,test
C:\Users\athas\Downloads\Chalearn\first-impressions\test\UvX6ctu2ObM.003.mp4,test
C:\Users\athas\Downloads\Chalearn\first-impressions\test\UWG7Jyqc1CY.000.mp4,test
C:\Users\athas\Downloads\Chalearn\first-impressions\test\UWVOT3YPQH4.003.mp4,test
C:\Users\athas\Downloads\Chalearn\first-impressions\test\uYvDMWWq2Jw.003.mp4,test
C:\Users\athas\Downloads\Chalearn\first-impressions\test\u_OwN18tbCI.001.mp4,test
C:\Users\athas\Downloads\Chalearn\first-impressions\test\U_QQ8EuuWPg.004.mp4,test
C:\Users\athas\Downloads\Chalearn\first-impressions\test\u_qvbRpm88k.000.mp4,test
C:\Users\athas\Downloads\Chalearn\first-impressions\test\u_qvbRpm88k.004.mp4,test
C:\Users\athas\Downloads\Chalearn\first-impressions\test\V1I40vVRk78.000.mp4,test
C:\Users\athas\Downloads\Chalearn\first-impressions\test\v1ScttBOQc8.000.mp4,test
C:\Users\athas\Downloads\Chalearn\first-impressions\test\v1ScttBOQc8.003.mp4,test
C:\Users\athas\Downloads\Chalearn\first-impressions\test\V2nvyZB-JNM.005.mp4,test
C:\Users\athas\Downloads\Chalearn\first-impressions\test\V4ibYU1O-YI.003.mp4,test
C:\Users\athas\Downloads\Chalearn\first-impressions\test\V7_h3URfSFY.004.mp4,test
C:\Users\athas\Downloads\Chalearn\first-impressions\test\V8w2Lo5wxl8.003.mp4,test
C:\Users\athas\Downloads\Chalearn\first-impressions\test\V9roK_mLM-w.004.mp4,test
C:\Users\athas\Downloads\Chalearn\first-impressions\test\V9roK_mLM-w.005.mp4,test
C:\Users\athas\Downloads\Chalearn\first-impressions\test\vA1ytZ6QR5c.002.mp4,test
C:\Users\athas\Downloads\Chalearn\first-impressions\test\vAEqpUwBMJQ.002.mp4,test
C:\Users\athas\Downloads\Chalearn\first-impressions\test\VAZLQqJa9rQ.000.mp4,test
C:\Users\athas\Downloads\Chalearn\first-impressions\test\VbiUhNAdzus.005.mp4,test
C:\Users\athas\Downloads\Chalearn\first-impressions\test\vCV-5LypZCs.000.mp4,test
C:\Users\athas\Downloads\Chalearn\first-impressions\test\vCY4uvfrWXA.000.mp4,test
C:\Users\athas\Downloads\Chalearn\first-impressions\test\vE9XgQL7DGE.000.mp4,test
C:\Users\athas\Downloads\Chalearn\first-impressions\test\VForU0EmBr0.004.mp4,test
C:\Users\athas\Downloads\Chalearn\first-impressions\test\VhHnmeRABJw.002.mp4,test
C:\Users\athas\Downloads\Chalearn\first-impressions\test\vhugKRUnd-c.005.mp4,test
C:\Users\athas\Downloads\Chalearn\first-impressions\test\VIhStXxpAr0.002.mp4,test
C:\Users\athas\Downloads\Chalearn\first-impressions\test\VIKk25Ozx40.001.mp4,test
C:\Users\athas\Downloads\Chalearn\first-impressions\test\vIW7gDmhYMk.000.mp4,test
C:\Users\athas\Downloads\Chalearn\first-impressions\test\Vj-Cmtqv_qY.004.mp4,test
C:\Users\athas\Downloads\Chalearn\first-impressions\test\vJDx6TCX32M.005.mp4,test
C:\Users\athas\Downloads\Chalearn\first-impressions\test\VJuVsi6G96s.004.mp4,test
C:\Users\athas\Downloads\Chalearn\first-impressions\test\Vk3scj5vhd4.003.mp4,test
C:\Users\athas\Downloads\Chalearn\first-impressions\test\vLAHfIjmRMc.000.mp4,test
C:\Users\athas\Downloads\Chalearn\first-impressions\test\vLAHfIjmRMc.002.mp4,test
C:\Users\athas\Downloads\Chalearn\first-impressions\test\VmXZ2jMWuvk.005.mp4,test
C:\Users\athas\Downloads\Chalearn\first-impressions\test\vNEs2yGe77s.001.mp4,test
C:\Users\athas\Downloads\Chalearn\first-impressions\test\VNK6LQHh25w.002.mp4,test
C:\Users\athas\Downloads\Chalearn\first-impressions\test\VNK6LQHh25w.005.mp4,test
C:\Users\athas\Downloads\Chalearn\first-impressions\test\VnUkBYQkJms.000.mp4,test
C:\Users\athas\Downloads\Chalearn\first-impressions\test\voB6O-ky9cA.001.mp4,test
C:\Users\athas\Downloads\Chalearn\first-impressions\test\voB6O-ky9cA.002.mp4,test
C:\Users\athas\Downloads\Chalearn\first-impressions\test\vOEQlAMABWM.004.mp4,test
C:\Users\athas\Downloads\Chalearn\first-impressions\test\VoPuhcQc_mg.001.mp4,test
C:\Users\athas\Downloads\Chalearn\first-impressions\test\VoPuhcQc_mg.002.mp4,test
C:\Users\athas\Downloads\Chalearn\first-impressions\test\VoPuhcQc_mg.003.mp4,test
C:\Users\athas\Downloads\Chalearn\first-impressions\test\VoPuhcQc_mg.004.mp4,test
C:\Users\athas\Downloads\Chalearn\first-impressions\test\VoPuhcQc_mg.005.mp4,test
C:\Users\athas\Downloads\Chalearn\first-impressions\test\voSLxKtKr0Q.001.mp4,test
C:\Users\athas\Downloads\Chalearn\first-impressions\test\vp9p1osOaLI.000.mp4,test
C:\Users\athas\Downloads\Chalearn\first-impressions\test\vp9p1osOaLI.001.mp4,test
C:\Users\athas\Downloads\Chalearn\first-impressions\test\vp9p1osOaLI.004.mp4,test
C:\Users\athas\Downloads\Chalearn\first-impressions\test\VPFrKx72gvo.003.mp4,test
C:\Users\athas\Downloads\Chalearn\first-impressions\test\VPFrKx72gvo.005.mp4,test
C:\Users\athas\Downloads\Chalearn\first-impressions\test\vQEZ5KF9I4E.000.mp4,test
C:\Users\athas\Downloads\Chalearn\first-impressions\test\vQEZ5KF9I4E.001.mp4,test
C:\Users\athas\Downloads\Chalearn\first-impressions\test\vqLtOsoNPnU.000.mp4,test
C:\Users\athas\Downloads\Chalearn\first-impressions\test\vqLtOsoNPnU.005.mp4,test
C:\Users\athas\Downloads\Chalearn\first-impressions\test\VQMizni7nY0.000.mp4,test
C:\Users\athas\Downloads\Chalearn\first-impressions\test\vr5FWHUkYRM.002.mp4,test
C:\Users\athas\Downloads\Chalearn\first-impressions\test\vr5FWHUkYRM.004.mp4,test
C:\Users\athas\Downloads\Chalearn\first-impressions\test\VTrqCDYHVqU.000.mp4,test
C:\Users\athas\Downloads\Chalearn\first-impressions\test\VTrqCDYHVqU.005.mp4,test
C:\Users\athas\Downloads\Chalearn\first-impressions\test\VTv4BAYgJpk.000.mp4,test
C:\Users\athas\Downloads\Chalearn\first-impressions\test\VTv4BAYgJpk.004.mp4,test
C:\Users\athas\Downloads\Chalearn\first-impressions\test\VuadgOz6T7s.004.mp4,test
C:\Users\athas\Downloads\Chalearn\first-impressions\test\VuadgOz6T7s.005.mp4,test
C:\Users\athas\Downloads\Chalearn\first-impressions\test\VUGWfw5PVLY.001.mp4,test
C:\Users\athas\Downloads\Chalearn\first-impressions\test\VvSk5m90xOs.001.mp4,test
C:\Users\athas\Downloads\Chalearn\first-impressions\test\VvVigAr4hZc.000.mp4,test
C:\Users\athas\Downloads\Chalearn\first-impressions\test\Vwdi8vyTAUg.001.mp4,test
C:\Users\athas\Downloads\Chalearn\first-impressions\test\vwY6OhjDjOA.003.mp4,test
C:\Users\athas\Downloads\Chalearn\first-impressions\test\VXcccqr-IAU.000.mp4,test
C:\Users\athas\Downloads\Chalearn\first-impressions\test\VxtZDXM0cuQ.000.mp4,test
C:\Users\athas\Downloads\Chalearn\first-impressions\test\VxtZDXM0cuQ.003.mp4,test
C:\Users\athas\Downloads\Chalearn\first-impressions\test\vYkHHVeNK_M.000.mp4,test
C:\Users\athas\Downloads\Chalearn\first-impressions\test\vYkHHVeNK_M.005.mp4,test
C:\Users\athas\Downloads\Chalearn\first-impressions\test\Vyktsh14Kww.001.mp4,test
C:\Users\athas\Downloads\Chalearn\first-impressions\test\Vyktsh14Kww.002.mp4,test
C:\Users\athas\Downloads\Chalearn\first-impressions\test\VZ6jhnbk-5g.005.mp4,test
C:\Users\athas\Downloads\Chalearn\first-impressions\test\vZPLbzF0aSg.002.mp4,test
C:\Users\athas\Downloads\Chalearn\first-impressions\test\vzttwG7SKZ8.001.mp4,test
C:\Users\athas\Downloads\Chalearn\first-impressions\test\vzttwG7SKZ8.002.mp4,test
C:\Users\athas\Downloads\Chalearn\first-impressions\test\W0Ay5uul8j0.000.mp4,test
C:\Users\athas\Downloads\Chalearn\first-impressions\test\W0Ay5uul8j0.003.mp4,test
C:\Users\athas\Downloads\Chalearn\first-impressions\test\w0CQ55sKmck.000.mp4,test
C:\Users\athas\Downloads\Chalearn\first-impressions\test\W0LRjSS9pVM.002.mp4,test
C:\Users\athas\Downloads\Chalearn\first-impressions\test\w2FKw8IhbFw.004.mp4,test
C:\Users\athas\Downloads\Chalearn\first-impressions\test\W48yW9XTI4c.000.mp4,test
C:\Users\athas\Downloads\Chalearn\first-impressions\test\w4cZStXMUII.004.mp4,test
C:\Users\athas\Downloads\Chalearn\first-impressions\test\w4cZStXMUII.005.mp4,test
C:\Users\athas\Downloads\Chalearn\first-impressions\test\W4tz3plvvKI.001.mp4,test
C:\Users\athas\Downloads\Chalearn\first-impressions\test\W4tz3plvvKI.002.mp4,test
C:\Users\athas\Downloads\Chalearn\first-impressions\test\W4tz3plvvKI.005.mp4,test
C:\Users\athas\Downloads\Chalearn\first-impressions\test\W7BbL3NZvrU.002.mp4,test
C:\Users\athas\Downloads\Chalearn\first-impressions\test\w7O2QJu2Wl4.003.mp4,test
C:\Users\athas\Downloads\Chalearn\first-impressions\test\WATt9OOVZh8.000.mp4,test
C:\Users\athas\Downloads\Chalearn\first-impressions\test\wBCSJVBr4ZE.000.mp4,test
C:\Users\athas\Downloads\Chalearn\first-impressions\test\wBCSJVBr4ZE.001.mp4,test
C:\Users\athas\Downloads\Chalearn\first-impressions\test\wBSf7anTC_g.002.mp4,test
C:\Users\athas\Downloads\Chalearn\first-impressions\test\WD1WsbooU2w.004.mp4,test
C:\Users\athas\Downloads\Chalearn\first-impressions\test\WeyuzDseGg4.002.mp4,test
C:\Users\athas\Downloads\Chalearn\first-impressions\test\WFY3xwXQ0Zw.000.mp4,test
C:\Users\athas\Downloads\Chalearn\first-impressions\test\WfZodMIIGR0.001.mp4,test
C:\Users\athas\Downloads\Chalearn\first-impressions\test\WfZodMIIGR0.004.mp4,test
C:\Users\athas\Downloads\Chalearn\first-impressions\test\WGP2HLnoma0.000.mp4,test
C:\Users\athas\Downloads\Chalearn\first-impressions\test\Wj8ZY5d1lbs.001.mp4,test
C:\Users\athas\Downloads\Chalearn\first-impressions\test\wJl7DbsbrDA.002.mp4,test
C:\Users\athas\Downloads\Chalearn\first-impressions\test\wJl7DbsbrDA.003.mp4,test
C:\Users\athas\Downloads\Chalearn\first-impressions\test\wKBObhJXCSQ.000.mp4,test
C:\Users\athas\Downloads\Chalearn\first-impressions\test\WkbvQZU475o.002.mp4,test
C:\Users\athas\Downloads\Chalearn\first-impressions\test\wK_ExIjn5Q8.000.mp4,test
C:\Users\athas\Downloads\Chalearn\first-impressions\test\wK_ExIjn5Q8.003.mp4,test
C:\Users\athas\Downloads\Chalearn\first-impressions\test\WnmPDmb00Mc.000.mp4,test
C:\Users\athas\Downloads\Chalearn\first-impressions\test\WnmPDmb00Mc.001.mp4,test
C:\Users\athas\Downloads\Chalearn\first-impressions\test\WnmPDmb00Mc.002.mp4,test
C:\Users\athas\Downloads\Chalearn\first-impressions\test\WosLI6krxUg.004.mp4,test
C:\Users\athas\Downloads\Chalearn\first-impressions\test\WosLI6krxUg.005.mp4,test
C:\Users\athas\Downloads\Chalearn\first-impressions\test\wp59eOvygp0.000.mp4,test
C:\Users\athas\Downloads\Chalearn\first-impressions\test\WpEZOSrENL0.000.mp4,test
C:\Users\athas\Downloads\Chalearn\first-impressions\test\WpEZOSrENL0.001.mp4,test
C:\Users\athas\Downloads\Chalearn\first-impressions\test\WpEZOSrENL0.003.mp4,test
C:\Users\athas\Downloads\Chalearn\first-impressions\test\WpEZOSrENL0.005.mp4,test
C:\Users\athas\Downloads\Chalearn\first-impressions\test\wTo1uZns2X8.002.mp4,test
C:\Users\athas\Downloads\Chalearn\first-impressions\test\wTo1uZns2X8.004.mp4,test
C:\Users\athas\Downloads\Chalearn\first-impressions\test\WTzDOt2GO1M.004.mp4,test
C:\Users\athas\Downloads\Chalearn\first-impressions\test\wUkdpuWq_Q0.004.mp4,test
C:\Users\athas\Downloads\Chalearn\first-impressions\test\wVpjBxCirAQ.002.mp4,test
C:\Users\athas\Downloads\Chalearn\first-impressions\test\wVpjBxCirAQ.003.mp4,test
C:\Users\athas\Downloads\Chalearn\first-impressions\test\WwGca41TJVU.000.mp4,test
C:\Users\athas\Downloads\Chalearn\first-impressions\test\WwmWN63mkT4.005.mp4,test
C:\Users\athas\Downloads\Chalearn\first-impressions\test\Wx3BaKp74Ig.001.mp4,test
C:\Users\athas\Downloads\Chalearn\first-impressions\test\wXLL0teBlvs.002.mp4,test
C:\Users\athas\Downloads\Chalearn\first-impressions\test\wy1szFSVpEI.000.mp4,test
C:\Users\athas\Downloads\Chalearn\first-impressions\test\Wy4hWbeibhU.001.mp4,test
C:\Users\athas\Downloads\Chalearn\first-impressions\test\wYixHjntI-4.000.mp4,test
C:\Users\athas\Downloads\Chalearn\first-impressions\test\wYixHjntI-4.003.mp4,test
C:\Users\athas\Downloads\Chalearn\first-impressions\test\wyq_eWJClSY.001.mp4,test
C:\Users\athas\Downloads\Chalearn\first-impressions\test\wyq_eWJClSY.005.mp4,test
C:\Users\athas\Downloads\Chalearn\first-impressions\test\WYXRdYT4F0Q.001.mp4,test
C:\Users\athas\Downloads\Chalearn\first-impressions\test\wzCdM6Fe_4A.000.mp4,test
C:\Users\athas\Downloads\Chalearn\first-impressions\test\wzCdM6Fe_4A.002.mp4,test
C:\Users\athas\Downloads\Chalearn\first-impressions\test\WZnLayQeIZ0.004.mp4,test
C:\Users\athas\Downloads\Chalearn\first-impressions\test\w_ExyXsnw2A.005.mp4,test
C:\Users\athas\Downloads\Chalearn\first-impressions\test\X-GXO_urMow.000.mp4,test
C:\Users\athas\Downloads\Chalearn\first-impressions\test\X-i_eQ48DBw.002.mp4,test
C:\Users\athas\Downloads\Chalearn\first-impressions\test\X-i_eQ48DBw.003.mp4,test
C:\Users\athas\Downloads\Chalearn\first-impressions\test\x0mD5kr2hu4.003.mp4,test
C:\Users\athas\Downloads\Chalearn\first-impressions\test\x0mD5kr2hu4.005.mp4,test
C:\Users\athas\Downloads\Chalearn\first-impressions\test\X1EjfXX3NTk.005.mp4,test
C:\Users\athas\Downloads\Chalearn\first-impressions\test\X5aKCrWf6a4.002.mp4,test
C:\Users\athas\Downloads\Chalearn\first-impressions\test\x6Tluj4dJTU.003.mp4,test
C:\Users\athas\Downloads\Chalearn\first-impressions\test\x9FAFeaizu0.002.mp4,test
C:\Users\athas\Downloads\Chalearn\first-impressions\test\xA2OJtxFoeg.005.mp4,test
C:\Users\athas\Downloads\Chalearn\first-impressions\test\xcMwMi4fdis.000.mp4,test
C:\Users\athas\Downloads\Chalearn\first-impressions\test\xcMwMi4fdis.003.mp4,test
C:\Users\athas\Downloads\Chalearn\first-impressions\test\xeE08Vn-HXI.003.mp4,test
C:\Users\athas\Downloads\Chalearn\first-impressions\test\xEmwNv4OxGE.003.mp4,test
C:\Users\athas\Downloads\Chalearn\first-impressions\test\XEpdSMQfEOs.001.mp4,test
C:\Users\athas\Downloads\Chalearn\first-impressions\test\XfK7WZ3skUM.004.mp4,test
C:\Users\athas\Downloads\Chalearn\first-impressions\test\xfMOELCuN94.005.mp4,test
C:\Users\athas\Downloads\Chalearn\first-impressions\test\Xfmu-7JuDGg.005.mp4,test
C:\Users\athas\Downloads\Chalearn\first-impressions\test\XFpzukISe6s.002.mp4,test
C:\Users\athas\Downloads\Chalearn\first-impressions\test\xGo_wImhwkQ.004.mp4,test
C:\Users\athas\Downloads\Chalearn\first-impressions\test\xgwiqo2AsCA.003.mp4,test
C:\Users\athas\Downloads\Chalearn\first-impressions\test\xgwiqo2AsCA.004.mp4,test
C:\Users\athas\Downloads\Chalearn\first-impressions\test\xgwiqo2AsCA.005.mp4,test
C:\Users\athas\Downloads\Chalearn\first-impressions\test\XhgDsQlEnuU.004.mp4,test
C:\Users\athas\Downloads\Chalearn\first-impressions\test\XJj34u5IzU0.005.mp4,test
C:\Users\athas\Downloads\Chalearn\first-impressions\test\xmaC2XOhPaE.000.mp4,test
C:\Users\athas\Downloads\Chalearn\first-impressions\test\xmaC2XOhPaE.002.mp4,test
C:\Users\athas\Downloads\Chalearn\first-impressions\test\xmaC2XOhPaE.004.mp4,test
C:\Users\athas\Downloads\Chalearn\first-impressions\test\xmD4FKMq2rk.002.mp4,test
C:\Users\athas\Downloads\Chalearn\first-impressions\test\xmD4FKMq2rk.004.mp4,test
C:\Users\athas\Downloads\Chalearn\first-impressions\test\XmWA7zTJj-c.005.mp4,test
C:\Users\athas\Downloads\Chalearn\first-impressions\test\XN5vpJU3ifw.002.mp4,test
C:\Users\athas\Downloads\Chalearn\first-impressions\test\XnSbc0tEzQ0.005.mp4,test
C:\Users\athas\Downloads\Chalearn\first-impressions\test\XNWN7ScxVIA.004.mp4,test
C:\Users\athas\Downloads\Chalearn\first-impressions\test\XNWN7ScxVIA.005.mp4,test
C:\Users\athas\Downloads\Chalearn\first-impressions\test\XOioICna1hc.002.mp4,test
C:\Users\athas\Downloads\Chalearn\first-impressions\test\xq0-QVHxp-Q.002.mp4,test
C:\Users\athas\Downloads\Chalearn\first-impressions\test\xq0-QVHxp-Q.003.mp4,test
C:\Users\athas\Downloads\Chalearn\first-impressions\test\xq0-QVHxp-Q.005.mp4,test
C:\Users\athas\Downloads\Chalearn\first-impressions\test\xqGyF2T3pso.004.mp4,test
C:\Users\athas\Downloads\Chalearn\first-impressions\test\xQHmbJ_lPjY.004.mp4,test
C:\Users\athas\Downloads\Chalearn\first-impressions\test\XQZ5M9oLkXw.002.mp4,test
C:\Users\athas\Downloads\Chalearn\first-impressions\test\xRhUBifOWiI.005.mp4,test
C:\Users\athas\Downloads\Chalearn\first-impressions\test\xsDABUrvs6w.003.mp4,test
C:\Users\athas\Downloads\Chalearn\first-impressions\test\xsDABUrvs6w.004.mp4,test
C:\Users\athas\Downloads\Chalearn\first-impressions\test\xsDABUrvs6w.005.mp4,test
C:\Users\athas\Downloads\Chalearn\first-impressions\test\XT4rTk6-Etc.002.mp4,test
C:\Users\athas\Downloads\Chalearn\first-impressions\test\XT4rTk6-Etc.003.mp4,test
C:\Users\athas\Downloads\Chalearn\first-impressions\test\XT4rTk6-Etc.004.mp4,test
C:\Users\athas\Downloads\Chalearn\first-impressions\test\xtDw9TlWiww.003.mp4,test
C:\Users\athas\Downloads\Chalearn\first-impressions\test\XtI2ju2a8iM.002.mp4,test
C:\Users\athas\Downloads\Chalearn\first-impressions\test\xun35caJTQI.001.mp4,test
C:\Users\athas\Downloads\Chalearn\first-impressions\test\xun35caJTQI.004.mp4,test
C:\Users\athas\Downloads\Chalearn\first-impressions\test\xVJDjbiIjTo.005.mp4,test
C:\Users\athas\Downloads\Chalearn\first-impressions\test\xYXVkQOmSfk.004.mp4,test
C:\Users\athas\Downloads\Chalearn\first-impressions\test\Y1LXjxAQihQ.000.mp4,test
C:\Users\athas\Downloads\Chalearn\first-impressions\test\Y1LXjxAQihQ.002.mp4,test
C:\Users\athas\Downloads\Chalearn\first-impressions\test\y2UF49ddapI.000.mp4,test
C:\Users\athas\Downloads\Chalearn\first-impressions\test\y3_71Wpt9eA.003.mp4,test
C:\Users\athas\Downloads\Chalearn\first-impressions\test\Y6iogSmj6FQ.001.mp4,test
C:\Users\athas\Downloads\Chalearn\first-impressions\test\y6LC5kAJmHw.005.mp4,test
C:\Users\athas\Downloads\Chalearn\first-impressions\test\Y98eRPs-78E.000.mp4,test
C:\Users\athas\Downloads\Chalearn\first-impressions\test\y9nS5DkAInI.001.mp4,test
C:\Users\athas\Downloads\Chalearn\first-impressions\test\Y9wnqLKhNNI.000.mp4,test
C:\Users\athas\Downloads\Chalearn\first-impressions\test\Y9WX7ucPP-o.003.mp4,test
C:\Users\athas\Downloads\Chalearn\first-impressions\test\Y9WX7ucPP-o.004.mp4,test
C:\Users\athas\Downloads\Chalearn\first-impressions\test\Y9WX7ucPP-o.005.mp4,test
C:\Users\athas\Downloads\Chalearn\first-impressions\test\ya8Ec_yTai8.000.mp4,test
C:\Users\athas\Downloads\Chalearn\first-impressions\test\yBlPsPBRv5E.003.mp4,test
C:\Users\athas\Downloads\Chalearn\first-impressions\test\yBlPsPBRv5E.005.mp4,test
C:\Users\athas\Downloads\Chalearn\first-impressions\test\YBsKLg3GMrE.001.mp4,test
C:\Users\athas\Downloads\Chalearn\first-impressions\test\yEY_2BYZhnQ.001.mp4,test
C:\Users\athas\Downloads\Chalearn\first-impressions\test\YFm-8VGsUGg.004.mp4,test
C:\Users\athas\Downloads\Chalearn\first-impressions\test\yftfxiDNXko.003.mp4,test
C:\Users\athas\Downloads\Chalearn\first-impressions\test\yftfxiDNXko.005.mp4,test
C:\Users\athas\Downloads\Chalearn\first-impressions\test\YGJ33FXzJO8.001.mp4,test
C:\Users\athas\Downloads\Chalearn\first-impressions\test\YGrCXe2-fVk.000.mp4,test
C:\Users\athas\Downloads\Chalearn\first-impressions\test\YGrCXe2-fVk.002.mp4,test
C:\Users\athas\Downloads\Chalearn\first-impressions\test\ygUEI08LgcM.005.mp4,test
C:\Users\athas\Downloads\Chalearn\first-impressions\test\yHwuRYr5lxk.000.mp4,test
C:\Users\athas\Downloads\Chalearn\first-impressions\test\yHwuRYr5lxk.001.mp4,test
C:\Users\athas\Downloads\Chalearn\first-impressions\test\yHwuRYr5lxk.002.mp4,test
C:\Users\athas\Downloads\Chalearn\first-impressions\test\yIe7Rp54-bU.003.mp4,test
C:\Users\athas\Downloads\Chalearn\first-impressions\test\yIM5bal1VVs.001.mp4,test
C:\Users\athas\Downloads\Chalearn\first-impressions\test\yIM5bal1VVs.002.mp4,test
C:\Users\athas\Downloads\Chalearn\first-impressions\test\YiX6thczM1w.000.mp4,test
C:\Users\athas\Downloads\Chalearn\first-impressions\test\YiX6thczM1w.004.mp4,test
C:\Users\athas\Downloads\Chalearn\first-impressions\test\yj2Y1Y26rd4.003.mp4,test
C:\Users\athas\Downloads\Chalearn\first-impressions\test\Yj36y7ELRZE.002.mp4,test
C:\Users\athas\Downloads\Chalearn\first-impressions\test\YJ5CINQ8v_E.002.mp4,test
C:\Users\athas\Downloads\Chalearn\first-impressions\test\YliKljQIX2o.005.mp4,test
C:\Users\athas\Downloads\Chalearn\first-impressions\test\YLKPVl-M3Ck.002.mp4,test
C:\Users\athas\Downloads\Chalearn\first-impressions\test\YocrYFLm4CM.001.mp4,test
C:\Users\athas\Downloads\Chalearn\first-impressions\test\YocrYFLm4CM.004.mp4,test
C:\Users\athas\Downloads\Chalearn\first-impressions\test\yOzHZOg95Ug.000.mp4,test
C:\Users\athas\Downloads\Chalearn\first-impressions\test\yp-tfq1NxBk.001.mp4,test
C:\Users\athas\Downloads\Chalearn\first-impressions\test\YPMffqhP0C8.005.mp4,test
C:\Users\athas\Downloads\Chalearn\first-impressions\test\YPnuq0tDDqk.002.mp4,test
C:\Users\athas\Downloads\Chalearn\first-impressions\test\YPnuq0tDDqk.004.mp4,test
C:\Users\athas\Downloads\Chalearn\first-impressions\test\YQwkdwB9Sxo.000.mp4,test
C:\Users\athas\Downloads\Chalearn\first-impressions\test\yRVvI1x2DBI.001.mp4,test
C:\Users\athas\Downloads\Chalearn\first-impressions\test\YryBLVZgJj0.002.mp4,test
C:\Users\athas\Downloads\Chalearn\first-impressions\test\ySEeioc339E.000.mp4,test
C:\Users\athas\Downloads\Chalearn\first-impressions\test\ySEeioc339E.001.mp4,test
C:\Users\athas\Downloads\Chalearn\first-impressions\test\ytSIdQkw3gc.001.mp4,test
C:\Users\athas\Downloads\Chalearn\first-impressions\test\YucC--PknOo.000.mp4,test
C:\Users\athas\Downloads\Chalearn\first-impressions\test\yUESJPS0wS8.001.mp4,test
C:\Users\athas\Downloads\Chalearn\first-impressions\test\yw-2AGeAjFc.000.mp4,test
C:\Users\athas\Downloads\Chalearn\first-impressions\test\YwsVpkumbJc.001.mp4,test
C:\Users\athas\Downloads\Chalearn\first-impressions\test\YygvfVxOWP8.003.mp4,test
C:\Users\athas\Downloads\Chalearn\first-impressions\test\YyHOKFYDZ5Y.001.mp4,test
C:\Users\athas\Downloads\Chalearn\first-impressions\test\yyqXzlF8Fgc.002.mp4,test
C:\Users\athas\Downloads\Chalearn\first-impressions\test\yyqXzlF8Fgc.004.mp4,test
C:\Users\athas\Downloads\Chalearn\first-impressions\test\yZk7Laj80z4.000.mp4,test
C:\Users\athas\Downloads\Chalearn\first-impressions\test\yzKfXFT5KYU.001.mp4,test
C:\Users\athas\Downloads\Chalearn\first-impressions\test\YZp79VcnY0w.000.mp4,test
C:\Users\athas\Downloads\Chalearn\first-impressions\test\z0v9LukQRHU.002.mp4,test
C:\Users\athas\Downloads\Chalearn\first-impressions\test\z0v9LukQRHU.003.mp4,test
C:\Users\athas\Downloads\Chalearn\first-impressions\test\z1q3ktuRdII.004.mp4,test
C:\Users\athas\Downloads\Chalearn\first-impressions\test\Z3E1jkaNRKs.002.mp4,test
C:\Users\athas\Downloads\Chalearn\first-impressions\test\z54OqeICELg.002.mp4,test
C:\Users\athas\Downloads\Chalearn\first-impressions\test\Z5S5uGXkNuc.005.mp4,test
C:\Users\athas\Downloads\Chalearn\first-impressions\test\z6E5hLYhaZk.000.mp4,test
C:\Users\athas\Downloads\Chalearn\first-impressions\test\Z9GzSxQHKSI.003.mp4,test
C:\Users\athas\Downloads\Chalearn\first-impressions\test\Z9GzSxQHKSI.005.mp4,test
C:\Users\athas\Downloads\Chalearn\first-impressions\test\ZaihsIQZCx8.004.mp4,test
C:\Users\athas\Downloads\Chalearn\first-impressions\test\ZCLfVue6xAg.000.mp4,test
C:\Users\athas\Downloads\Chalearn\first-impressions\test\ZeGT9pSG734.000.mp4,test
C:\Users\athas\Downloads\Chalearn\first-impressions\test\ZeGT9pSG734.001.mp4,test
C:\Users\athas\Downloads\Chalearn\first-impressions\test\zeUC7e-4w1E.001.mp4,test
C:\Users\athas\Downloads\Chalearn\first-impressions\test\zF3Uk2OAJAE.003.mp4,test
C:\Users\athas\Downloads\Chalearn\first-impressions\test\zFVjcb45pjI.000.mp4,test
C:\Users\athas\Downloads\Chalearn\first-impressions\test\ZgFh3JPMs3Q.005.mp4,test
C:\Users\athas\Downloads\Chalearn\first-impressions\test\ZGox7tevC6A.000.mp4,test
C:\Users\athas\Downloads\Chalearn\first-impressions\test\ZGox7tevC6A.002.mp4,test
C:\Users\athas\Downloads\Chalearn\first-impressions\test\ZGox7tevC6A.003.mp4,test
C:\Users\athas\Downloads\Chalearn\first-impressions\test\ZhPQrqxo2mw.003.mp4,test
C:\Users\athas\Downloads\Chalearn\first-impressions\test\ZHya-p83XPQ.000.mp4,test
C:\Users\athas\Downloads\Chalearn\first-impressions\test\ZIyfXdCxN9E.001.mp4,test
C:\Users\athas\Downloads\Chalearn\first-impressions\test\zJEnT19uoPY.003.mp4,test
C:\Users\athas\Downloads\Chalearn\first-impressions\test\ZkypeQdzgvQ.001.mp4,test
C:\Users\athas\Downloads\Chalearn\first-impressions\test\ZlcINjtdkQQ.002.mp4,test
C:\Users\athas\Downloads\Chalearn\first-impressions\test\ZMOcuCj-86c.001.mp4,test
C:\Users\athas\Downloads\Chalearn\first-impressions\test\zMXfMcqpPwQ.003.mp4,test
C:\Users\athas\Downloads\Chalearn\first-impressions\test\zMXfMcqpPwQ.004.mp4,test
C:\Users\athas\Downloads\Chalearn\first-impressions\test\Znixev2a1AI.005.mp4,test
C:\Users\athas\Downloads\Chalearn\first-impressions\test\zNmuwZkaeVg.004.mp4,test
C:\Users\athas\Downloads\Chalearn\first-impressions\test\ZNymNgd5EuQ.001.mp4,test
C:\Users\athas\Downloads\Chalearn\first-impressions\test\ZNymNgd5EuQ.003.mp4,test
C:\Users\athas\Downloads\Chalearn\first-impressions\test\ZO5JoyVTat8.003.mp4,test
C:\Users\athas\Downloads\Chalearn\first-impressions\test\ZoHY-rWJsyw.003.mp4,test
C:\Users\athas\Downloads\Chalearn\first-impressions\test\ZoHY-rWJsyw.005.mp4,test
C:\Users\athas\Downloads\Chalearn\first-impressions\test\ZqbJIM7rmO8.000.mp4,test
C:\Users\athas\Downloads\Chalearn\first-impressions\test\ZqbJIM7rmO8.002.mp4,test
C:\Users\athas\Downloads\Chalearn\first-impressions\test\ZRl_k6DzTeI.005.mp4,test
C:\Users\athas\Downloads\Chalearn\first-impressions\test\ZT7cEiaYGp8.002.mp4,test
C:\Users\athas\Downloads\Chalearn\first-impressions\test\ZT7cEiaYGp8.005.mp4,test
C:\Users\athas\Downloads\Chalearn\first-impressions\test\zWetcoNHgrQ.001.mp4,test
C:\Users\athas\Downloads\Chalearn\first-impressions\test\zwO2zBdbCb4.004.mp4,test
C:\Users\athas\Downloads\Chalearn\first-impressions\test\ZxxRJRz2hf0.000.mp4,test
C:\Users\athas\Downloads\Chalearn\first-impressions\test\zyGz_H1UTnQ.000.mp4,test
C:\Users\athas\Downloads\Chalearn\first-impressions\test\zyGz_H1UTnQ.001.mp4,test
C:\Users\athas\Downloads\Chalearn\first-impressions\test\ZYmZ6fOnEVg.000.mp4,test
C:\Users\athas\Downloads\Chalearn\first-impressions\test\Z_STuUHKQTg.001.mp4,test
C:\Users\athas\Downloads\Chalearn\first-impressions\test\_01AyUz9J9I.001.mp4,test
C:\Users\athas\Downloads\Chalearn\first-impressions\test\_01AyUz9J9I.004.mp4,test
C:\Users\athas\Downloads\Chalearn\first-impressions\test\_0bg1TLPP-I.000.mp4,test
C:\Users\athas\Downloads\Chalearn\first-impressions\test\_65KGQpiabs.002.mp4,test
C:\Users\athas\Downloads\Chalearn\first-impressions\test\_7hGh6VU4IU.001.mp4,test
C:\Users\athas\Downloads\Chalearn\first-impressions\test\_7hGh6VU4IU.002.mp4,test
C:\Users\athas\Downloads\Chalearn\first-impressions\test\_7s27dUoYVg.002.mp4,test
C:\Users\athas\Downloads\Chalearn\first-impressions\test\_bOOlidEWgY.000.mp4,test
C:\Users\athas\Downloads\Chalearn\first-impressions\test\_fJcW5234bY.005.mp4,test
C:\Users\athas\Downloads\Chalearn\first-impressions\test\_g3M_MoFIvA.003.mp4,test
C:\Users\athas\Downloads\Chalearn\first-impressions\test\_GFregyrwfo.001.mp4,test
C:\Users\athas\Downloads\Chalearn\first-impressions\test\_kK9tGN883Y.002.mp4,test
C:\Users\athas\Downloads\Chalearn\first-impressions\test\_kK9tGN883Y.005.mp4,test
C:\Users\athas\Downloads\Chalearn\first-impressions\test\_lQinJGE7Qs.005.mp4,test
C:\Users\athas\Downloads\Chalearn\first-impressions\test\_mtiuHyOFXg.004.mp4,test
C:\Users\athas\Downloads\Chalearn\first-impressions\test\_mvqVnzddCw.003.mp4,test
C:\Users\athas\Downloads\Chalearn\first-impressions\test\_mvqVnzddCw.005.mp4,test
C:\Users\athas\Downloads\Chalearn\first-impressions\test\_plk5k7PBEg.003.mp4,test
C:\Users\athas\Downloads\Chalearn\first-impressions\test\_plk5k7PBEg.004.mp4,test
C:\Users\athas\Downloads\Chalearn\first-impressions\test\_Q4wOgixh7E.001.mp4,test
C:\Users\athas\Downloads\Chalearn\first-impressions\test\_Q4wOgixh7E.002.mp4,test
C:\Users\athas\Downloads\Chalearn\first-impressions\test\_Q4wOgixh7E.004.mp4,test
C:\Users\athas\Downloads\Chalearn\first-impressions\test\_Q4wOgixh7E.005.mp4,test
C:\Users\athas\Downloads\Chalearn\first-impressions\test\_TbRQa4InvM.001.mp4,test
C:\Users\athas\Downloads\Chalearn\first-impressions\test\_tq-VgoXGMo.004.mp4,test
C:\Users\athas\Downloads\Chalearn\first-impressions\test\_UnoRkHkYB8.001.mp4,test
C:\Users\athas\Downloads\Chalearn\first-impressions\test\_X6_C_Oy9VA.002.mp4,test
C:\Users\athas\Downloads\Chalearn\first-impressions\test\_ZjEr8ybbFM.005.mp4,test
C:\Users\athas\Downloads\Chalearn\first-impressions\train\--Ymqszjv54.001.mp4,train
C:\Users\athas\Downloads\Chalearn\first-impressions\train\--Ymqszjv54.003.mp4,train
C:\Users\athas\Downloads\Chalearn\first-impressions\train\--Ymqszjv54.004.mp4,train
C:\Users\athas\Downloads\Chalearn\first-impressions\train\--Ymqszjv54.005.mp4,train
C:\Users\athas\Downloads\Chalearn\first-impressions\train\-2qsCrkXdWs.001.mp4,train
C:\Users\athas\Downloads\Chalearn\first-impressions\train\-55DRRMTppE.000.mp4,train
C:\Users\athas\Downloads\Chalearn\first-impressions\train\-55DRRMTppE.005.mp4,train
C:\Users\athas\Downloads\Chalearn\first-impressions\train\-5riMLK-PgU.001.mp4,train
C:\Users\athas\Downloads\Chalearn\first-impressions\train\-6otZ7M-Mro.000.mp4,train
C:\Users\athas\Downloads\Chalearn\first-impressions\train\-6otZ7M-Mro.001.mp4,train
C:\Users\athas\Downloads\Chalearn\first-impressions\train\-8asrRvfJWA.003.mp4,train
C:\Users\athas\Downloads\Chalearn\first-impressions\train\-8asrRvfJWA.004.mp4,train
C:\Users\athas\Downloads\Chalearn\first-impressions\train\-9BZ8A9U7TE.000.mp4,train
C:\Users\athas\Downloads\Chalearn\first-impressions\train\-9BZ8A9U7TE.003.mp4,train
C:\Users\athas\Downloads\Chalearn\first-impressions\train\-9BZ8A9U7TE.004.mp4,train
C:\Users\athas\Downloads\Chalearn\first-impressions\train\-agCXYgb7pI.004.mp4,train
C:\Users\athas\Downloads\Chalearn\first-impressions\train\-AmMDnVl4s8.003.mp4,train
C:\Users\athas\Downloads\Chalearn\first-impressions\train\-aU2FN5pkWA.001.mp4,train
C:\Users\athas\Downloads\Chalearn\first-impressions\train\-aU2FN5pkWA.004.mp4,train
C:\Users\athas\Downloads\Chalearn\first-impressions\train\-awAu11kBZ0.000.mp4,train
C:\Users\athas\Downloads\Chalearn\first-impressions\train\-c2HtptBFxY.002.mp4,train
C:\Users\athas\Downloads\Chalearn\first-impressions\train\-C5M9g4Quzc.002.mp4,train
C:\Users\athas\Downloads\Chalearn\first-impressions\train\-c_tyGzShwk.004.mp4,train
C:\Users\athas\Downloads\Chalearn\first-impressions\train\-DOqN0d8KHw.002.mp4,train
C:\Users\athas\Downloads\Chalearn\first-impressions\train\-DOqN0d8KHw.003.mp4,train
C:\Users\athas\Downloads\Chalearn\first-impressions\train\-fqiCqZtgYs.001.mp4,train
C:\Users\athas\Downloads\Chalearn\first-impressions\train\-fqiCqZtgYs.002.mp4,train
C:\Users\athas\Downloads\Chalearn\first-impressions\train\-fqiCqZtgYs.003.mp4,train
C:\Users\athas\Downloads\Chalearn\first-impressions\train\-fXqnCljdm0.000.mp4,train
C:\Users\athas\Downloads\Chalearn\first-impressions\train\-fXqnCljdm0.003.mp4,train
C:\Users\athas\Downloads\Chalearn\first-impressions\train\-Gl98Jn45Fs.000.mp4,train
C:\Users\athas\Downloads\Chalearn\first-impressions\train\-Gl98Jn45Fs.001.mp4,train
C:\Users\athas\Downloads\Chalearn\first-impressions\train\-Gl98Jn45Fs.003.mp4,train
C:\Users\athas\Downloads\Chalearn\first-impressions\train\-IK--4uz5ZY.000.mp4,train
C:\Users\athas\Downloads\Chalearn\first-impressions\train\-IK--4uz5ZY.002.mp4,train
C:\Users\athas\Downloads\Chalearn\first-impressions\train\-IK--4uz5ZY.003.mp4,train
C:\Users\athas\Downloads\Chalearn\first-impressions\train\-IK--4uz5ZY.004.mp4,train
C:\Users\athas\Downloads\Chalearn\first-impressions\train\-mt-IKgGhuY.004.mp4,train
C:\Users\athas\Downloads\Chalearn\first-impressions\train\-N6QKrbnaDs.005.mp4,train
C:\Users\athas\Downloads\Chalearn\first-impressions\train\-NwfYYf5xLo.005.mp4,train
C:\Users\athas\Downloads\Chalearn\first-impressions\train\-Osv5l1vrNU.001.mp4,train
C:\Users\athas\Downloads\Chalearn\first-impressions\train\-Osv5l1vrNU.004.mp4,train
C:\Users\athas\Downloads\Chalearn\first-impressions\train\-OXMbG7ZwRk.000.mp4,train
C:\Users\athas\Downloads\Chalearn\first-impressions\train\-OXMbG7ZwRk.003.mp4,train
C:\Users\athas\Downloads\Chalearn\first-impressions\train\-OXMbG7ZwRk.004.mp4,train
C:\Users\athas\Downloads\Chalearn\first-impressions\train\-OXMbG7ZwRk.005.mp4,train
C:\Users\athas\Downloads\Chalearn\first-impressions\train\-R2SZu3SYgM.000.mp4,train
C:\Users\athas\Downloads\Chalearn\first-impressions\train\-R2SZu3SYgM.004.mp4,train
C:\Users\athas\Downloads\Chalearn\first-impressions\train\-RhPxhfpg4U.001.mp4,train
C:\Users\athas\Downloads\Chalearn\first-impressions\train\-RhPxhfpg4U.003.mp4,train
C:\Users\athas\Downloads\Chalearn\first-impressions\train\-RhPxhfpg4U.005.mp4,train
C:\Users\athas\Downloads\Chalearn\first-impressions\train\-utrsarZeIY.001.mp4,train
C:\Users\athas\Downloads\Chalearn\first-impressions\train\-utrsarZeIY.004.mp4,train
C:\Users\athas\Downloads\Chalearn\first-impressions\train\-VTqcHNgH7M.002.mp4,train
C:\Users\athas\Downloads\Chalearn\first-impressions\train\-VTqcHNgH7M.003.mp4,train
C:\Users\athas\Downloads\Chalearn\first-impressions\train\-VTqcHNgH7M.004.mp4,train
C:\Users\athas\Downloads\Chalearn\first-impressions\train\-Wqk9eex6bQ.002.mp4,train
C:\Users\athas\Downloads\Chalearn\first-impressions\train\-Wqk9eex6bQ.003.mp4,train
C:\Users\athas\Downloads\Chalearn\first-impressions\train\-Wqk9eex6bQ.004.mp4,train
C:\Users\athas\Downloads\Chalearn\first-impressions\train\-Wqk9eex6bQ.005.mp4,train
C:\Users\athas\Downloads\Chalearn\first-impressions\train\-zNyDPzId4E.001.mp4,train
C:\Users\athas\Downloads\Chalearn\first-impressions\train\-zNyDPzId4E.003.mp4,train
C:\Users\athas\Downloads\Chalearn\first-impressions\train\01qN-BqJXRM.005.mp4,train
C:\Users\athas\Downloads\Chalearn\first-impressions\train\04oq2yrBwMg.001.mp4,train
C:\Users\athas\Downloads\Chalearn\first-impressions\train\04oq2yrBwMg.004.mp4,train
C:\Users\athas\Downloads\Chalearn\first-impressions\train\05l5bteT_qA.000.mp4,train
C:\Users\athas\Downloads\Chalearn\first-impressions\train\05l5bteT_qA.001.mp4,train
C:\Users\athas\Downloads\Chalearn\first-impressions\train\0axZSeaUbfs.002.mp4,train
C:\Users\athas\Downloads\Chalearn\first-impressions\train\0axZSeaUbfs.004.mp4,train
C:\Users\athas\Downloads\Chalearn\first-impressions\train\0axZSeaUbfs.005.mp4,train
C:\Users\athas\Downloads\Chalearn\first-impressions\train\0C6i34q2-f8.000.mp4,train
C:\Users\athas\Downloads\Chalearn\first-impressions\train\0C6i34q2-f8.001.mp4,train
C:\Users\athas\Downloads\Chalearn\first-impressions\train\0C6i34q2-f8.003.mp4,train
C:\Users\athas\Downloads\Chalearn\first-impressions\train\0D7W2pR4RpQ.004.mp4,train
C:\Users\athas\Downloads\Chalearn\first-impressions\train\0dIqLMMn4jY.000.mp4,train
C:\Users\athas\Downloads\Chalearn\first-impressions\train\0fMw9o1v2tY.001.mp4,train
C:\Users\athas\Downloads\Chalearn\first-impressions\train\0fMw9o1v2tY.002.mp4,train
C:\Users\athas\Downloads\Chalearn\first-impressions\train\0fMw9o1v2tY.003.mp4,train
C:\Users\athas\Downloads\Chalearn\first-impressions\train\0FVu7VKIg2s.000.mp4,train
C:\Users\athas\Downloads\Chalearn\first-impressions\train\0G9vplL8ae8.001.mp4,train
C:\Users\athas\Downloads\Chalearn\first-impressions\train\0G9vplL8ae8.003.mp4,train
C:\Users\athas\Downloads\Chalearn\first-impressions\train\0gv5Z0qt2jc.000.mp4,train
C:\Users\athas\Downloads\Chalearn\first-impressions\train\0gv5Z0qt2jc.001.mp4,train
C:\Users\athas\Downloads\Chalearn\first-impressions\train\0gv5Z0qt2jc.002.mp4,train
C:\Users\athas\Downloads\Chalearn\first-impressions\train\0gv5Z0qt2jc.003.mp4,train
C:\Users\athas\Downloads\Chalearn\first-impressions\train\0gv5Z0qt2jc.004.mp4,train
C:\Users\athas\Downloads\Chalearn\first-impressions\train\0gv5Z0qt2jc.005.mp4,train
C:\Users\athas\Downloads\Chalearn\first-impressions\train\0hWbtuRVUgM.001.mp4,train
C:\Users\athas\Downloads\Chalearn\first-impressions\train\0hWbtuRVUgM.005.mp4,train
C:\Users\athas\Downloads\Chalearn\first-impressions\train\0iQIfGnKflc.001.mp4,train
C:\Users\athas\Downloads\Chalearn\first-impressions\train\0iQIfGnKflc.002.mp4,train
C:\Users\athas\Downloads\Chalearn\first-impressions\train\0iXXdsO95O0.000.mp4,train
C:\Users\athas\Downloads\Chalearn\first-impressions\train\0kg6pmbSN6A.000.mp4,train
C:\Users\athas\Downloads\Chalearn\first-impressions\train\0kg6pmbSN6A.001.mp4,train
C:\Users\athas\Downloads\Chalearn\first-impressions\train\0kg6pmbSN6A.002.mp4,train
C:\Users\athas\Downloads\Chalearn\first-impressions\train\0kg6pmbSN6A.005.mp4,train
C:\Users\athas\Downloads\Chalearn\first-impressions\train\0LqfKzp11kg.000.mp4,train
C:\Users\athas\Downloads\Chalearn\first-impressions\train\0MB91ku0eEw.003.mp4,train
C:\Users\athas\Downloads\Chalearn\first-impressions\train\0mym1CooiTE.000.mp4,train
C:\Users\athas\Downloads\Chalearn\first-impressions\train\0mym1CooiTE.001.mp4,train
C:\Users\athas\Downloads\Chalearn\first-impressions\train\0mym1CooiTE.003.mp4,train
C:\Users\athas\Downloads\Chalearn\first-impressions\train\0mym1CooiTE.004.mp4,train
C:\Users\athas\Downloads\Chalearn\first-impressions\train\0n2vWTs6XwA.001.mp4,train
C:\Users\athas\Downloads\Chalearn\first-impressions\train\0ObEtA6Q8vU.002.mp4,train
C:\Users\athas\Downloads\Chalearn\first-impressions\train\0ObEtA6Q8vU.003.mp4,train
C:\Users\athas\Downloads\Chalearn\first-impressions\train\0ObEtA6Q8vU.005.mp4,train
C:\Users\athas\Downloads\Chalearn\first-impressions\train\0QTR0WiJSNk.001.mp4,train
C:\Users\athas\Downloads\Chalearn\first-impressions\train\0RLFM1ehSFM.000.mp4,train
C:\Users\athas\Downloads\Chalearn\first-impressions\train\0tse0Fsy_rg.001.mp4,train
C:\Users\athas\Downloads\Chalearn\first-impressions\train\0tse0Fsy_rg.002.mp4,train
C:\Users\athas\Downloads\Chalearn\first-impressions\train\0tse0Fsy_rg.004.mp4,train
C:\Users\athas\Downloads\Chalearn\first-impressions\train\0u56Q_QmxIM.002.mp4,train
C:\Users\athas\Downloads\Chalearn\first-impressions\train\0u56Q_QmxIM.004.mp4,train
C:\Users\athas\Downloads\Chalearn\first-impressions\train\0uCqd5hZcyI.000.mp4,train
C:\Users\athas\Downloads\Chalearn\first-impressions\train\0uCqd5hZcyI.005.mp4,train
C:\Users\athas\Downloads\Chalearn\first-impressions\train\0VnZngec8sc.001.mp4,train
C:\Users\athas\Downloads\Chalearn\first-impressions\train\0VnZngec8sc.003.mp4,train
C:\Users\athas\Downloads\Chalearn\first-impressions\train\0VnZngec8sc.004.mp4,train
C:\Users\athas\Downloads\Chalearn\first-impressions\train\0Wr69VD_oXI.004.mp4,train
C:\Users\athas\Downloads\Chalearn\first-impressions\train\0zJcYnsh55g.003.mp4,train
C:\Users\athas\Downloads\Chalearn\first-impressions\train\0ZK5jQAvhFo.004.mp4,train
C:\Users\athas\Downloads\Chalearn\first-impressions\train\0_xOGmydDN0.001.mp4,train
C:\Users\athas\Downloads\Chalearn\first-impressions\train\0_xOGmydDN0.002.mp4,train
C:\Users\athas\Downloads\Chalearn\first-impressions\train\0_xOGmydDN0.003.mp4,train
C:\Users\athas\Downloads\Chalearn\first-impressions\train\0_xOGmydDN0.004.mp4,train
C:\Users\athas\Downloads\Chalearn\first-impressions\train\1-GgVRmAEoo.002.mp4,train
C:\Users\athas\Downloads\Chalearn\first-impressions\train\1-GgVRmAEoo.003.mp4,train
C:\Users\athas\Downloads\Chalearn\first-impressions\train\1-GgVRmAEoo.004.mp4,train
C:\Users\athas\Downloads\Chalearn\first-impressions\train\117jrwvl2Nc.000.mp4,train
C:\Users\athas\Downloads\Chalearn\first-impressions\train\117jrwvl2Nc.004.mp4,train
C:\Users\athas\Downloads\Chalearn\first-impressions\train\12Ezy1y1cWY.001.mp4,train
C:\Users\athas\Downloads\Chalearn\first-impressions\train\12Ezy1y1cWY.005.mp4,train
C:\Users\athas\Downloads\Chalearn\first-impressions\train\12Hbl_oZF9c.001.mp4,train
C:\Users\athas\Downloads\Chalearn\first-impressions\train\12Hbl_oZF9c.003.mp4,train
C:\Users\athas\Downloads\Chalearn\first-impressions\train\12lqQE6oPNE.001.mp4,train
C:\Users\athas\Downloads\Chalearn\first-impressions\train\13kjwEtSyXc.000.mp4,train
C:\Users\athas\Downloads\Chalearn\first-impressions\train\13kjwEtSyXc.002.mp4,train
C:\Users\athas\Downloads\Chalearn\first-impressions\train\13kjwEtSyXc.004.mp4,train
C:\Users\athas\Downloads\Chalearn\first-impressions\train\13KtmgntgQw.002.mp4,train
C:\Users\athas\Downloads\Chalearn\first-impressions\train\13XlKeC_p3U.000.mp4,train
C:\Users\athas\Downloads\Chalearn\first-impressions\train\13XlKeC_p3U.001.mp4,train
C:\Users\athas\Downloads\Chalearn\first-impressions\train\15yOT2ZolPE.002.mp4,train
C:\Users\athas\Downloads\Chalearn\first-impressions\train\176vWywoq9E.000.mp4,train
C:\Users\athas\Downloads\Chalearn\first-impressions\train\176vWywoq9E.001.mp4,train
C:\Users\athas\Downloads\Chalearn\first-impressions\train\176vWywoq9E.002.mp4,train
C:\Users\athas\Downloads\Chalearn\first-impressions\train\176vWywoq9E.004.mp4,train
C:\Users\athas\Downloads\Chalearn\first-impressions\train\184MlJCcboQ.000.mp4,train
C:\Users\athas\Downloads\Chalearn\first-impressions\train\186c7kCyCHQ.005.mp4,train
C:\Users\athas\Downloads\Chalearn\first-impressions\train\19cplBTXyoY.002.mp4,train
C:\Users\athas\Downloads\Chalearn\first-impressions\train\19pTUX8KfYM.000.mp4,train
C:\Users\athas\Downloads\Chalearn\first-impressions\train\1AMp8Y_0UGc.000.mp4,train
C:\Users\athas\Downloads\Chalearn\first-impressions\train\1AMp8Y_0UGc.002.mp4,train
C:\Users\athas\Downloads\Chalearn\first-impressions\train\1AMp8Y_0UGc.004.mp4,train
C:\Users\athas\Downloads\Chalearn\first-impressions\train\1cqwKxx6GF8.001.mp4,train
C:\Users\athas\Downloads\Chalearn\first-impressions\train\1cqwKxx6GF8.004.mp4,train
C:\Users\athas\Downloads\Chalearn\first-impressions\train\1cqwKxx6GF8.005.mp4,train
C:\Users\athas\Downloads\Chalearn\first-impressions\train\1CYzbX8AaP8.001.mp4,train
C:\Users\athas\Downloads\Chalearn\first-impressions\train\1CYzbX8AaP8.003.mp4,train
C:\Users\athas\Downloads\Chalearn\first-impressions\train\1DCnIad1Y0w.002.mp4,train
C:\Users\athas\Downloads\Chalearn\first-impressions\train\1dOaM7zWPo8.000.mp4,train
C:\Users\athas\Downloads\Chalearn\first-impressions\train\1eOvtoZCie8.000.mp4,train
C:\Users\athas\Downloads\Chalearn\first-impressions\train\1eOvtoZCie8.002.mp4,train
C:\Users\athas\Downloads\Chalearn\first-impressions\train\1eOvtoZCie8.004.mp4,train
C:\Users\athas\Downloads\Chalearn\first-impressions\train\1eOvtoZCie8.005.mp4,train
C:\Users\athas\Downloads\Chalearn\first-impressions\train\1fsFL_qNYlQ.001.mp4,train
C:\Users\athas\Downloads\Chalearn\first-impressions\train\1fsFL_qNYlQ.005.mp4,train
C:\Users\athas\Downloads\Chalearn\first-impressions\train\1Gn4GX8miWQ.000.mp4,train
C:\Users\athas\Downloads\Chalearn\first-impressions\train\1Gn4GX8miWQ.001.mp4,train
C:\Users\athas\Downloads\Chalearn\first-impressions\train\1Gn4GX8miWQ.002.mp4,train
C:\Users\athas\Downloads\Chalearn\first-impressions\train\1Gn4GX8miWQ.003.mp4,train
C:\Users\athas\Downloads\Chalearn\first-impressions\train\1Gn4GX8miWQ.004.mp4,train
C:\Users\athas\Downloads\Chalearn\first-impressions\train\1Gn4GX8miWQ.005.mp4,train
C:\Users\athas\Downloads\Chalearn\first-impressions\train\1hpZ2ecWqtI.002.mp4,train
C:\Users\athas\Downloads\Chalearn\first-impressions\train\1hpZ2ecWqtI.003.mp4,train
C:\Users\athas\Downloads\Chalearn\first-impressions\train\1hpZ2ecWqtI.005.mp4,train
C:\Users\athas\Downloads\Chalearn\first-impressions\train\1izSTcQI7H4.000.mp4,train
C:\Users\athas\Downloads\Chalearn\first-impressions\train\1izSTcQI7H4.004.mp4,train
C:\Users\athas\Downloads\Chalearn\first-impressions\train\1jC4vsQsjwM.002.mp4,train
C:\Users\athas\Downloads\Chalearn\first-impressions\train\1jC4vsQsjwM.004.mp4,train
C:\Users\athas\Downloads\Chalearn\first-impressions\train\1jC4vsQsjwM.005.mp4,train
C:\Users\athas\Downloads\Chalearn\first-impressions\train\1Kb5d-w3YJ8.002.mp4,train
C:\Users\athas\Downloads\Chalearn\first-impressions\train\1Lv72Si4GnY.001.mp4,train
C:\Users\athas\Downloads\Chalearn\first-impressions\train\1m67onLoRwY.000.mp4,train
C:\Users\athas\Downloads\Chalearn\first-impressions\train\1m67onLoRwY.003.mp4,train
C:\Users\athas\Downloads\Chalearn\first-impressions\train\1mdMhaq5p4w.001.mp4,train
C:\Users\athas\Downloads\Chalearn\first-impressions\train\1mdMhaq5p4w.002.mp4,train
C:\Users\athas\Downloads\Chalearn\first-impressions\train\1mdMhaq5p4w.004.mp4,train
C:\Users\athas\Downloads\Chalearn\first-impressions\train\1mdMhaq5p4w.005.mp4,train
C:\Users\athas\Downloads\Chalearn\first-impressions\train\1mfrM-FT-5E.000.mp4,train
C:\Users\athas\Downloads\Chalearn\first-impressions\train\1mHjMNZZvFo.000.mp4,train
C:\Users\athas\Downloads\Chalearn\first-impressions\train\1mHjMNZZvFo.003.mp4,train
C:\Users\athas\Downloads\Chalearn\first-impressions\train\1mHjMNZZvFo.004.mp4,train
C:\Users\athas\Downloads\Chalearn\first-impressions\train\1mHjMNZZvFo.005.mp4,train
C:\Users\athas\Downloads\Chalearn\first-impressions\train\1mODTfLRGdI.000.mp4,train
C:\Users\athas\Downloads\Chalearn\first-impressions\train\1mODTfLRGdI.001.mp4,train
C:\Users\athas\Downloads\Chalearn\first-impressions\train\1mODTfLRGdI.003.mp4,train
C:\Users\athas\Downloads\Chalearn\first-impressions\train\1mReUxIEuw0.000.mp4,train
C:\Users\athas\Downloads\Chalearn\first-impressions\train\1mReUxIEuw0.005.mp4,train
C:\Users\athas\Downloads\Chalearn\first-impressions\train\1OGu_7IljCo.004.mp4,train
C:\Users\athas\Downloads\Chalearn\first-impressions\train\1pm5uoU85FI.000.mp4,train
C:\Users\athas\Downloads\Chalearn\first-impressions\train\1pm5uoU85FI.001.mp4,train
C:\Users\athas\Downloads\Chalearn\first-impressions\train\1pm5uoU85FI.003.mp4,train
C:\Users\athas\Downloads\Chalearn\first-impressions\train\1q-N_zbsAg0.000.mp4,train
C:\Users\athas\Downloads\Chalearn\first-impressions\train\1q-N_zbsAg0.001.mp4,train
C:\Users\athas\Downloads\Chalearn\first-impressions\train\1q-N_zbsAg0.003.mp4,train
C:\Users\athas\Downloads\Chalearn\first-impressions\train\1q-N_zbsAg0.004.mp4,train
C:\Users\athas\Downloads\Chalearn\first-impressions\train\1RMdiCbNNh4.003.mp4,train
C:\Users\athas\Downloads\Chalearn\first-impressions\train\1RMdiCbNNh4.005.mp4,train
C:\Users\athas\Downloads\Chalearn\first-impressions\train\1S0SxmfbOus.002.mp4,train
C:\Users\athas\Downloads\Chalearn\first-impressions\train\1sjXuXtx9-E.000.mp4,train
C:\Users\athas\Downloads\Chalearn\first-impressions\train\1tPH6PNeOSk.002.mp4,train
C:\Users\athas\Downloads\Chalearn\first-impressions\train\1tPH6PNeOSk.004.mp4,train
C:\Users\athas\Downloads\Chalearn\first-impressions\train\1UaqZEUUk9I.000.mp4,train
C:\Users\athas\Downloads\Chalearn\first-impressions\train\1UaqZEUUk9I.002.mp4,train
C:\Users\athas\Downloads\Chalearn\first-impressions\train\1uCO2d0pFg0.000.mp4,train
C:\Users\athas\Downloads\Chalearn\first-impressions\train\1W7XLdNpEgc.001.mp4,train
C:\Users\athas\Downloads\Chalearn\first-impressions\train\1W7XLdNpEgc.005.mp4,train
C:\Users\athas\Downloads\Chalearn\first-impressions\train\1Wh2mIFrGvk.001.mp4,train
C:\Users\athas\Downloads\Chalearn\first-impressions\train\1wWMWbl6ILg.004.mp4,train
C:\Users\athas\Downloads\Chalearn\first-impressions\train\1XqMZQu_pP4.002.mp4,train
C:\Users\athas\Downloads\Chalearn\first-impressions\train\1yIGI42lzak.001.mp4,train
C:\Users\athas\Downloads\Chalearn\first-impressions\train\1yIGI42lzak.002.mp4,train
C:\Users\athas\Downloads\Chalearn\first-impressions\train\1yIGI42lzak.003.mp4,train
C:\Users\athas\Downloads\Chalearn\first-impressions\train\1yIGI42lzak.005.mp4,train
C:\Users\athas\Downloads\Chalearn\first-impressions\train\1yjRBwUiYxs.005.mp4,train
C:\Users\athas\Downloads\Chalearn\first-impressions\train\1YsZ4GPpyBA.004.mp4,train
C:\Users\athas\Downloads\Chalearn\first-impressions\train\1YsZ4GPpyBA.005.mp4,train
C:\Users\athas\Downloads\Chalearn\first-impressions\train\1ZqHFoxLz54.000.mp4,train
C:\Users\athas\Downloads\Chalearn\first-impressions\train\2-LDYe7OXZU.000.mp4,train
C:\Users\athas\Downloads\Chalearn\first-impressions\train\2-LDYe7OXZU.001.mp4,train
C:\Users\athas\Downloads\Chalearn\first-impressions\train\2-LDYe7OXZU.003.mp4,train
C:\Users\athas\Downloads\Chalearn\first-impressions\train\2-LDYe7OXZU.005.mp4,train
C:\Users\athas\Downloads\Chalearn\first-impressions\train\26ZnknvfdNM.001.mp4,train
C:\Users\athas\Downloads\Chalearn\first-impressions\train\26ZnknvfdNM.002.mp4,train
C:\Users\athas\Downloads\Chalearn\first-impressions\train\26ZnknvfdNM.003.mp4,train
C:\Users\athas\Downloads\Chalearn\first-impressions\train\26ZnknvfdNM.004.mp4,train
C:\Users\athas\Downloads\Chalearn\first-impressions\train\29UCGJldICw.005.mp4,train
C:\Users\athas\Downloads\Chalearn\first-impressions\train\2AV8m02PjdU.000.mp4,train
C:\Users\athas\Downloads\Chalearn\first-impressions\train\2AV8m02PjdU.002.mp4,train
C:\Users\athas\Downloads\Chalearn\first-impressions\train\2AV8m02PjdU.003.mp4,train
C:\Users\athas\Downloads\Chalearn\first-impressions\train\2AYq7CdNXNo.000.mp4,train
C:\Users\athas\Downloads\Chalearn\first-impressions\train\2AYq7CdNXNo.001.mp4,train
C:\Users\athas\Downloads\Chalearn\first-impressions\train\2AYq7CdNXNo.003.mp4,train
C:\Users\athas\Downloads\Chalearn\first-impressions\train\2AYq7CdNXNo.004.mp4,train
C:\Users\athas\Downloads\Chalearn\first-impressions\train\2bAsXLQjlt8.001.mp4,train
C:\Users\athas\Downloads\Chalearn\first-impressions\train\2bAsXLQjlt8.002.mp4,train
C:\Users\athas\Downloads\Chalearn\first-impressions\train\2bAsXLQjlt8.004.mp4,train
C:\Users\athas\Downloads\Chalearn\first-impressions\train\2bAsXLQjlt8.005.mp4,train
C:\Users\athas\Downloads\Chalearn\first-impressions\train\2ceHmUmguzk.000.mp4,train
C:\Users\athas\Downloads\Chalearn\first-impressions\train\2ceHmUmguzk.001.mp4,train
C:\Users\athas\Downloads\Chalearn\first-impressions\train\2ceHmUmguzk.002.mp4,train
C:\Users\athas\Downloads\Chalearn\first-impressions\train\2ceHmUmguzk.005.mp4,train
C:\Users\athas\Downloads\Chalearn\first-impressions\train\2d6btbaNdfo.004.mp4,train
C:\Users\athas\Downloads\Chalearn\first-impressions\train\2DZb5yIc6Fg.001.mp4,train
C:\Users\athas\Downloads\Chalearn\first-impressions\train\2DZb5yIc6Fg.002.mp4,train
C:\Users\athas\Downloads\Chalearn\first-impressions\train\2DZb5yIc6Fg.003.mp4,train
C:\Users\athas\Downloads\Chalearn\first-impressions\train\2f7rLXwzP3s.000.mp4,train
C:\Users\athas\Downloads\Chalearn\first-impressions\train\2f7rLXwzP3s.002.mp4,train
C:\Users\athas\Downloads\Chalearn\first-impressions\train\2Fgn78rYjPM.005.mp4,train
C:\Users\athas\Downloads\Chalearn\first-impressions\train\2fzLibPAtvI.004.mp4,train
C:\Users\athas\Downloads\Chalearn\first-impressions\train\2fzLibPAtvI.005.mp4,train
C:\Users\athas\Downloads\Chalearn\first-impressions\train\2GHz8LYflE0.000.mp4,train
C:\Users\athas\Downloads\Chalearn\first-impressions\train\2HE6cw3HFPk.001.mp4,train
C:\Users\athas\Downloads\Chalearn\first-impressions\train\2HE6cw3HFPk.003.mp4,train
C:\Users\athas\Downloads\Chalearn\first-impressions\train\2hhqEWiv4eI.000.mp4,train
C:\Users\athas\Downloads\Chalearn\first-impressions\train\2hhqEWiv4eI.001.mp4,train
C:\Users\athas\Downloads\Chalearn\first-impressions\train\2hhqEWiv4eI.002.mp4,train
C:\Users\athas\Downloads\Chalearn\first-impressions\train\2hhqEWiv4eI.004.mp4,train
C:\Users\athas\Downloads\Chalearn\first-impressions\train\2IwWILRuuNU.003.mp4,train
C:\Users\athas\Downloads\Chalearn\first-impressions\train\2IwWILRuuNU.004.mp4,train
C:\Users\athas\Downloads\Chalearn\first-impressions\train\2IwWILRuuNU.005.mp4,train
C:\Users\athas\Downloads\Chalearn\first-impressions\train\2kqPuht5jTg.002.mp4,train
C:\Users\athas\Downloads\Chalearn\first-impressions\train\2kqPuht5jTg.004.mp4,train
C:\Users\athas\Downloads\Chalearn\first-impressions\train\2kqPuht5jTg.005.mp4,train
C:\Users\athas\Downloads\Chalearn\first-impressions\train\2KSBoJZMcMU.003.mp4,train
C:\Users\athas\Downloads\Chalearn\first-impressions\train\2KSBoJZMcMU.004.mp4,train
C:\Users\athas\Downloads\Chalearn\first-impressions\train\2KSBoJZMcMU.005.mp4,train
C:\Users\athas\Downloads\Chalearn\first-impressions\train\2Lgd2Ye-1L8.000.mp4,train
C:\Users\athas\Downloads\Chalearn\first-impressions\train\2mfmw63l88g.001.mp4,train
C:\Users\athas\Downloads\Chalearn\first-impressions\train\2mfmw63l88g.003.mp4,train
C:\Users\athas\Downloads\Chalearn\first-impressions\train\2mfmw63l88g.004.mp4,train
C:\Users\athas\Downloads\Chalearn\first-impressions\train\2mfmw63l88g.005.mp4,train
C:\Users\athas\Downloads\Chalearn\first-impressions\train\2mgj9ncREyA.000.mp4,train
C:\Users\athas\Downloads\Chalearn\first-impressions\train\2mgj9ncREyA.005.mp4,train
C:\Users\athas\Downloads\Chalearn\first-impressions\train\2NNYN1ZCJhw.003.mp4,train
C:\Users\athas\Downloads\Chalearn\first-impressions\train\2OAA4slRc5M.004.mp4,train
C:\Users\athas\Downloads\Chalearn\first-impressions\train\2oEUp9sGRGk.000.mp4,train
C:\Users\athas\Downloads\Chalearn\first-impressions\train\2oEUp9sGRGk.001.mp4,train
C:\Users\athas\Downloads\Chalearn\first-impressions\train\2oiXF5_gTyk.001.mp4,train
C:\Users\athas\Downloads\Chalearn\first-impressions\train\2oiXF5_gTyk.002.mp4,train
C:\Users\athas\Downloads\Chalearn\first-impressions\train\2oiXF5_gTyk.003.mp4,train
C:\Users\athas\Downloads\Chalearn\first-impressions\train\2P1FbMJLUAs.000.mp4,train
C:\Users\athas\Downloads\Chalearn\first-impressions\train\2P1FbMJLUAs.003.mp4,train
C:\Users\athas\Downloads\Chalearn\first-impressions\train\2P1FbMJLUAs.005.mp4,train
C:\Users\athas\Downloads\Chalearn\first-impressions\train\2pNKs0i3YkY.002.mp4,train
C:\Users\athas\Downloads\Chalearn\first-impressions\train\2PSGksTyrnI.001.mp4,train
C:\Users\athas\Downloads\Chalearn\first-impressions\train\2PSGksTyrnI.003.mp4,train
C:\Users\athas\Downloads\Chalearn\first-impressions\train\2PSGksTyrnI.004.mp4,train
C:\Users\athas\Downloads\Chalearn\first-impressions\train\2PSGksTyrnI.005.mp4,train
C:\Users\athas\Downloads\Chalearn\first-impressions\train\2q7ZwMoPvok.000.mp4,train
C:\Users\athas\Downloads\Chalearn\first-impressions\train\2q8orkMs2Jg.000.mp4,train
C:\Users\athas\Downloads\Chalearn\first-impressions\train\2q8orkMs2Jg.003.mp4,train
C:\Users\athas\Downloads\Chalearn\first-impressions\train\2q8orkMs2Jg.005.mp4,train
C:\Users\athas\Downloads\Chalearn\first-impressions\train\2r5NVi3SZ2I.000.mp4,train
C:\Users\athas\Downloads\Chalearn\first-impressions\train\2RQGNwx_nlI.000.mp4,train
C:\Users\athas\Downloads\Chalearn\first-impressions\train\2rV3Ibtdnvs.000.mp4,train
C:\Users\athas\Downloads\Chalearn\first-impressions\train\2SzC9dm4Yy4.002.mp4,train
C:\Users\athas\Downloads\Chalearn\first-impressions\train\2T3oK1Gse2g.000.mp4,train
C:\Users\athas\Downloads\Chalearn\first-impressions\train\2T3oK1Gse2g.002.mp4,train
C:\Users\athas\Downloads\Chalearn\first-impressions\train\2TbU3Eg2i4A.003.mp4,train
C:\Users\athas\Downloads\Chalearn\first-impressions\train\2TbU3Eg2i4A.004.mp4,train
C:\Users\athas\Downloads\Chalearn\first-impressions\train\2TbU3Eg2i4A.005.mp4,train
C:\Users\athas\Downloads\Chalearn\first-impressions\train\2TMl5EMrdVI.002.mp4,train
C:\Users\athas\Downloads\Chalearn\first-impressions\train\2TMl5EMrdVI.003.mp4,train
C:\Users\athas\Downloads\Chalearn\first-impressions\train\2TMl5EMrdVI.004.mp4,train
C:\Users\athas\Downloads\Chalearn\first-impressions\train\2TMl5EMrdVI.005.mp4,train
C:\Users\athas\Downloads\Chalearn\first-impressions\train\2TXrDZgbDHE.001.mp4,train
C:\Users\athas\Downloads\Chalearn\first-impressions\train\2TXrDZgbDHE.005.mp4,train
C:\Users\athas\Downloads\Chalearn\first-impressions\train\2uAJJH7B5aw.000.mp4,train
C:\Users\athas\Downloads\Chalearn\first-impressions\train\2uAJJH7B5aw.001.mp4,train
C:\Users\athas\Downloads\Chalearn\first-impressions\train\2uAJJH7B5aw.003.mp4,train
C:\Users\athas\Downloads\Chalearn\first-impressions\train\2UqnC_rFcRQ.001.mp4,train
C:\Users\athas\Downloads\Chalearn\first-impressions\train\2UqnC_rFcRQ.002.mp4,train
C:\Users\athas\Downloads\Chalearn\first-impressions\train\2UqnC_rFcRQ.003.mp4,train
C:\Users\athas\Downloads\Chalearn\first-impressions\train\2WuhWF4fAOQ.001.mp4,train
C:\Users\athas\Downloads\Chalearn\first-impressions\train\2WuhWF4fAOQ.002.mp4,train
C:\Users\athas\Downloads\Chalearn\first-impressions\train\2WuhWF4fAOQ.003.mp4,train
C:\Users\athas\Downloads\Chalearn\first-impressions\train\2WuhWF4fAOQ.004.mp4,train
C:\Users\athas\Downloads\Chalearn\first-impressions\train\2x8GZaBY6TM.001.mp4,train
C:\Users\athas\Downloads\Chalearn\first-impressions\train\2x8GZaBY6TM.002.mp4,train
C:\Users\athas\Downloads\Chalearn\first-impressions\train\2x8GZaBY6TM.003.mp4,train
C:\Users\athas\Downloads\Chalearn\first-impressions\train\2yUnXroXyeI.003.mp4,train
C:\Users\athas\Downloads\Chalearn\first-impressions\train\2_OOIcYfLV0.003.mp4,train
C:\Users\athas\Downloads\Chalearn\first-impressions\train\300gK3CnzW0.000.mp4,train
C:\Users\athas\Downloads\Chalearn\first-impressions\train\300gK3CnzW0.002.mp4,train
C:\Users\athas\Downloads\Chalearn\first-impressions\train\300gK3CnzW0.004.mp4,train
C:\Users\athas\Downloads\Chalearn\first-impressions\train\32XmVytuwQc.001.mp4,train
C:\Users\athas\Downloads\Chalearn\first-impressions\train\35-2f1y0guA.000.mp4,train
C:\Users\athas\Downloads\Chalearn\first-impressions\train\36NZ0sHWQFg.001.mp4,train
C:\Users\athas\Downloads\Chalearn\first-impressions\train\36sZ__mv_KY.003.mp4,train
C:\Users\athas\Downloads\Chalearn\first-impressions\train\38fE5B4ghw0.000.mp4,train
C:\Users\athas\Downloads\Chalearn\first-impressions\train\38fE5B4ghw0.002.mp4,train
C:\Users\athas\Downloads\Chalearn\first-impressions\train\38fE5B4ghw0.003.mp4,train
C:\Users\athas\Downloads\Chalearn\first-impressions\train\38fE5B4ghw0.004.mp4,train
C:\Users\athas\Downloads\Chalearn\first-impressions\train\38fE5B4ghw0.005.mp4,train
C:\Users\athas\Downloads\Chalearn\first-impressions\train\39BJkEXJpgc.001.mp4,train
C:\Users\athas\Downloads\Chalearn\first-impressions\train\39BJkEXJpgc.003.mp4,train
C:\Users\athas\Downloads\Chalearn\first-impressions\train\39BJkEXJpgc.005.mp4,train
C:\Users\athas\Downloads\Chalearn\first-impressions\train\39o1zJFeM7E.001.mp4,train
C:\Users\athas\Downloads\Chalearn\first-impressions\train\39o1zJFeM7E.002.mp4,train
C:\Users\athas\Downloads\Chalearn\first-impressions\train\39o1zJFeM7E.003.mp4,train
C:\Users\athas\Downloads\Chalearn\first-impressions\train\39o1zJFeM7E.004.mp4,train
C:\Users\athas\Downloads\Chalearn\first-impressions\train\3AyjQQYmqU4.000.mp4,train
C:\Users\athas\Downloads\Chalearn\first-impressions\train\3AyjQQYmqU4.001.mp4,train
C:\Users\athas\Downloads\Chalearn\first-impressions\train\3AyjQQYmqU4.003.mp4,train
C:\Users\athas\Downloads\Chalearn\first-impressions\train\3b9fhd-EDaY.001.mp4,train
C:\Users\athas\Downloads\Chalearn\first-impressions\train\3ccY8jYkI5o.000.mp4,train
C:\Users\athas\Downloads\Chalearn\first-impressions\train\3ccY8jYkI5o.002.mp4,train
C:\Users\athas\Downloads\Chalearn\first-impressions\train\3ccY8jYkI5o.004.mp4,train
C:\Users\athas\Downloads\Chalearn\first-impressions\train\3ccY8jYkI5o.005.mp4,train
C:\Users\athas\Downloads\Chalearn\first-impressions\train\3df_Uk9EmwU.000.mp4,train
C:\Users\athas\Downloads\Chalearn\first-impressions\train\3df_Uk9EmwU.001.mp4,train
C:\Users\athas\Downloads\Chalearn\first-impressions\train\3df_Uk9EmwU.004.mp4,train
C:\Users\athas\Downloads\Chalearn\first-impressions\train\3df_Uk9EmwU.005.mp4,train
C:\Users\athas\Downloads\Chalearn\first-impressions\train\3DURnr95fMg.000.mp4,train
C:\Users\athas\Downloads\Chalearn\first-impressions\train\3DURnr95fMg.002.mp4,train
C:\Users\athas\Downloads\Chalearn\first-impressions\train\3DURnr95fMg.004.mp4,train
C:\Users\athas\Downloads\Chalearn\first-impressions\train\3g6Ab-BIbR4.001.mp4,train
C:\Users\athas\Downloads\Chalearn\first-impressions\train\3gKpBq-1yG4.000.mp4,train
C:\Users\athas\Downloads\Chalearn\first-impressions\train\3gKpBq-1yG4.001.mp4,train
C:\Users\athas\Downloads\Chalearn\first-impressions\train\3gKpBq-1yG4.002.mp4,train
C:\Users\athas\Downloads\Chalearn\first-impressions\train\3gKpBq-1yG4.003.mp4,train
C:\Users\athas\Downloads\Chalearn\first-impressions\train\3gKpBq-1yG4.004.mp4,train
C:\Users\athas\Downloads\Chalearn\first-impressions\train\3gKpBq-1yG4.005.mp4,train
C:\Users\athas\Downloads\Chalearn\first-impressions\train\3gmc2kLV4Bo.002.mp4,train
C:\Users\athas\Downloads\Chalearn\first-impressions\train\3GylAjrajHs.003.mp4,train
C:\Users\athas\Downloads\Chalearn\first-impressions\train\3GylAjrajHs.004.mp4,train
C:\Users\athas\Downloads\Chalearn\first-impressions\train\3HA2W1s4oP8.000.mp4,train
C:\Users\athas\Downloads\Chalearn\first-impressions\train\3HA2W1s4oP8.001.mp4,train
C:\Users\athas\Downloads\Chalearn\first-impressions\train\3HA2W1s4oP8.002.mp4,train
C:\Users\athas\Downloads\Chalearn\first-impressions\train\3HA2W1s4oP8.003.mp4,train
C:\Users\athas\Downloads\Chalearn\first-impressions\train\3hKgh9AB3tk.001.mp4,train
C:\Users\athas\Downloads\Chalearn\first-impressions\train\3hKgh9AB3tk.002.mp4,train
C:\Users\athas\Downloads\Chalearn\first-impressions\train\3hKgh9AB3tk.005.mp4,train
C:\Users\athas\Downloads\Chalearn\first-impressions\train\3J7Cl3FXs1o.001.mp4,train
C:\Users\athas\Downloads\Chalearn\first-impressions\train\3J7Cl3FXs1o.004.mp4,train
C:\Users\athas\Downloads\Chalearn\first-impressions\train\3JAFkk42zPs.004.mp4,train
C:\Users\athas\Downloads\Chalearn\first-impressions\train\3JAFkk42zPs.005.mp4,train
C:\Users\athas\Downloads\Chalearn\first-impressions\train\3JzvXA-Zfbs.000.mp4,train
C:\Users\athas\Downloads\Chalearn\first-impressions\train\3JzvXA-Zfbs.001.mp4,train
C:\Users\athas\Downloads\Chalearn\first-impressions\train\3JzvXA-Zfbs.002.mp4,train
C:\Users\athas\Downloads\Chalearn\first-impressions\train\3JzvXA-Zfbs.003.mp4,train
C:\Users\athas\Downloads\Chalearn\first-impressions\train\3K16KyiAZHw.004.mp4,train
C:\Users\athas\Downloads\Chalearn\first-impressions\train\3LAaFUSGvsU.001.mp4,train
C:\Users\athas\Downloads\Chalearn\first-impressions\train\3LAaFUSGvsU.003.mp4,train
C:\Users\athas\Downloads\Chalearn\first-impressions\train\3LAaFUSGvsU.004.mp4,train
C:\Users\athas\Downloads\Chalearn\first-impressions\train\3lV-sr3NOUo.003.mp4,train
C:\Users\athas\Downloads\Chalearn\first-impressions\train\3lV-sr3NOUo.004.mp4,train
C:\Users\athas\Downloads\Chalearn\first-impressions\train\3nxH1f6IQjQ.000.mp4,train
C:\Users\athas\Downloads\Chalearn\first-impressions\train\3OoQBXWTGfE.000.mp4,train
C:\Users\athas\Downloads\Chalearn\first-impressions\train\3OoQBXWTGfE.001.mp4,train
C:\Users\athas\Downloads\Chalearn\first-impressions\train\3OoQBXWTGfE.002.mp4,train
C:\Users\athas\Downloads\Chalearn\first-impressions\train\3OoQBXWTGfE.004.mp4,train
C:\Users\athas\Downloads\Chalearn\first-impressions\train\3orJLMVqWYw.000.mp4,train
C:\Users\athas\Downloads\Chalearn\first-impressions\train\3orJLMVqWYw.004.mp4,train
C:\Users\athas\Downloads\Chalearn\first-impressions\train\3pJZOCtAzYE.001.mp4,train
C:\Users\athas\Downloads\Chalearn\first-impressions\train\3P_D_bd-_NM.000.mp4,train
C:\Users\athas\Downloads\Chalearn\first-impressions\train\3P_D_bd-_NM.001.mp4,train
C:\Users\athas\Downloads\Chalearn\first-impressions\train\3P_D_bd-_NM.003.mp4,train
C:\Users\athas\Downloads\Chalearn\first-impressions\train\3P_D_bd-_NM.005.mp4,train
C:\Users\athas\Downloads\Chalearn\first-impressions\train\3Q3SB1dVAng.000.mp4,train
C:\Users\athas\Downloads\Chalearn\first-impressions\train\3Q3SB1dVAng.001.mp4,train
C:\Users\athas\Downloads\Chalearn\first-impressions\train\3Q3SB1dVAng.002.mp4,train
C:\Users\athas\Downloads\Chalearn\first-impressions\train\3Q3SB1dVAng.003.mp4,train
C:\Users\athas\Downloads\Chalearn\first-impressions\train\3Q3SB1dVAng.005.mp4,train
C:\Users\athas\Downloads\Chalearn\first-impressions\train\3R2LrAKCWr8.001.mp4,train
C:\Users\athas\Downloads\Chalearn\first-impressions\train\3R2LrAKCWr8.002.mp4,train
C:\Users\athas\Downloads\Chalearn\first-impressions\train\3RhBqNzCMG8.001.mp4,train
C:\Users\athas\Downloads\Chalearn\first-impressions\train\3S72dDIm1fM.000.mp4,train
C:\Users\athas\Downloads\Chalearn\first-impressions\train\3S72dDIm1fM.001.mp4,train
C:\Users\athas\Downloads\Chalearn\first-impressions\train\3S8QUGYVf_w.000.mp4,train
C:\Users\athas\Downloads\Chalearn\first-impressions\train\3S8QUGYVf_w.001.mp4,train
C:\Users\athas\Downloads\Chalearn\first-impressions\train\3S8QUGYVf_w.003.mp4,train
C:\Users\athas\Downloads\Chalearn\first-impressions\train\3S8QUGYVf_w.004.mp4,train
C:\Users\athas\Downloads\Chalearn\first-impressions\train\3Sj-GZ3YXWs.000.mp4,train
C:\Users\athas\Downloads\Chalearn\first-impressions\train\3Sj-GZ3YXWs.001.mp4,train
C:\Users\athas\Downloads\Chalearn\first-impressions\train\3Sj-GZ3YXWs.002.mp4,train
C:\Users\athas\Downloads\Chalearn\first-impressions\train\3Sj-GZ3YXWs.004.mp4,train
C:\Users\athas\Downloads\Chalearn\first-impressions\train\3Sj-GZ3YXWs.005.mp4,train
C:\Users\athas\Downloads\Chalearn\first-impressions\train\3taD1fEPfC8.001.mp4,train
C:\Users\athas\Downloads\Chalearn\first-impressions\train\3taD1fEPfC8.002.mp4,train
C:\Users\athas\Downloads\Chalearn\first-impressions\train\3taD1fEPfC8.003.mp4,train
C:\Users\athas\Downloads\Chalearn\first-impressions\train\3taD1fEPfC8.004.mp4,train
C:\Users\athas\Downloads\Chalearn\first-impressions\train\3tPq9fNOXZQ.001.mp4,train
C:\Users\athas\Downloads\Chalearn\first-impressions\train\3tPq9fNOXZQ.002.mp4,train
C:\Users\athas\Downloads\Chalearn\first-impressions\train\3tPq9fNOXZQ.003.mp4,train
C:\Users\athas\Downloads\Chalearn\first-impressions\train\3tPq9fNOXZQ.005.mp4,train
C:\Users\athas\Downloads\Chalearn\first-impressions\train\3Vr5-zedeWk.000.mp4,train
C:\Users\athas\Downloads\Chalearn\first-impressions\train\3Vr5-zedeWk.002.mp4,train
C:\Users\athas\Downloads\Chalearn\first-impressions\train\3Vr5-zedeWk.003.mp4,train
C:\Users\athas\Downloads\Chalearn\first-impressions\train\3Vr5-zedeWk.004.mp4,train
C:\Users\athas\Downloads\Chalearn\first-impressions\train\3Vr5-zedeWk.005.mp4,train
C:\Users\athas\Downloads\Chalearn\first-impressions\train\3VTL2kFt17M.000.mp4,train
C:\Users\athas\Downloads\Chalearn\first-impressions\train\3VTL2kFt17M.002.mp4,train
C:\Users\athas\Downloads\Chalearn\first-impressions\train\3VTL2kFt17M.004.mp4,train
C:\Users\athas\Downloads\Chalearn\first-impressions\train\3VTL2kFt17M.005.mp4,train
C:\Users\athas\Downloads\Chalearn\first-impressions\train\3VyriB3isO8.001.mp4,train
C:\Users\athas\Downloads\Chalearn\first-impressions\train\3VyriB3isO8.004.mp4,train
C:\Users\athas\Downloads\Chalearn\first-impressions\train\3wgZrRMosvY.002.mp4,train
C:\Users\athas\Downloads\Chalearn\first-impressions\train\3wgZrRMosvY.003.mp4,train
C:\Users\athas\Downloads\Chalearn\first-impressions\train\3WmWJ1lNy-U.000.mp4,train
C:\Users\athas\Downloads\Chalearn\first-impressions\train\3WmWJ1lNy-U.001.mp4,train
C:\Users\athas\Downloads\Chalearn\first-impressions\train\3WoXkI06zGk.001.mp4,train
C:\Users\athas\Downloads\Chalearn\first-impressions\train\3WoXkI06zGk.002.mp4,train
C:\Users\athas\Downloads\Chalearn\first-impressions\train\3WoXkI06zGk.003.mp4,train
C:\Users\athas\Downloads\Chalearn\first-impressions\train\3WPXm_5f4Lw.002.mp4,train
C:\Users\athas\Downloads\Chalearn\first-impressions\train\3wRj39GKLJ0.001.mp4,train
C:\Users\athas\Downloads\Chalearn\first-impressions\train\3y3au0hVfm8.001.mp4,train
C:\Users\athas\Downloads\Chalearn\first-impressions\train\3ySH8eJQRCI.001.mp4,train
C:\Users\athas\Downloads\Chalearn\first-impressions\train\3ySH8eJQRCI.002.mp4,train
C:\Users\athas\Downloads\Chalearn\first-impressions\train\3ySH8eJQRCI.003.mp4,train
C:\Users\athas\Downloads\Chalearn\first-impressions\train\3ySH8eJQRCI.004.mp4,train
C:\Users\athas\Downloads\Chalearn\first-impressions\train\3ySH8eJQRCI.005.mp4,train
C:\Users\athas\Downloads\Chalearn\first-impressions\train\3yU-7AXnFCM.002.mp4,train
C:\Users\athas\Downloads\Chalearn\first-impressions\train\3yU-7AXnFCM.003.mp4,train
C:\Users\athas\Downloads\Chalearn\first-impressions\train\3zAyM2edy1g.000.mp4,train
C:\Users\athas\Downloads\Chalearn\first-impressions\train\3zAyM2edy1g.001.mp4,train
C:\Users\athas\Downloads\Chalearn\first-impressions\train\3zAyM2edy1g.004.mp4,train
C:\Users\athas\Downloads\Chalearn\first-impressions\train\3ZwXifihvtA.000.mp4,train
C:\Users\athas\Downloads\Chalearn\first-impressions\train\40rn4A64Bdk.001.mp4,train
C:\Users\athas\Downloads\Chalearn\first-impressions\train\40rn4A64Bdk.003.mp4,train
C:\Users\athas\Downloads\Chalearn\first-impressions\train\41NNb7cucVo.000.mp4,train
C:\Users\athas\Downloads\Chalearn\first-impressions\train\41NNb7cucVo.001.mp4,train
C:\Users\athas\Downloads\Chalearn\first-impressions\train\41NNb7cucVo.002.mp4,train
C:\Users\athas\Downloads\Chalearn\first-impressions\train\41NNb7cucVo.003.mp4,train
C:\Users\athas\Downloads\Chalearn\first-impressions\train\43tayteIFRk.005.mp4,train
C:\Users\athas\Downloads\Chalearn\first-impressions\train\44rxmXiga90.001.mp4,train
C:\Users\athas\Downloads\Chalearn\first-impressions\train\44rxmXiga90.002.mp4,train
C:\Users\athas\Downloads\Chalearn\first-impressions\train\44rxmXiga90.003.mp4,train
C:\Users\athas\Downloads\Chalearn\first-impressions\train\44rxmXiga90.004.mp4,train
C:\Users\athas\Downloads\Chalearn\first-impressions\train\44rxmXiga90.005.mp4,train
C:\Users\athas\Downloads\Chalearn\first-impressions\train\45SH4ohAH3M.000.mp4,train
C:\Users\athas\Downloads\Chalearn\first-impressions\train\45SH4ohAH3M.001.mp4,train
C:\Users\athas\Downloads\Chalearn\first-impressions\train\45SH4ohAH3M.005.mp4,train
C:\Users\athas\Downloads\Chalearn\first-impressions\train\48S9_KZvzVw.001.mp4,train
C:\Users\athas\Downloads\Chalearn\first-impressions\train\48S9_KZvzVw.003.mp4,train
C:\Users\athas\Downloads\Chalearn\first-impressions\train\48S9_KZvzVw.004.mp4,train
C:\Users\athas\Downloads\Chalearn\first-impressions\train\48S9_KZvzVw.005.mp4,train
C:\Users\athas\Downloads\Chalearn\first-impressions\train\495hLlCEW64.001.mp4,train
C:\Users\athas\Downloads\Chalearn\first-impressions\train\495hLlCEW64.002.mp4,train
C:\Users\athas\Downloads\Chalearn\first-impressions\train\495hLlCEW64.003.mp4,train
C:\Users\athas\Downloads\Chalearn\first-impressions\train\4a6-tNo-NDM.000.mp4,train
C:\Users\athas\Downloads\Chalearn\first-impressions\train\4bDOetaLvZs.001.mp4,train
C:\Users\athas\Downloads\Chalearn\first-impressions\train\4bDOetaLvZs.004.mp4,train
C:\Users\athas\Downloads\Chalearn\first-impressions\train\4bDOetaLvZs.005.mp4,train
C:\Users\athas\Downloads\Chalearn\first-impressions\train\4CiR99jTzso.000.mp4,train
C:\Users\athas\Downloads\Chalearn\first-impressions\train\4CSV8L7aVik.000.mp4,train
C:\Users\athas\Downloads\Chalearn\first-impressions\train\4F-WBGPXiqQ.001.mp4,train
C:\Users\athas\Downloads\Chalearn\first-impressions\train\4fN-DKUzgWQ.001.mp4,train
C:\Users\athas\Downloads\Chalearn\first-impressions\train\4fN-DKUzgWQ.005.mp4,train
C:\Users\athas\Downloads\Chalearn\first-impressions\train\4ICb270oLpE.000.mp4,train
C:\Users\athas\Downloads\Chalearn\first-impressions\train\4ICb270oLpE.002.mp4,train
C:\Users\athas\Downloads\Chalearn\first-impressions\train\4JjpfL4y3XM.000.mp4,train
C:\Users\athas\Downloads\Chalearn\first-impressions\train\4JjpfL4y3XM.001.mp4,train
C:\Users\athas\Downloads\Chalearn\first-impressions\train\4JYmE9a21aI.002.mp4,train
C:\Users\athas\Downloads\Chalearn\first-impressions\train\4JYmE9a21aI.004.mp4,train
C:\Users\athas\Downloads\Chalearn\first-impressions\train\4KD3XCMsIBs.004.mp4,train
C:\Users\athas\Downloads\Chalearn\first-impressions\train\4kIHxR6s1L4.001.mp4,train
C:\Users\athas\Downloads\Chalearn\first-impressions\train\4kIHxR6s1L4.004.mp4,train
C:\Users\athas\Downloads\Chalearn\first-impressions\train\4kIHxR6s1L4.005.mp4,train
C:\Users\athas\Downloads\Chalearn\first-impressions\train\4lH5nLSwmoM.001.mp4,train
C:\Users\athas\Downloads\Chalearn\first-impressions\train\4lH5nLSwmoM.003.mp4,train
C:\Users\athas\Downloads\Chalearn\first-impressions\train\4lIbWq27O84.000.mp4,train
C:\Users\athas\Downloads\Chalearn\first-impressions\train\4lIbWq27O84.001.mp4,train
C:\Users\athas\Downloads\Chalearn\first-impressions\train\4lIbWq27O84.002.mp4,train
C:\Users\athas\Downloads\Chalearn\first-impressions\train\4lj66h4CXI8.002.mp4,train
C:\Users\athas\Downloads\Chalearn\first-impressions\train\4lj66h4CXI8.003.mp4,train
C:\Users\athas\Downloads\Chalearn\first-impressions\train\4lj66h4CXI8.005.mp4,train
C:\Users\athas\Downloads\Chalearn\first-impressions\train\4lyKh2_xCDQ.003.mp4,train
C:\Users\athas\Downloads\Chalearn\first-impressions\train\4lyKh2_xCDQ.004.mp4,train
C:\Users\athas\Downloads\Chalearn\first-impressions\train\4LZJvOecyM8.001.mp4,train
C:\Users\athas\Downloads\Chalearn\first-impressions\train\4LZJvOecyM8.002.mp4,train
C:\Users\athas\Downloads\Chalearn\first-impressions\train\4LZJvOecyM8.005.mp4,train
C:\Users\athas\Downloads\Chalearn\first-impressions\train\4nir0YtjHVs.001.mp4,train
C:\Users\athas\Downloads\Chalearn\first-impressions\train\4nir0YtjHVs.002.mp4,train
C:\Users\athas\Downloads\Chalearn\first-impressions\train\4nJLbAKgwfw.005.mp4,train
C:\Users\athas\Downloads\Chalearn\first-impressions\train\4NzqG0XwOWg.002.mp4,train
C:\Users\athas\Downloads\Chalearn\first-impressions\train\4NzqG0XwOWg.004.mp4,train
C:\Users\athas\Downloads\Chalearn\first-impressions\train\4Qr1BjZhnpg.003.mp4,train
C:\Users\athas\Downloads\Chalearn\first-impressions\train\4QUgf0dHnKk.004.mp4,train
C:\Users\athas\Downloads\Chalearn\first-impressions\train\4QUgf0dHnKk.005.mp4,train
C:\Users\athas\Downloads\Chalearn\first-impressions\train\4RoZPrjRQZE.000.mp4,train
C:\Users\athas\Downloads\Chalearn\first-impressions\train\4sCa35TOxgs.001.mp4,train
C:\Users\athas\Downloads\Chalearn\first-impressions\train\4T9UUWWRE94.000.mp4,train
C:\Users\athas\Downloads\Chalearn\first-impressions\train\4T9UUWWRE94.003.mp4,train
C:\Users\athas\Downloads\Chalearn\first-impressions\train\4TpJ1FT2w6Y.001.mp4,train
C:\Users\athas\Downloads\Chalearn\first-impressions\train\4TpJ1FT2w6Y.003.mp4,train
C:\Users\athas\Downloads\Chalearn\first-impressions\train\4TpJ1FT2w6Y.004.mp4,train
C:\Users\athas\Downloads\Chalearn\first-impressions\train\4TpJ1FT2w6Y.005.mp4,train
C:\Users\athas\Downloads\Chalearn\first-impressions\train\4V7doeEKsus.001.mp4,train
C:\Users\athas\Downloads\Chalearn\first-impressions\train\4V7doeEKsus.002.mp4,train
C:\Users\athas\Downloads\Chalearn\first-impressions\train\4vdJGgZpj4k.004.mp4,train
C:\Users\athas\Downloads\Chalearn\first-impressions\train\4vdJGgZpj4k.005.mp4,train
C:\Users\athas\Downloads\Chalearn\first-impressions\train\4vJ69g7gAH4.001.mp4,train
C:\Users\athas\Downloads\Chalearn\first-impressions\train\4VwcU0ROy5k.001.mp4,train
C:\Users\athas\Downloads\Chalearn\first-impressions\train\4VwcU0ROy5k.002.mp4,train
C:\Users\athas\Downloads\Chalearn\first-impressions\train\4VwcU0ROy5k.004.mp4,train
C:\Users\athas\Downloads\Chalearn\first-impressions\train\4xdT0Uedsro.000.mp4,train
C:\Users\athas\Downloads\Chalearn\first-impressions\train\4xdT0Uedsro.002.mp4,train
C:\Users\athas\Downloads\Chalearn\first-impressions\train\4XdZDodpzac.000.mp4,train
C:\Users\athas\Downloads\Chalearn\first-impressions\train\4XdZDodpzac.003.mp4,train
C:\Users\athas\Downloads\Chalearn\first-impressions\train\4yogPbHFQ9o.002.mp4,train
C:\Users\athas\Downloads\Chalearn\first-impressions\train\4yogPbHFQ9o.003.mp4,train
C:\Users\athas\Downloads\Chalearn\first-impressions\train\4yogPbHFQ9o.004.mp4,train
C:\Users\athas\Downloads\Chalearn\first-impressions\train\4yogPbHFQ9o.005.mp4,train
C:\Users\athas\Downloads\Chalearn\first-impressions\train\4zkY1SG-7xc.003.mp4,train
C:\Users\athas\Downloads\Chalearn\first-impressions\train\4ZlcaXadwlo.000.mp4,train
C:\Users\athas\Downloads\Chalearn\first-impressions\train\4ZlcaXadwlo.001.mp4,train
C:\Users\athas\Downloads\Chalearn\first-impressions\train\4ZlcaXadwlo.003.mp4,train
C:\Users\athas\Downloads\Chalearn\first-impressions\train\4ZlcaXadwlo.005.mp4,train
C:\Users\athas\Downloads\Chalearn\first-impressions\train\5-mwIFjOWZ4.000.mp4,train
C:\Users\athas\Downloads\Chalearn\first-impressions\train\50gokPvvMs8.000.mp4,train
C:\Users\athas\Downloads\Chalearn\first-impressions\train\50gokPvvMs8.002.mp4,train
C:\Users\athas\Downloads\Chalearn\first-impressions\train\51hGkzvYP00.001.mp4,train
C:\Users\athas\Downloads\Chalearn\first-impressions\train\51KRxB3g7A8.000.mp4,train
C:\Users\athas\Downloads\Chalearn\first-impressions\train\51z2rCqPqPE.003.mp4,train
C:\Users\athas\Downloads\Chalearn\first-impressions\train\51z2rCqPqPE.005.mp4,train
C:\Users\athas\Downloads\Chalearn\first-impressions\train\521sm7CTyfg.000.mp4,train
C:\Users\athas\Downloads\Chalearn\first-impressions\train\521sm7CTyfg.001.mp4,train
C:\Users\athas\Downloads\Chalearn\first-impressions\train\521sm7CTyfg.003.mp4,train
C:\Users\athas\Downloads\Chalearn\first-impressions\train\521sm7CTyfg.004.mp4,train
C:\Users\athas\Downloads\Chalearn\first-impressions\train\521sm7CTyfg.005.mp4,train
C:\Users\athas\Downloads\Chalearn\first-impressions\train\53gtUkC7IZM.001.mp4,train
C:\Users\athas\Downloads\Chalearn\first-impressions\train\53QFyec0uN0.002.mp4,train
C:\Users\athas\Downloads\Chalearn\first-impressions\train\53QFyec0uN0.003.mp4,train
C:\Users\athas\Downloads\Chalearn\first-impressions\train\53srfuqv9LM.001.mp4,train
C:\Users\athas\Downloads\Chalearn\first-impressions\train\53srfuqv9LM.002.mp4,train
C:\Users\athas\Downloads\Chalearn\first-impressions\train\54JawR1x0II.001.mp4,train
C:\Users\athas\Downloads\Chalearn\first-impressions\train\54JawR1x0II.002.mp4,train
C:\Users\athas\Downloads\Chalearn\first-impressions\train\54K75EhiTEk.000.mp4,train
C:\Users\athas\Downloads\Chalearn\first-impressions\train\54K75EhiTEk.002.mp4,train
C:\Users\athas\Downloads\Chalearn\first-impressions\train\54K75EhiTEk.003.mp4,train
C:\Users\athas\Downloads\Chalearn\first-impressions\train\54K75EhiTEk.005.mp4,train
C:\Users\athas\Downloads\Chalearn\first-impressions\train\54TGLGvIm_8.001.mp4,train
C:\Users\athas\Downloads\Chalearn\first-impressions\train\54TGLGvIm_8.002.mp4,train
C:\Users\athas\Downloads\Chalearn\first-impressions\train\54TGLGvIm_8.003.mp4,train
C:\Users\athas\Downloads\Chalearn\first-impressions\train\54TGLGvIm_8.004.mp4,train
C:\Users\athas\Downloads\Chalearn\first-impressions\train\57o4odfqTs8.001.mp4,train
C:\Users\athas\Downloads\Chalearn\first-impressions\train\57o4odfqTs8.003.mp4,train
C:\Users\athas\Downloads\Chalearn\first-impressions\train\57RdMTGegww.000.mp4,train
C:\Users\athas\Downloads\Chalearn\first-impressions\train\59Smv7wl--w.001.mp4,train
C:\Users\athas\Downloads\Chalearn\first-impressions\train\59Smv7wl--w.002.mp4,train
C:\Users\athas\Downloads\Chalearn\first-impressions\train\59Smv7wl--w.003.mp4,train
C:\Users\athas\Downloads\Chalearn\first-impressions\train\59Smv7wl--w.005.mp4,train
C:\Users\athas\Downloads\Chalearn\first-impressions\train\5Bgd2zgiT0Q.004.mp4,train
C:\Users\athas\Downloads\Chalearn\first-impressions\train\5bi_PM3XMEQ.005.mp4,train
C:\Users\athas\Downloads\Chalearn\first-impressions\train\5BPGRteF64Y.001.mp4,train
C:\Users\athas\Downloads\Chalearn\first-impressions\train\5BPGRteF64Y.002.mp4,train
C:\Users\athas\Downloads\Chalearn\first-impressions\train\5BPGRteF64Y.005.mp4,train
C:\Users\athas\Downloads\Chalearn\first-impressions\train\5CRqN54uejE.000.mp4,train
C:\Users\athas\Downloads\Chalearn\first-impressions\train\5CRqN54uejE.002.mp4,train
C:\Users\athas\Downloads\Chalearn\first-impressions\train\5CRqN54uejE.005.mp4,train
C:\Users\athas\Downloads\Chalearn\first-impressions\train\5Eez38v8TuU.000.mp4,train
C:\Users\athas\Downloads\Chalearn\first-impressions\train\5Eez38v8TuU.003.mp4,train
C:\Users\athas\Downloads\Chalearn\first-impressions\train\5Eez38v8TuU.005.mp4,train
C:\Users\athas\Downloads\Chalearn\first-impressions\train\5f6s8cwA7WQ.001.mp4,train
C:\Users\athas\Downloads\Chalearn\first-impressions\train\5f6s8cwA7WQ.002.mp4,train
C:\Users\athas\Downloads\Chalearn\first-impressions\train\5f6s8cwA7WQ.004.mp4,train
C:\Users\athas\Downloads\Chalearn\first-impressions\train\5f6s8cwA7WQ.005.mp4,train
C:\Users\athas\Downloads\Chalearn\first-impressions\train\5ghk5950BhU.002.mp4,train
C:\Users\athas\Downloads\Chalearn\first-impressions\train\5ghk5950BhU.004.mp4,train
C:\Users\athas\Downloads\Chalearn\first-impressions\train\5ghk5950BhU.005.mp4,train
C:\Users\athas\Downloads\Chalearn\first-impressions\train\5gJsrcXQvrk.002.mp4,train
C:\Users\athas\Downloads\Chalearn\first-impressions\train\5h5Pajjc_xM.001.mp4,train
C:\Users\athas\Downloads\Chalearn\first-impressions\train\5hFRSHAis2E.003.mp4,train
C:\Users\athas\Downloads\Chalearn\first-impressions\train\5hFRSHAis2E.005.mp4,train
C:\Users\athas\Downloads\Chalearn\first-impressions\train\5IqtX-uq28E.001.mp4,train
C:\Users\athas\Downloads\Chalearn\first-impressions\train\5IqtX-uq28E.002.mp4,train
C:\Users\athas\Downloads\Chalearn\first-impressions\train\5kaqMZ7SB9w.002.mp4,train
C:\Users\athas\Downloads\Chalearn\first-impressions\train\5KHOpRCxnwQ.005.mp4,train
C:\Users\athas\Downloads\Chalearn\first-impressions\train\5Ku4_r_Yxsk.000.mp4,train
C:\Users\athas\Downloads\Chalearn\first-impressions\train\5Ku4_r_Yxsk.001.mp4,train
C:\Users\athas\Downloads\Chalearn\first-impressions\train\5kwoq4EZixQ.001.mp4,train
C:\Users\athas\Downloads\Chalearn\first-impressions\train\5kwoq4EZixQ.003.mp4,train
C:\Users\athas\Downloads\Chalearn\first-impressions\train\5kwoq4EZixQ.004.mp4,train
C:\Users\athas\Downloads\Chalearn\first-impressions\train\5kwoq4EZixQ.005.mp4,train
C:\Users\athas\Downloads\Chalearn\first-impressions\train\5kY-Iv6UkeU.003.mp4,train
C:\Users\athas\Downloads\Chalearn\first-impressions\train\5Mc-mjLvvGU.000.mp4,train
C:\Users\athas\Downloads\Chalearn\first-impressions\train\5Mc-mjLvvGU.003.mp4,train
C:\Users\athas\Downloads\Chalearn\first-impressions\train\5PsD_NFMWpQ.000.mp4,train
C:\Users\athas\Downloads\Chalearn\first-impressions\train\5T2PhH-OMds.000.mp4,train
C:\Users\athas\Downloads\Chalearn\first-impressions\train\5T2PhH-OMds.001.mp4,train
C:\Users\athas\Downloads\Chalearn\first-impressions\train\5T2PhH-OMds.003.mp4,train
C:\Users\athas\Downloads\Chalearn\first-impressions\train\5TYuLy7JLj4.000.mp4,train
C:\Users\athas\Downloads\Chalearn\first-impressions\train\5U0xeSXEZOU.000.mp4,train
C:\Users\athas\Downloads\Chalearn\first-impressions\train\5U0xeSXEZOU.001.mp4,train
C:\Users\athas\Downloads\Chalearn\first-impressions\train\5U0xeSXEZOU.004.mp4,train
C:\Users\athas\Downloads\Chalearn\first-impressions\train\5U0xeSXEZOU.005.mp4,train
C:\Users\athas\Downloads\Chalearn\first-impressions\train\5uFZ-2kYGO0.000.mp4,train
C:\Users\athas\Downloads\Chalearn\first-impressions\train\5VG1EgzvprE.000.mp4,train
C:\Users\athas\Downloads\Chalearn\first-impressions\train\5VG1EgzvprE.005.mp4,train
C:\Users\athas\Downloads\Chalearn\first-impressions\train\5Wfa94_5Psg.002.mp4,train
C:\Users\athas\Downloads\Chalearn\first-impressions\train\5Wfa94_5Psg.003.mp4,train
C:\Users\athas\Downloads\Chalearn\first-impressions\train\5Wfa94_5Psg.004.mp4,train
C:\Users\athas\Downloads\Chalearn\first-impressions\train\5Wmlo8Z5yVA.003.mp4,train
C:\Users\athas\Downloads\Chalearn\first-impressions\train\5wpoKhbt28c.001.mp4,train
C:\Users\athas\Downloads\Chalearn\first-impressions\train\5wpoKhbt28c.004.mp4,train
C:\Users\athas\Downloads\Chalearn\first-impressions\train\5xA8-Y5qgT0.000.mp4,train
C:\Users\athas\Downloads\Chalearn\first-impressions\train\5xA8-Y5qgT0.001.mp4,train
C:\Users\athas\Downloads\Chalearn\first-impressions\train\5xA8-Y5qgT0.003.mp4,train
C:\Users\athas\Downloads\Chalearn\first-impressions\train\5xA8-Y5qgT0.004.mp4,train
C:\Users\athas\Downloads\Chalearn\first-impressions\train\5z4G0biL9B4.000.mp4,train
C:\Users\athas\Downloads\Chalearn\first-impressions\train\5z4G0biL9B4.003.mp4,train
C:\Users\athas\Downloads\Chalearn\first-impressions\train\6-O-HJf6OZI.001.mp4,train
C:\Users\athas\Downloads\Chalearn\first-impressions\train\6-O-HJf6OZI.002.mp4,train
C:\Users\athas\Downloads\Chalearn\first-impressions\train\6-O-HJf6OZI.004.mp4,train
C:\Users\athas\Downloads\Chalearn\first-impressions\train\6-O-HJf6OZI.005.mp4,train
C:\Users\athas\Downloads\Chalearn\first-impressions\train\6-_1-vBNl_0.002.mp4,train
C:\Users\athas\Downloads\Chalearn\first-impressions\train\6-_1-vBNl_0.003.mp4,train
C:\Users\athas\Downloads\Chalearn\first-impressions\train\6-_1-vBNl_0.004.mp4,train
C:\Users\athas\Downloads\Chalearn\first-impressions\train\62ngcaBjRCY.005.mp4,train
C:\Users\athas\Downloads\Chalearn\first-impressions\train\65xWDhgq1OE.004.mp4,train
C:\Users\athas\Downloads\Chalearn\first-impressions\train\69BopbFc34U.000.mp4,train
C:\Users\athas\Downloads\Chalearn\first-impressions\train\69BopbFc34U.001.mp4,train
C:\Users\athas\Downloads\Chalearn\first-impressions\train\69BopbFc34U.004.mp4,train
C:\Users\athas\Downloads\Chalearn\first-impressions\train\69EsTnCVCp0.003.mp4,train
C:\Users\athas\Downloads\Chalearn\first-impressions\train\6CRet5sD6xI.003.mp4,train
C:\Users\athas\Downloads\Chalearn\first-impressions\train\6e5BsNaQmTo.003.mp4,train
C:\Users\athas\Downloads\Chalearn\first-impressions\train\6EMgu2djYrU.001.mp4,train
C:\Users\athas\Downloads\Chalearn\first-impressions\train\6EMgu2djYrU.002.mp4,train
C:\Users\athas\Downloads\Chalearn\first-impressions\train\6EMgu2djYrU.004.mp4,train
C:\Users\athas\Downloads\Chalearn\first-impressions\train\6EMgu2djYrU.005.mp4,train
C:\Users\athas\Downloads\Chalearn\first-impressions\train\6ePyEPQp77Q.001.mp4,train
C:\Users\athas\Downloads\Chalearn\first-impressions\train\6ePyEPQp77Q.002.mp4,train
C:\Users\athas\Downloads\Chalearn\first-impressions\train\6ePyEPQp77Q.004.mp4,train
C:\Users\athas\Downloads\Chalearn\first-impressions\train\6ePyEPQp77Q.005.mp4,train
C:\Users\athas\Downloads\Chalearn\first-impressions\train\6h6kk-tPzmE.000.mp4,train
C:\Users\athas\Downloads\Chalearn\first-impressions\train\6IOtQTOyQRU.000.mp4,train
C:\Users\athas\Downloads\Chalearn\first-impressions\train\6IOtQTOyQRU.001.mp4,train
C:\Users\athas\Downloads\Chalearn\first-impressions\train\6JfSPPVUgIg.003.mp4,train
C:\Users\athas\Downloads\Chalearn\first-impressions\train\6JfSPPVUgIg.005.mp4,train
C:\Users\athas\Downloads\Chalearn\first-impressions\train\6k8RQViPUTc.000.mp4,train
C:\Users\athas\Downloads\Chalearn\first-impressions\train\6KKNrufnL80.000.mp4,train
C:\Users\athas\Downloads\Chalearn\first-impressions\train\6LKbPUX03sY.000.mp4,train
C:\Users\athas\Downloads\Chalearn\first-impressions\train\6LKbPUX03sY.003.mp4,train
C:\Users\athas\Downloads\Chalearn\first-impressions\train\6LKbPUX03sY.005.mp4,train
C:\Users\athas\Downloads\Chalearn\first-impressions\train\6N02tjYPLh8.000.mp4,train
C:\Users\athas\Downloads\Chalearn\first-impressions\train\6N02tjYPLh8.001.mp4,train
C:\Users\athas\Downloads\Chalearn\first-impressions\train\6N02tjYPLh8.005.mp4,train
C:\Users\athas\Downloads\Chalearn\first-impressions\train\6nbxAP_ZKQQ.000.mp4,train
C:\Users\athas\Downloads\Chalearn\first-impressions\train\6nbxAP_ZKQQ.005.mp4,train
C:\Users\athas\Downloads\Chalearn\first-impressions\train\6NHEp_CF2jE.000.mp4,train
C:\Users\athas\Downloads\Chalearn\first-impressions\train\6NjuNY4LfQc.004.mp4,train
C:\Users\athas\Downloads\Chalearn\first-impressions\train\6nv6D2moFQw.002.mp4,train
C:\Users\athas\Downloads\Chalearn\first-impressions\train\6nv6D2moFQw.003.mp4,train
C:\Users\athas\Downloads\Chalearn\first-impressions\train\6nv6D2moFQw.005.mp4,train
C:\Users\athas\Downloads\Chalearn\first-impressions\train\6oL9yyc9iJc.001.mp4,train
C:\Users\athas\Downloads\Chalearn\first-impressions\train\6oL9yyc9iJc.003.mp4,train
C:\Users\athas\Downloads\Chalearn\first-impressions\train\6RwVJK3husE.005.mp4,train
C:\Users\athas\Downloads\Chalearn\first-impressions\train\6SiutTvCDUw.000.mp4,train
C:\Users\athas\Downloads\Chalearn\first-impressions\train\6SiutTvCDUw.001.mp4,train
C:\Users\athas\Downloads\Chalearn\first-impressions\train\6tBnFWDqvJE.003.mp4,train
C:\Users\athas\Downloads\Chalearn\first-impressions\train\6TkMavTyimI.000.mp4,train
C:\Users\athas\Downloads\Chalearn\first-impressions\train\6TkMavTyimI.001.mp4,train
C:\Users\athas\Downloads\Chalearn\first-impressions\train\6TkMavTyimI.002.mp4,train
C:\Users\athas\Downloads\Chalearn\first-impressions\train\6TkMavTyimI.003.mp4,train
C:\Users\athas\Downloads\Chalearn\first-impressions\train\6TkMavTyimI.004.mp4,train
C:\Users\athas\Downloads\Chalearn\first-impressions\train\6TkMavTyimI.005.mp4,train
C:\Users\athas\Downloads\Chalearn\first-impressions\train\6tyhnIgNVs8.005.mp4,train
C:\Users\athas\Downloads\Chalearn\first-impressions\train\6uqXoPJSoPg.000.mp4,train
C:\Users\athas\Downloads\Chalearn\first-impressions\train\6uqXoPJSoPg.003.mp4,train
C:\Users\athas\Downloads\Chalearn\first-impressions\train\6uqXoPJSoPg.004.mp4,train
C:\Users\athas\Downloads\Chalearn\first-impressions\train\6uqXoPJSoPg.005.mp4,train
C:\Users\athas\Downloads\Chalearn\first-impressions\train\6V92xyqy0q4.000.mp4,train
C:\Users\athas\Downloads\Chalearn\first-impressions\train\6V92xyqy0q4.001.mp4,train
C:\Users\athas\Downloads\Chalearn\first-impressions\train\6waL_gUxtAM.000.mp4,train
C:\Users\athas\Downloads\Chalearn\first-impressions\train\6waL_gUxtAM.004.mp4,train
C:\Users\athas\Downloads\Chalearn\first-impressions\train\6wHQsN5g2RM.000.mp4,train
C:\Users\athas\Downloads\Chalearn\first-impressions\train\6wHQsN5g2RM.002.mp4,train
C:\Users\athas\Downloads\Chalearn\first-impressions\train\6wHQsN5g2RM.003.mp4,train
C:\Users\athas\Downloads\Chalearn\first-impressions\train\6wHQsN5g2RM.004.mp4,train
C:\Users\athas\Downloads\Chalearn\first-impressions\train\6wIEiqmuHOM.000.mp4,train
C:\Users\athas\Downloads\Chalearn\first-impressions\train\6WSr4IW6cNI.000.mp4,train
C:\Users\athas\Downloads\Chalearn\first-impressions\train\6WSr4IW6cNI.003.mp4,train
C:\Users\athas\Downloads\Chalearn\first-impressions\train\6xlHkQDHxbs.000.mp4,train
C:\Users\athas\Downloads\Chalearn\first-impressions\train\6zm71IHOCZA.000.mp4,train
C:\Users\athas\Downloads\Chalearn\first-impressions\train\6zm71IHOCZA.001.mp4,train
C:\Users\athas\Downloads\Chalearn\first-impressions\train\6zm71IHOCZA.002.mp4,train
C:\Users\athas\Downloads\Chalearn\first-impressions\train\70FJFG-MISQ.004.mp4,train
C:\Users\athas\Downloads\Chalearn\first-impressions\train\75XbCb7G8kw.001.mp4,train
C:\Users\athas\Downloads\Chalearn\first-impressions\train\75XbCb7G8kw.002.mp4,train
C:\Users\athas\Downloads\Chalearn\first-impressions\train\78zauTEQ-k8.000.mp4,train
C:\Users\athas\Downloads\Chalearn\first-impressions\train\78zauTEQ-k8.001.mp4,train
C:\Users\athas\Downloads\Chalearn\first-impressions\train\78zauTEQ-k8.004.mp4,train
C:\Users\athas\Downloads\Chalearn\first-impressions\train\79xbT95IyKI.001.mp4,train
C:\Users\athas\Downloads\Chalearn\first-impressions\train\7b9DirXrkHo.002.mp4,train
C:\Users\athas\Downloads\Chalearn\first-impressions\train\7b9DirXrkHo.003.mp4,train
C:\Users\athas\Downloads\Chalearn\first-impressions\train\7BgScfRre5M.001.mp4,train
C:\Users\athas\Downloads\Chalearn\first-impressions\train\7BgScfRre5M.003.mp4,train
C:\Users\athas\Downloads\Chalearn\first-impressions\train\7BgScfRre5M.004.mp4,train
C:\Users\athas\Downloads\Chalearn\first-impressions\train\7FXs86Z98E0.002.mp4,train
C:\Users\athas\Downloads\Chalearn\first-impressions\train\7GRC7XjGzX8.001.mp4,train
C:\Users\athas\Downloads\Chalearn\first-impressions\train\7GRC7XjGzX8.003.mp4,train
C:\Users\athas\Downloads\Chalearn\first-impressions\train\7gyJdWaLpmE.003.mp4,train
C:\Users\athas\Downloads\Chalearn\first-impressions\train\7gyJdWaLpmE.004.mp4,train
C:\Users\athas\Downloads\Chalearn\first-impressions\train\7I-B2bBL0K0.004.mp4,train
C:\Users\athas\Downloads\Chalearn\first-impressions\train\7IegDaeNlik.000.mp4,train
C:\Users\athas\Downloads\Chalearn\first-impressions\train\7IegDaeNlik.002.mp4,train
C:\Users\athas\Downloads\Chalearn\first-impressions\train\7IegDaeNlik.003.mp4,train
C:\Users\athas\Downloads\Chalearn\first-impressions\train\7IegDaeNlik.005.mp4,train
C:\Users\athas\Downloads\Chalearn\first-impressions\train\7Kn5VT9bB4I.001.mp4,train
C:\Users\athas\Downloads\Chalearn\first-impressions\train\7kO7jYYUVWg.004.mp4,train
C:\Users\athas\Downloads\Chalearn\first-impressions\train\7LHmNEH65Pk.000.mp4,train
C:\Users\athas\Downloads\Chalearn\first-impressions\train\7LHmNEH65Pk.002.mp4,train
C:\Users\athas\Downloads\Chalearn\first-impressions\train\7LHmNEH65Pk.004.mp4,train
C:\Users\athas\Downloads\Chalearn\first-impressions\train\7LHmNEH65Pk.005.mp4,train
C:\Users\athas\Downloads\Chalearn\first-impressions\train\7MwZm3mhSA8.004.mp4,train
C:\Users\athas\Downloads\Chalearn\first-impressions\train\7nhJXn9PI0I.001.mp4,train
C:\Users\athas\Downloads\Chalearn\first-impressions\train\7nhJXn9PI0I.004.mp4,train
C:\Users\athas\Downloads\Chalearn\first-impressions\train\7nhJXn9PI0I.005.mp4,train
C:\Users\athas\Downloads\Chalearn\first-impressions\train\7nJPNkWZDOY.003.mp4,train
C:\Users\athas\Downloads\Chalearn\first-impressions\train\7P2F5Mk_Q1s.000.mp4,train
C:\Users\athas\Downloads\Chalearn\first-impressions\train\7P2F5Mk_Q1s.002.mp4,train
C:\Users\athas\Downloads\Chalearn\first-impressions\train\7pLWTfnOSIU.001.mp4,train
C:\Users\athas\Downloads\Chalearn\first-impressions\train\7pLWTfnOSIU.004.mp4,train
C:\Users\athas\Downloads\Chalearn\first-impressions\train\7pLYJKO75_c.001.mp4,train
C:\Users\athas\Downloads\Chalearn\first-impressions\train\7PYAn9njCHI.001.mp4,train
C:\Users\athas\Downloads\Chalearn\first-impressions\train\7PYAn9njCHI.004.mp4,train
C:\Users\athas\Downloads\Chalearn\first-impressions\train\7QeVs-mXmcI.003.mp4,train
C:\Users\athas\Downloads\Chalearn\first-impressions\train\7qGYGbIg45c.002.mp4,train
C:\Users\athas\Downloads\Chalearn\first-impressions\train\7qGYGbIg45c.004.mp4,train
C:\Users\athas\Downloads\Chalearn\first-impressions\train\7qGYGbIg45c.005.mp4,train
C:\Users\athas\Downloads\Chalearn\first-impressions\train\7RQbn7LM10I.000.mp4,train
C:\Users\athas\Downloads\Chalearn\first-impressions\train\7rZF73nDGEY.003.mp4,train
C:\Users\athas\Downloads\Chalearn\first-impressions\train\7s3itKIXww0.002.mp4,train
C:\Users\athas\Downloads\Chalearn\first-impressions\train\7tlMys6MZ34.000.mp4,train
C:\Users\athas\Downloads\Chalearn\first-impressions\train\7tlMys6MZ34.001.mp4,train
C:\Users\athas\Downloads\Chalearn\first-impressions\train\7tlMys6MZ34.003.mp4,train
C:\Users\athas\Downloads\Chalearn\first-impressions\train\7tlMys6MZ34.004.mp4,train
C:\Users\athas\Downloads\Chalearn\first-impressions\train\7tlMys6MZ34.005.mp4,train
C:\Users\athas\Downloads\Chalearn\first-impressions\train\7TvOygqwNuE.000.mp4,train
C:\Users\athas\Downloads\Chalearn\first-impressions\train\7UQt8QB3cQY.001.mp4,train
C:\Users\athas\Downloads\Chalearn\first-impressions\train\7UQt8QB3cQY.002.mp4,train
C:\Users\athas\Downloads\Chalearn\first-impressions\train\7UQt8QB3cQY.003.mp4,train
C:\Users\athas\Downloads\Chalearn\first-impressions\train\7UQt8QB3cQY.004.mp4,train
C:\Users\athas\Downloads\Chalearn\first-impressions\train\7vF5WLD1RxY.003.mp4,train
C:\Users\athas\Downloads\Chalearn\first-impressions\train\7Wr-fwmpRfw.001.mp4,train
C:\Users\athas\Downloads\Chalearn\first-impressions\train\7Wr-fwmpRfw.003.mp4,train
C:\Users\athas\Downloads\Chalearn\first-impressions\train\7wsksuXYoMY.000.mp4,train
C:\Users\athas\Downloads\Chalearn\first-impressions\train\7wsksuXYoMY.001.mp4,train
C:\Users\athas\Downloads\Chalearn\first-impressions\train\7wsksuXYoMY.002.mp4,train
C:\Users\athas\Downloads\Chalearn\first-impressions\train\7wsksuXYoMY.004.mp4,train
C:\Users\athas\Downloads\Chalearn\first-impressions\train\7wsksuXYoMY.005.mp4,train
C:\Users\athas\Downloads\Chalearn\first-impressions\train\7Y3S4nfQHeo.001.mp4,train
C:\Users\athas\Downloads\Chalearn\first-impressions\train\7Y3S4nfQHeo.002.mp4,train
C:\Users\athas\Downloads\Chalearn\first-impressions\train\7Y3S4nfQHeo.005.mp4,train
C:\Users\athas\Downloads\Chalearn\first-impressions\train\7Y4cUPFEt-4.000.mp4,train
C:\Users\athas\Downloads\Chalearn\first-impressions\train\7Y4cUPFEt-4.002.mp4,train
C:\Users\athas\Downloads\Chalearn\first-impressions\train\7Y4cUPFEt-4.005.mp4,train
C:\Users\athas\Downloads\Chalearn\first-impressions\train\7ZnijRlK5-E.002.mp4,train
C:\Users\athas\Downloads\Chalearn\first-impressions\train\7ZnijRlK5-E.003.mp4,train
C:\Users\athas\Downloads\Chalearn\first-impressions\train\8-OKP1nf19E.000.mp4,train
C:\Users\athas\Downloads\Chalearn\first-impressions\train\8-OKP1nf19E.001.mp4,train
C:\Users\athas\Downloads\Chalearn\first-impressions\train\8-OKP1nf19E.005.mp4,train
C:\Users\athas\Downloads\Chalearn\first-impressions\train\81f9t2HMNas.001.mp4,train
C:\Users\athas\Downloads\Chalearn\first-impressions\train\81f9t2HMNas.002.mp4,train
C:\Users\athas\Downloads\Chalearn\first-impressions\train\81f9t2HMNas.003.mp4,train
C:\Users\athas\Downloads\Chalearn\first-impressions\train\81f9t2HMNas.004.mp4,train
C:\Users\athas\Downloads\Chalearn\first-impressions\train\81f9t2HMNas.005.mp4,train
C:\Users\athas\Downloads\Chalearn\first-impressions\train\836kYlEs9GI.001.mp4,train
C:\Users\athas\Downloads\Chalearn\first-impressions\train\836kYlEs9GI.002.mp4,train
C:\Users\athas\Downloads\Chalearn\first-impressions\train\836kYlEs9GI.003.mp4,train
C:\Users\athas\Downloads\Chalearn\first-impressions\train\83cmR2fkyy8.002.mp4,train
C:\Users\athas\Downloads\Chalearn\first-impressions\train\83cmR2fkyy8.004.mp4,train
C:\Users\athas\Downloads\Chalearn\first-impressions\train\83cmR2fkyy8.005.mp4,train
C:\Users\athas\Downloads\Chalearn\first-impressions\train\84emxO86qa8.001.mp4,train
C:\Users\athas\Downloads\Chalearn\first-impressions\train\84emxO86qa8.002.mp4,train
C:\Users\athas\Downloads\Chalearn\first-impressions\train\84emxO86qa8.005.mp4,train
C:\Users\athas\Downloads\Chalearn\first-impressions\train\84Lz5a9yRZg.001.mp4,train
C:\Users\athas\Downloads\Chalearn\first-impressions\train\84Lz5a9yRZg.002.mp4,train
C:\Users\athas\Downloads\Chalearn\first-impressions\train\84Lz5a9yRZg.004.mp4,train
C:\Users\athas\Downloads\Chalearn\first-impressions\train\853IG69l2SE.000.mp4,train
C:\Users\athas\Downloads\Chalearn\first-impressions\train\853IG69l2SE.003.mp4,train
C:\Users\athas\Downloads\Chalearn\first-impressions\train\86HyqfDcAJM.001.mp4,train
C:\Users\athas\Downloads\Chalearn\first-impressions\train\86upzmhvpXw.001.mp4,train
C:\Users\athas\Downloads\Chalearn\first-impressions\train\86upzmhvpXw.002.mp4,train
C:\Users\athas\Downloads\Chalearn\first-impressions\train\86upzmhvpXw.005.mp4,train
C:\Users\athas\Downloads\Chalearn\first-impressions\train\87r3cLkrw4A.002.mp4,train
C:\Users\athas\Downloads\Chalearn\first-impressions\train\8aLr0vNobr4.000.mp4,train
C:\Users\athas\Downloads\Chalearn\first-impressions\train\8aLr0vNobr4.001.mp4,train
C:\Users\athas\Downloads\Chalearn\first-impressions\train\8aLr0vNobr4.004.mp4,train
C:\Users\athas\Downloads\Chalearn\first-impressions\train\8AnIttmflwI.002.mp4,train
C:\Users\athas\Downloads\Chalearn\first-impressions\train\8aPfoJiDeBY.004.mp4,train
C:\Users\athas\Downloads\Chalearn\first-impressions\train\8AyIkT2Dg14.003.mp4,train
C:\Users\athas\Downloads\Chalearn\first-impressions\train\8BE-2l-RBjA.000.mp4,train
C:\Users\athas\Downloads\Chalearn\first-impressions\train\8BE-2l-RBjA.003.mp4,train
C:\Users\athas\Downloads\Chalearn\first-impressions\train\8bn3HZY76xU.000.mp4,train
C:\Users\athas\Downloads\Chalearn\first-impressions\train\8bn3HZY76xU.001.mp4,train
C:\Users\athas\Downloads\Chalearn\first-impressions\train\8bn3HZY76xU.004.mp4,train
C:\Users\athas\Downloads\Chalearn\first-impressions\train\8Bt-vEroq6M.003.mp4,train
C:\Users\athas\Downloads\Chalearn\first-impressions\train\8Bt-vEroq6M.004.mp4,train
C:\Users\athas\Downloads\Chalearn\first-impressions\train\8c4_VDh2r5s.001.mp4,train
C:\Users\athas\Downloads\Chalearn\first-impressions\train\8cIuBkFoh0s.000.mp4,train
C:\Users\athas\Downloads\Chalearn\first-impressions\train\8dVcA5J1Dcw.000.mp4,train
C:\Users\athas\Downloads\Chalearn\first-impressions\train\8e4nnel_x-M.001.mp4,train
C:\Users\athas\Downloads\Chalearn\first-impressions\train\8e4nnel_x-M.005.mp4,train
C:\Users\athas\Downloads\Chalearn\first-impressions\train\8eeZjC_bmtc.001.mp4,train
C:\Users\athas\Downloads\Chalearn\first-impressions\train\8eeZjC_bmtc.005.mp4,train
C:\Users\athas\Downloads\Chalearn\first-impressions\train\8g5jPiQ6XdA.001.mp4,train
C:\Users\athas\Downloads\Chalearn\first-impressions\train\8g5jPiQ6XdA.003.mp4,train
C:\Users\athas\Downloads\Chalearn\first-impressions\train\8g5jPiQ6XdA.004.mp4,train
C:\Users\athas\Downloads\Chalearn\first-impressions\train\8GFElKeREfQ.000.mp4,train
C:\Users\athas\Downloads\Chalearn\first-impressions\train\8GFElKeREfQ.005.mp4,train
C:\Users\athas\Downloads\Chalearn\first-impressions\train\8gvBbE6iZNo.001.mp4,train
C:\Users\athas\Downloads\Chalearn\first-impressions\train\8gvBbE6iZNo.003.mp4,train
C:\Users\athas\Downloads\Chalearn\first-impressions\train\8gvBbE6iZNo.005.mp4,train
C:\Users\athas\Downloads\Chalearn\first-impressions\train\8hfhLOXpCNM.002.mp4,train
C:\Users\athas\Downloads\Chalearn\first-impressions\train\8hfhLOXpCNM.005.mp4,train
C:\Users\athas\Downloads\Chalearn\first-impressions\train\8hGOOynn3ZU.003.mp4,train
C:\Users\athas\Downloads\Chalearn\first-impressions\train\8hGOOynn3ZU.005.mp4,train
C:\Users\athas\Downloads\Chalearn\first-impressions\train\8HqEniErmmE.000.mp4,train
C:\Users\athas\Downloads\Chalearn\first-impressions\train\8hW6WfYBP18.001.mp4,train
C:\Users\athas\Downloads\Chalearn\first-impressions\train\8hW6WfYBP18.005.mp4,train
C:\Users\athas\Downloads\Chalearn\first-impressions\train\8i7H-uSCQcc.001.mp4,train
C:\Users\athas\Downloads\Chalearn\first-impressions\train\8i7H-uSCQcc.004.mp4,train
C:\Users\athas\Downloads\Chalearn\first-impressions\train\8KyS0FKbKfI.002.mp4,train
C:\Users\athas\Downloads\Chalearn\first-impressions\train\8lg8A_zFOmg.000.mp4,train
C:\Users\athas\Downloads\Chalearn\first-impressions\train\8mZZlnbmOYE.000.mp4,train
C:\Users\athas\Downloads\Chalearn\first-impressions\train\8mZZlnbmOYE.001.mp4,train
C:\Users\athas\Downloads\Chalearn\first-impressions\train\8mZZlnbmOYE.003.mp4,train
C:\Users\athas\Downloads\Chalearn\first-impressions\train\8mZZlnbmOYE.004.mp4,train
C:\Users\athas\Downloads\Chalearn\first-impressions\train\8n6G3V3-Tk8.002.mp4,train
C:\Users\athas\Downloads\Chalearn\first-impressions\train\8n6G3V3-Tk8.005.mp4,train
C:\Users\athas\Downloads\Chalearn\first-impressions\train\8narByy2B5g.000.mp4,train
C:\Users\athas\Downloads\Chalearn\first-impressions\train\8narByy2B5g.001.mp4,train
C:\Users\athas\Downloads\Chalearn\first-impressions\train\8narByy2B5g.004.mp4,train
C:\Users\athas\Downloads\Chalearn\first-impressions\train\8OGiv7FetSQ.000.mp4,train
C:\Users\athas\Downloads\Chalearn\first-impressions\train\8OGiv7FetSQ.001.mp4,train
C:\Users\athas\Downloads\Chalearn\first-impressions\train\8OGiv7FetSQ.002.mp4,train
C:\Users\athas\Downloads\Chalearn\first-impressions\train\8OGiv7FetSQ.004.mp4,train
C:\Users\athas\Downloads\Chalearn\first-impressions\train\8pM3X-xsD4s.001.mp4,train
C:\Users\athas\Downloads\Chalearn\first-impressions\train\8PXQ_5tUv74.000.mp4,train
C:\Users\athas\Downloads\Chalearn\first-impressions\train\8PXQ_5tUv74.001.mp4,train
C:\Users\athas\Downloads\Chalearn\first-impressions\train\8PXQ_5tUv74.004.mp4,train
C:\Users\athas\Downloads\Chalearn\first-impressions\train\8PXQ_5tUv74.005.mp4,train
C:\Users\athas\Downloads\Chalearn\first-impressions\train\8py6SksNsZQ.001.mp4,train
C:\Users\athas\Downloads\Chalearn\first-impressions\train\8py6SksNsZQ.002.mp4,train
C:\Users\athas\Downloads\Chalearn\first-impressions\train\8py6SksNsZQ.003.mp4,train
C:\Users\athas\Downloads\Chalearn\first-impressions\train\8py6SksNsZQ.005.mp4,train
C:\Users\athas\Downloads\Chalearn\first-impressions\train\8qDKGnABATw.001.mp4,train
C:\Users\athas\Downloads\Chalearn\first-impressions\train\8qesctueAV0.000.mp4,train
C:\Users\athas\Downloads\Chalearn\first-impressions\train\8qG1sMihtPA.000.mp4,train
C:\Users\athas\Downloads\Chalearn\first-impressions\train\8qG1sMihtPA.003.mp4,train
C:\Users\athas\Downloads\Chalearn\first-impressions\train\8qG1sMihtPA.004.mp4,train
C:\Users\athas\Downloads\Chalearn\first-impressions\train\8QtlG5ujHyc.001.mp4,train
C:\Users\athas\Downloads\Chalearn\first-impressions\train\8RObWRnyuG0.001.mp4,train
C:\Users\athas\Downloads\Chalearn\first-impressions\train\8RVJqjILSD0.000.mp4,train
C:\Users\athas\Downloads\Chalearn\first-impressions\train\8RVJqjILSD0.001.mp4,train
C:\Users\athas\Downloads\Chalearn\first-impressions\train\8RVJqjILSD0.003.mp4,train
C:\Users\athas\Downloads\Chalearn\first-impressions\train\8toLcoDcGOY.001.mp4,train
C:\Users\athas\Downloads\Chalearn\first-impressions\train\8toLcoDcGOY.003.mp4,train
C:\Users\athas\Downloads\Chalearn\first-impressions\train\8waTw8jF1Ys.000.mp4,train
C:\Users\athas\Downloads\Chalearn\first-impressions\train\8XBprf4NyOg.001.mp4,train
C:\Users\athas\Downloads\Chalearn\first-impressions\train\8XBprf4NyOg.002.mp4,train
C:\Users\athas\Downloads\Chalearn\first-impressions\train\8XBprf4NyOg.004.mp4,train
C:\Users\athas\Downloads\Chalearn\first-impressions\train\8XBprf4NyOg.005.mp4,train
C:\Users\athas\Downloads\Chalearn\first-impressions\train\8xHdW7Zx_OY.000.mp4,train
C:\Users\athas\Downloads\Chalearn\first-impressions\train\8xHdW7Zx_OY.001.mp4,train
C:\Users\athas\Downloads\Chalearn\first-impressions\train\8XJCdulCPkM.003.mp4,train
C:\Users\athas\Downloads\Chalearn\first-impressions\train\8XJCdulCPkM.004.mp4,train
C:\Users\athas\Downloads\Chalearn\first-impressions\train\8XJCdulCPkM.005.mp4,train
C:\Users\athas\Downloads\Chalearn\first-impressions\train\8yFYvQ_kxW8.000.mp4,train
C:\Users\athas\Downloads\Chalearn\first-impressions\train\8yFYvQ_kxW8.001.mp4,train
C:\Users\athas\Downloads\Chalearn\first-impressions\train\8yFYvQ_kxW8.003.mp4,train
C:\Users\athas\Downloads\Chalearn\first-impressions\train\8yFYvQ_kxW8.005.mp4,train
C:\Users\athas\Downloads\Chalearn\first-impressions\train\8Yo-27O0P38.003.mp4,train
C:\Users\athas\Downloads\Chalearn\first-impressions\train\8YQKwMdiaAE.001.mp4,train
C:\Users\athas\Downloads\Chalearn\first-impressions\train\8YQKwMdiaAE.002.mp4,train
C:\Users\athas\Downloads\Chalearn\first-impressions\train\8z-WF2UNRb8.002.mp4,train
C:\Users\athas\Downloads\Chalearn\first-impressions\train\8Z6PrQdqffA.001.mp4,train
C:\Users\athas\Downloads\Chalearn\first-impressions\train\8Z6PrQdqffA.002.mp4,train
C:\Users\athas\Downloads\Chalearn\first-impressions\train\8Z6PrQdqffA.004.mp4,train
C:\Users\athas\Downloads\Chalearn\first-impressions\train\8Z6PrQdqffA.005.mp4,train
C:\Users\athas\Downloads\Chalearn\first-impressions\train\8ZHpqRJ39HA.002.mp4,train
C:\Users\athas\Downloads\Chalearn\first-impressions\train\8ZHpqRJ39HA.003.mp4,train
C:\Users\athas\Downloads\Chalearn\first-impressions\train\8ZHpqRJ39HA.004.mp4,train
C:\Users\athas\Downloads\Chalearn\first-impressions\train\8ZHpqRJ39HA.005.mp4,train
C:\Users\athas\Downloads\Chalearn\first-impressions\train\9-lptN92A68.005.mp4,train
C:\Users\athas\Downloads\Chalearn\first-impressions\train\90p68AEmNMA.000.mp4,train
C:\Users\athas\Downloads\Chalearn\first-impressions\train\90p68AEmNMA.001.mp4,train
C:\Users\athas\Downloads\Chalearn\first-impressions\train\93XyRBd_HqU.002.mp4,train
C:\Users\athas\Downloads\Chalearn\first-impressions\train\98fnGDVky00.000.mp4,train
C:\Users\athas\Downloads\Chalearn\first-impressions\train\98fnGDVky00.001.mp4,train
C:\Users\athas\Downloads\Chalearn\first-impressions\train\98fnGDVky00.002.mp4,train
C:\Users\athas\Downloads\Chalearn\first-impressions\train\98fnGDVky00.003.mp4,train
C:\Users\athas\Downloads\Chalearn\first-impressions\train\98fnGDVky00.004.mp4,train
C:\Users\athas\Downloads\Chalearn\first-impressions\train\98fnGDVky00.005.mp4,train
C:\Users\athas\Downloads\Chalearn\first-impressions\train\99OBSlFjLXI.000.mp4,train
C:\Users\athas\Downloads\Chalearn\first-impressions\train\99OBSlFjLXI.002.mp4,train
C:\Users\athas\Downloads\Chalearn\first-impressions\train\9a-3LrB7cDI.000.mp4,train
C:\Users\athas\Downloads\Chalearn\first-impressions\train\9a-3LrB7cDI.003.mp4,train
C:\Users\athas\Downloads\Chalearn\first-impressions\train\9a-3LrB7cDI.004.mp4,train
C:\Users\athas\Downloads\Chalearn\first-impressions\train\9a-3LrB7cDI.005.mp4,train
C:\Users\athas\Downloads\Chalearn\first-impressions\train\9AsxY-x-TjM.000.mp4,train
C:\Users\athas\Downloads\Chalearn\first-impressions\train\9AsxY-x-TjM.002.mp4,train
C:\Users\athas\Downloads\Chalearn\first-impressions\train\9AsxY-x-TjM.004.mp4,train
C:\Users\athas\Downloads\Chalearn\first-impressions\train\9c66Lb7e1BQ.002.mp4,train
C:\Users\athas\Downloads\Chalearn\first-impressions\train\9c66Lb7e1BQ.003.mp4,train
C:\Users\athas\Downloads\Chalearn\first-impressions\train\9cHxDnk6SUs.000.mp4,train
C:\Users\athas\Downloads\Chalearn\first-impressions\train\9cHxDnk6SUs.001.mp4,train
C:\Users\athas\Downloads\Chalearn\first-impressions\train\9cHxDnk6SUs.002.mp4,train
C:\Users\athas\Downloads\Chalearn\first-impressions\train\9cHxDnk6SUs.005.mp4,train
C:\Users\athas\Downloads\Chalearn\first-impressions\train\9cj8rrj1wSk.000.mp4,train
C:\Users\athas\Downloads\Chalearn\first-impressions\train\9cj8rrj1wSk.004.mp4,train
C:\Users\athas\Downloads\Chalearn\first-impressions\train\9cj8rrj1wSk.005.mp4,train
C:\Users\athas\Downloads\Chalearn\first-impressions\train\9CPKW0sqR3E.000.mp4,train
C:\Users\athas\Downloads\Chalearn\first-impressions\train\9CPKW0sqR3E.001.mp4,train
C:\Users\athas\Downloads\Chalearn\first-impressions\train\9CPKW0sqR3E.002.mp4,train
C:\Users\athas\Downloads\Chalearn\first-impressions\train\9CPKW0sqR3E.003.mp4,train
C:\Users\athas\Downloads\Chalearn\first-impressions\train\9CPKW0sqR3E.005.mp4,train
C:\Users\athas\Downloads\Chalearn\first-impressions\train\9Crw2RtrBcY.000.mp4,train
C:\Users\athas\Downloads\Chalearn\first-impressions\train\9Crw2RtrBcY.001.mp4,train
C:\Users\athas\Downloads\Chalearn\first-impressions\train\9Crw2RtrBcY.002.mp4,train
C:\Users\athas\Downloads\Chalearn\first-impressions\train\9Crw2RtrBcY.003.mp4,train
C:\Users\athas\Downloads\Chalearn\first-impressions\train\9Crw2RtrBcY.004.mp4,train
C:\Users\athas\Downloads\Chalearn\first-impressions\train\9cWmvIfAAn0.000.mp4,train
C:\Users\athas\Downloads\Chalearn\first-impressions\train\9DF_-PXbpkg.001.mp4,train
C:\Users\athas\Downloads\Chalearn\first-impressions\train\9DF_-PXbpkg.002.mp4,train
C:\Users\athas\Downloads\Chalearn\first-impressions\train\9DF_-PXbpkg.003.mp4,train
C:\Users\athas\Downloads\Chalearn\first-impressions\train\9eNHxfOV2Kg.002.mp4,train
C:\Users\athas\Downloads\Chalearn\first-impressions\train\9eNHxfOV2Kg.004.mp4,train
C:\Users\athas\Downloads\Chalearn\first-impressions\train\9FN1KxoTMtQ.000.mp4,train
C:\Users\athas\Downloads\Chalearn\first-impressions\train\9hMSThogdKo.001.mp4,train
C:\Users\athas\Downloads\Chalearn\first-impressions\train\9hqH1PJ6cG8.001.mp4,train
C:\Users\athas\Downloads\Chalearn\first-impressions\train\9J-KIPMQmqk.004.mp4,train
C:\Users\athas\Downloads\Chalearn\first-impressions\train\9J-KIPMQmqk.005.mp4,train
C:\Users\athas\Downloads\Chalearn\first-impressions\train\9KAqOrdiZ4I.001.mp4,train
C:\Users\athas\Downloads\Chalearn\first-impressions\train\9KAqOrdiZ4I.002.mp4,train
C:\Users\athas\Downloads\Chalearn\first-impressions\train\9kEyN8a76j4.004.mp4,train
C:\Users\athas\Downloads\Chalearn\first-impressions\train\9kEyN8a76j4.005.mp4,train
C:\Users\athas\Downloads\Chalearn\first-impressions\train\9Lbj3wpwk-c.000.mp4,train
C:\Users\athas\Downloads\Chalearn\first-impressions\train\9Lbj3wpwk-c.001.mp4,train
C:\Users\athas\Downloads\Chalearn\first-impressions\train\9Lbj3wpwk-c.003.mp4,train
C:\Users\athas\Downloads\Chalearn\first-impressions\train\9Lbj3wpwk-c.004.mp4,train
C:\Users\athas\Downloads\Chalearn\first-impressions\train\9mAw0B-mEPQ.001.mp4,train
C:\Users\athas\Downloads\Chalearn\first-impressions\train\9mAw0B-mEPQ.005.mp4,train
C:\Users\athas\Downloads\Chalearn\first-impressions\train\9mM_0vrO3wc.003.mp4,train
C:\Users\athas\Downloads\Chalearn\first-impressions\train\9n8dNi-ERQ0.003.mp4,train
C:\Users\athas\Downloads\Chalearn\first-impressions\train\9n8dNi-ERQ0.004.mp4,train
C:\Users\athas\Downloads\Chalearn\first-impressions\train\9ND95tPlYt4.000.mp4,train
C:\Users\athas\Downloads\Chalearn\first-impressions\train\9o10YrQykMk.000.mp4,train
C:\Users\athas\Downloads\Chalearn\first-impressions\train\9o10YrQykMk.002.mp4,train
C:\Users\athas\Downloads\Chalearn\first-impressions\train\9o10YrQykMk.003.mp4,train
C:\Users\athas\Downloads\Chalearn\first-impressions\train\9pGJyf1MXLY.000.mp4,train
C:\Users\athas\Downloads\Chalearn\first-impressions\train\9pGJyf1MXLY.002.mp4,train
C:\Users\athas\Downloads\Chalearn\first-impressions\train\9pGJyf1MXLY.005.mp4,train
C:\Users\athas\Downloads\Chalearn\first-impressions\train\9QGTbcqb2tM.001.mp4,train
C:\Users\athas\Downloads\Chalearn\first-impressions\train\9QGTbcqb2tM.002.mp4,train
C:\Users\athas\Downloads\Chalearn\first-impressions\train\9QGTbcqb2tM.003.mp4,train
C:\Users\athas\Downloads\Chalearn\first-impressions\train\9QOFKbaPX3M.000.mp4,train
C:\Users\athas\Downloads\Chalearn\first-impressions\train\9QOFKbaPX3M.001.mp4,train
C:\Users\athas\Downloads\Chalearn\first-impressions\train\9QOFKbaPX3M.002.mp4,train
C:\Users\athas\Downloads\Chalearn\first-impressions\train\9rF3BEXetOo.000.mp4,train
C:\Users\athas\Downloads\Chalearn\first-impressions\train\9RfE2-aTvaM.000.mp4,train
C:\Users\athas\Downloads\Chalearn\first-impressions\train\9RfE2-aTvaM.001.mp4,train
C:\Users\athas\Downloads\Chalearn\first-impressions\train\9RfE2-aTvaM.003.mp4,train
C:\Users\athas\Downloads\Chalearn\first-impressions\train\9sfpnlBRCl0.000.mp4,train
C:\Users\athas\Downloads\Chalearn\first-impressions\train\9SGTRbePKLI.004.mp4,train
C:\Users\athas\Downloads\Chalearn\first-impressions\train\9UEBU_yiTPs.001.mp4,train
C:\Users\athas\Downloads\Chalearn\first-impressions\train\9UEBU_yiTPs.002.mp4,train
C:\Users\athas\Downloads\Chalearn\first-impressions\train\9uMpKla2OQM.001.mp4,train
C:\Users\athas\Downloads\Chalearn\first-impressions\train\9UUtf0_ZR14.001.mp4,train
C:\Users\athas\Downloads\Chalearn\first-impressions\train\9UWCHrG5mys.001.mp4,train
C:\Users\athas\Downloads\Chalearn\first-impressions\train\9UWCHrG5mys.004.mp4,train
C:\Users\athas\Downloads\Chalearn\first-impressions\train\9xJ0rFCU-OM.004.mp4,train
C:\Users\athas\Downloads\Chalearn\first-impressions\train\9xJ0rFCU-OM.005.mp4,train
C:\Users\athas\Downloads\Chalearn\first-impressions\train\9XqeGs2MMic.000.mp4,train
C:\Users\athas\Downloads\Chalearn\first-impressions\train\9XvDnTa0Z1M.003.mp4,train
C:\Users\athas\Downloads\Chalearn\first-impressions\train\9ydyJKZBWiA.000.mp4,train
C:\Users\athas\Downloads\Chalearn\first-impressions\train\9ydyJKZBWiA.001.mp4,train
C:\Users\athas\Downloads\Chalearn\first-impressions\train\9ydyJKZBWiA.002.mp4,train
C:\Users\athas\Downloads\Chalearn\first-impressions\train\9ydyJKZBWiA.003.mp4,train
C:\Users\athas\Downloads\Chalearn\first-impressions\train\9ydyJKZBWiA.005.mp4,train
C:\Users\athas\Downloads\Chalearn\first-impressions\train\9yZEb6bdxNY.000.mp4,train
C:\Users\athas\Downloads\Chalearn\first-impressions\train\9yZEb6bdxNY.004.mp4,train
C:\Users\athas\Downloads\Chalearn\first-impressions\train\9z5cV1ANYwE.002.mp4,train
C:\Users\athas\Downloads\Chalearn\first-impressions\train\9ZMIYSBYIh8.000.mp4,train
C:\Users\athas\Downloads\Chalearn\first-impressions\train\9ZMIYSBYIh8.003.mp4,train
C:\Users\athas\Downloads\Chalearn\first-impressions\train\9_6auSk_wkY.000.mp4,train
C:\Users\athas\Downloads\Chalearn\first-impressions\train\9_6auSk_wkY.004.mp4,train
C:\Users\athas\Downloads\Chalearn\first-impressions\train\9_6auSk_wkY.005.mp4,train
C:\Users\athas\Downloads\Chalearn\first-impressions\train\a-nUsP7oETI.000.mp4,train
C:\Users\athas\Downloads\Chalearn\first-impressions\train\a-nUsP7oETI.005.mp4,train
C:\Users\athas\Downloads\Chalearn\first-impressions\train\A0braVJH3Pw.000.mp4,train
C:\Users\athas\Downloads\Chalearn\first-impressions\train\A0braVJH3Pw.001.mp4,train
C:\Users\athas\Downloads\Chalearn\first-impressions\train\A0braVJH3Pw.002.mp4,train
C:\Users\athas\Downloads\Chalearn\first-impressions\train\A0braVJH3Pw.003.mp4,train
C:\Users\athas\Downloads\Chalearn\first-impressions\train\A0braVJH3Pw.004.mp4,train
C:\Users\athas\Downloads\Chalearn\first-impressions\train\A1lbD_OCuj4.000.mp4,train
C:\Users\athas\Downloads\Chalearn\first-impressions\train\A1lbD_OCuj4.003.mp4,train
C:\Users\athas\Downloads\Chalearn\first-impressions\train\A1lbD_OCuj4.005.mp4,train
C:\Users\athas\Downloads\Chalearn\first-impressions\train\a38rz5AIslE.001.mp4,train
C:\Users\athas\Downloads\Chalearn\first-impressions\train\a38rz5AIslE.003.mp4,train
C:\Users\athas\Downloads\Chalearn\first-impressions\train\A3StIKMjn4k.001.mp4,train
C:\Users\athas\Downloads\Chalearn\first-impressions\train\A3StIKMjn4k.002.mp4,train
C:\Users\athas\Downloads\Chalearn\first-impressions\train\A3StIKMjn4k.004.mp4,train
C:\Users\athas\Downloads\Chalearn\first-impressions\train\A3StIKMjn4k.005.mp4,train
C:\Users\athas\Downloads\Chalearn\first-impressions\train\a4bCX4P_5KI.000.mp4,train
C:\Users\athas\Downloads\Chalearn\first-impressions\train\A4zSLp-1gps.000.mp4,train
C:\Users\athas\Downloads\Chalearn\first-impressions\train\A4zSLp-1gps.002.mp4,train
C:\Users\athas\Downloads\Chalearn\first-impressions\train\A4zSLp-1gps.005.mp4,train
C:\Users\athas\Downloads\Chalearn\first-impressions\train\a5-PJqy9QmU.001.mp4,train
C:\Users\athas\Downloads\Chalearn\first-impressions\train\a5-PJqy9QmU.002.mp4,train
C:\Users\athas\Downloads\Chalearn\first-impressions\train\a5NTqK367wo.000.mp4,train
C:\Users\athas\Downloads\Chalearn\first-impressions\train\a5tVPpLsaGc.002.mp4,train
C:\Users\athas\Downloads\Chalearn\first-impressions\train\a5tVPpLsaGc.003.mp4,train
C:\Users\athas\Downloads\Chalearn\first-impressions\train\A6ZWTfKPLPE.001.mp4,train
C:\Users\athas\Downloads\Chalearn\first-impressions\train\A6ZWTfKPLPE.002.mp4,train
C:\Users\athas\Downloads\Chalearn\first-impressions\train\A6ZWTfKPLPE.003.mp4,train
C:\Users\athas\Downloads\Chalearn\first-impressions\train\A6ZWTfKPLPE.004.mp4,train
C:\Users\athas\Downloads\Chalearn\first-impressions\train\A6ZWTfKPLPE.005.mp4,train
C:\Users\athas\Downloads\Chalearn\first-impressions\train\A7exx3pEPkE.000.mp4,train
C:\Users\athas\Downloads\Chalearn\first-impressions\train\A7exx3pEPkE.003.mp4,train
C:\Users\athas\Downloads\Chalearn\first-impressions\train\A7exx3pEPkE.005.mp4,train
C:\Users\athas\Downloads\Chalearn\first-impressions\train\A7qb47cmxJo.000.mp4,train
C:\Users\athas\Downloads\Chalearn\first-impressions\train\A7qb47cmxJo.005.mp4,train
C:\Users\athas\Downloads\Chalearn\first-impressions\train\a84s1DYag-I.001.mp4,train
C:\Users\athas\Downloads\Chalearn\first-impressions\train\a84s1DYag-I.004.mp4,train
C:\Users\athas\Downloads\Chalearn\first-impressions\train\a97PXgrKSxo.000.mp4,train
C:\Users\athas\Downloads\Chalearn\first-impressions\train\a97PXgrKSxo.003.mp4,train
C:\Users\athas\Downloads\Chalearn\first-impressions\train\a97PXgrKSxo.005.mp4,train
C:\Users\athas\Downloads\Chalearn\first-impressions\train\aaDlp62qn60.002.mp4,train
C:\Users\athas\Downloads\Chalearn\first-impressions\train\ABWFQuPG1LA.000.mp4,train
C:\Users\athas\Downloads\Chalearn\first-impressions\train\ABWFQuPG1LA.002.mp4,train
C:\Users\athas\Downloads\Chalearn\first-impressions\train\ABWFQuPG1LA.003.mp4,train
C:\Users\athas\Downloads\Chalearn\first-impressions\train\ABWFQuPG1LA.004.mp4,train
C:\Users\athas\Downloads\Chalearn\first-impressions\train\ABWFQuPG1LA.005.mp4,train
C:\Users\athas\Downloads\Chalearn\first-impressions\train\ADa9rkwF2uA.000.mp4,train
C:\Users\athas\Downloads\Chalearn\first-impressions\train\ADa9rkwF2uA.001.mp4,train
C:\Users\athas\Downloads\Chalearn\first-impressions\train\ADa9rkwF2uA.002.mp4,train
C:\Users\athas\Downloads\Chalearn\first-impressions\train\ADa9rkwF2uA.003.mp4,train
C:\Users\athas\Downloads\Chalearn\first-impressions\train\AEqpMdMeMZA.002.mp4,train
C:\Users\athas\Downloads\Chalearn\first-impressions\train\AFQz-qy0FkY.001.mp4,train
C:\Users\athas\Downloads\Chalearn\first-impressions\train\AFtQfwBA_gI.000.mp4,train
C:\Users\athas\Downloads\Chalearn\first-impressions\train\aFVFvJNnFt0.000.mp4,train
C:\Users\athas\Downloads\Chalearn\first-impressions\train\aFVFvJNnFt0.001.mp4,train
C:\Users\athas\Downloads\Chalearn\first-impressions\train\aFVFvJNnFt0.003.mp4,train
C:\Users\athas\Downloads\Chalearn\first-impressions\train\aFVFvJNnFt0.004.mp4,train
C:\Users\athas\Downloads\Chalearn\first-impressions\train\aFVFvJNnFt0.005.mp4,train
C:\Users\athas\Downloads\Chalearn\first-impressions\train\AFvUxDwJB84.000.mp4,train
C:\Users\athas\Downloads\Chalearn\first-impressions\train\AFvUxDwJB84.001.mp4,train
C:\Users\athas\Downloads\Chalearn\first-impressions\train\AFvUxDwJB84.002.mp4,train
C:\Users\athas\Downloads\Chalearn\first-impressions\train\AFvUxDwJB84.003.mp4,train
C:\Users\athas\Downloads\Chalearn\first-impressions\train\Af_F0IzHK6o.000.mp4,train
C:\Users\athas\Downloads\Chalearn\first-impressions\train\Af_F0IzHK6o.004.mp4,train
C:\Users\athas\Downloads\Chalearn\first-impressions\train\Agg7z10B_iY.000.mp4,train
C:\Users\athas\Downloads\Chalearn\first-impressions\train\Agg7z10B_iY.001.mp4,train
C:\Users\athas\Downloads\Chalearn\first-impressions\train\Agg7z10B_iY.002.mp4,train
C:\Users\athas\Downloads\Chalearn\first-impressions\train\AGYoSGlq-ck.002.mp4,train
C:\Users\athas\Downloads\Chalearn\first-impressions\train\AheKnXrL0Wk.002.mp4,train
C:\Users\athas\Downloads\Chalearn\first-impressions\train\Ahiq4zhmYco.002.mp4,train
C:\Users\athas\Downloads\Chalearn\first-impressions\train\ahqyOhg6D7c.003.mp4,train
C:\Users\athas\Downloads\Chalearn\first-impressions\train\ai-RZb0ZpKI.002.mp4,train
C:\Users\athas\Downloads\Chalearn\first-impressions\train\ai-RZb0ZpKI.003.mp4,train
C:\Users\athas\Downloads\Chalearn\first-impressions\train\aIh8DTa3RVg.001.mp4,train
C:\Users\athas\Downloads\Chalearn\first-impressions\train\AjCI_w9Szks.005.mp4,train
C:\Users\athas\Downloads\Chalearn\first-impressions\train\AJIphVRpYrg.002.mp4,train
C:\Users\athas\Downloads\Chalearn\first-impressions\train\AJIphVRpYrg.003.mp4,train
C:\Users\athas\Downloads\Chalearn\first-impressions\train\AJIphVRpYrg.004.mp4,train
C:\Users\athas\Downloads\Chalearn\first-impressions\train\AJIphVRpYrg.005.mp4,train
C:\Users\athas\Downloads\Chalearn\first-impressions\train\aJjAtOC8AQU.005.mp4,train
C:\Users\athas\Downloads\Chalearn\first-impressions\train\aKLadP_Wev8.000.mp4,train
C:\Users\athas\Downloads\Chalearn\first-impressions\train\aKLadP_Wev8.001.mp4,train
C:\Users\athas\Downloads\Chalearn\first-impressions\train\aLAqJkRWKuk.000.mp4,train
C:\Users\athas\Downloads\Chalearn\first-impressions\train\aLAqJkRWKuk.002.mp4,train
C:\Users\athas\Downloads\Chalearn\first-impressions\train\AlEqtGWa43g.000.mp4,train
C:\Users\athas\Downloads\Chalearn\first-impressions\train\AlEqtGWa43g.005.mp4,train
C:\Users\athas\Downloads\Chalearn\first-impressions\train\Alox0G4xUfM.000.mp4,train
C:\Users\athas\Downloads\Chalearn\first-impressions\train\alucqviYJFE.001.mp4,train
C:\Users\athas\Downloads\Chalearn\first-impressions\train\alucqviYJFE.002.mp4,train
C:\Users\athas\Downloads\Chalearn\first-impressions\train\alucqviYJFE.003.mp4,train
C:\Users\athas\Downloads\Chalearn\first-impressions\train\alucqviYJFE.004.mp4,train
C:\Users\athas\Downloads\Chalearn\first-impressions\train\aLvpOYqzErk.000.mp4,train
C:\Users\athas\Downloads\Chalearn\first-impressions\train\aMmEPRJGocM.000.mp4,train
C:\Users\athas\Downloads\Chalearn\first-impressions\train\aMmEPRJGocM.004.mp4,train
C:\Users\athas\Downloads\Chalearn\first-impressions\train\aMPe0uSKqF4.001.mp4,train
C:\Users\athas\Downloads\Chalearn\first-impressions\train\aMPe0uSKqF4.002.mp4,train
C:\Users\athas\Downloads\Chalearn\first-impressions\train\aMPe0uSKqF4.003.mp4,train
C:\Users\athas\Downloads\Chalearn\first-impressions\train\aMPe0uSKqF4.004.mp4,train
C:\Users\athas\Downloads\Chalearn\first-impressions\train\aMPe0uSKqF4.005.mp4,train
C:\Users\athas\Downloads\Chalearn\first-impressions\train\ana5C73n9bY.000.mp4,train
C:\Users\athas\Downloads\Chalearn\first-impressions\train\ana5C73n9bY.001.mp4,train
C:\Users\athas\Downloads\Chalearn\first-impressions\train\ana5C73n9bY.002.mp4,train
C:\Users\athas\Downloads\Chalearn\first-impressions\train\ana5C73n9bY.003.mp4,train
C:\Users\athas\Downloads\Chalearn\first-impressions\train\ana5C73n9bY.004.mp4,train
C:\Users\athas\Downloads\Chalearn\first-impressions\train\ana5C73n9bY.005.mp4,train
C:\Users\athas\Downloads\Chalearn\first-impressions\train\AobPtpyKat8.001.mp4,train
C:\Users\athas\Downloads\Chalearn\first-impressions\train\aoRjg63uRww.003.mp4,train
C:\Users\athas\Downloads\Chalearn\first-impressions\train\aoRjg63uRww.004.mp4,train
C:\Users\athas\Downloads\Chalearn\first-impressions\train\AotbiNsU85A.000.mp4,train
C:\Users\athas\Downloads\Chalearn\first-impressions\train\AotbiNsU85A.001.mp4,train
C:\Users\athas\Downloads\Chalearn\first-impressions\train\AotbiNsU85A.002.mp4,train
C:\Users\athas\Downloads\Chalearn\first-impressions\train\AP0aklGHino.000.mp4,train
C:\Users\athas\Downloads\Chalearn\first-impressions\train\AP0aklGHino.003.mp4,train
C:\Users\athas\Downloads\Chalearn\first-impressions\train\AP0aklGHino.005.mp4,train
C:\Users\athas\Downloads\Chalearn\first-impressions\train\Ap2KC1yKDdA.002.mp4,train
C:\Users\athas\Downloads\Chalearn\first-impressions\train\ApPnsnIZozw.004.mp4,train
C:\Users\athas\Downloads\Chalearn\first-impressions\train\ApPnsnIZozw.005.mp4,train
C:\Users\athas\Downloads\Chalearn\first-impressions\train\APqMkruLkoE.004.mp4,train
C:\Users\athas\Downloads\Chalearn\first-impressions\train\aptKaxP81xA.000.mp4,train
C:\Users\athas\Downloads\Chalearn\first-impressions\train\aptKaxP81xA.002.mp4,train
C:\Users\athas\Downloads\Chalearn\first-impressions\train\aptKaxP81xA.004.mp4,train
C:\Users\athas\Downloads\Chalearn\first-impressions\train\aPTNxA43WHY.000.mp4,train
C:\Users\athas\Downloads\Chalearn\first-impressions\train\aPTNxA43WHY.002.mp4,train
C:\Users\athas\Downloads\Chalearn\first-impressions\train\aqA6oI5L1RQ.005.mp4,train
C:\Users\athas\Downloads\Chalearn\first-impressions\train\aqd4_4ga1fQ.000.mp4,train
C:\Users\athas\Downloads\Chalearn\first-impressions\train\aqd4_4ga1fQ.001.mp4,train
C:\Users\athas\Downloads\Chalearn\first-impressions\train\aqd4_4ga1fQ.003.mp4,train
C:\Users\athas\Downloads\Chalearn\first-impressions\train\aqd4_4ga1fQ.004.mp4,train
C:\Users\athas\Downloads\Chalearn\first-impressions\train\aqK-wcGILjw.000.mp4,train
C:\Users\athas\Downloads\Chalearn\first-impressions\train\aQVGVhcMBtE.004.mp4,train
C:\Users\athas\Downloads\Chalearn\first-impressions\train\AQz6_ZpzGIE.003.mp4,train
C:\Users\athas\Downloads\Chalearn\first-impressions\train\AR3UwbmgKuQ.001.mp4,train
C:\Users\athas\Downloads\Chalearn\first-impressions\train\AR3UwbmgKuQ.003.mp4,train
C:\Users\athas\Downloads\Chalearn\first-impressions\train\AR3UwbmgKuQ.004.mp4,train
C:\Users\athas\Downloads\Chalearn\first-impressions\train\AR3UwbmgKuQ.005.mp4,train
C:\Users\athas\Downloads\Chalearn\first-impressions\train\ArMkA9R1QxY.000.mp4,train
C:\Users\athas\Downloads\Chalearn\first-impressions\train\ArMkA9R1QxY.002.mp4,train
C:\Users\athas\Downloads\Chalearn\first-impressions\train\Arsrkqma4i4.000.mp4,train
C:\Users\athas\Downloads\Chalearn\first-impressions\train\Arsrkqma4i4.001.mp4,train
C:\Users\athas\Downloads\Chalearn\first-impressions\train\AS8snUf9eX0.000.mp4,train
C:\Users\athas\Downloads\Chalearn\first-impressions\train\AS8snUf9eX0.001.mp4,train
C:\Users\athas\Downloads\Chalearn\first-impressions\train\AS8snUf9eX0.002.mp4,train
C:\Users\athas\Downloads\Chalearn\first-impressions\train\AS8snUf9eX0.003.mp4,train
C:\Users\athas\Downloads\Chalearn\first-impressions\train\As93GgkTdt4.001.mp4,train
C:\Users\athas\Downloads\Chalearn\first-impressions\train\As93GgkTdt4.003.mp4,train
C:\Users\athas\Downloads\Chalearn\first-impressions\train\As93GgkTdt4.004.mp4,train
C:\Users\athas\Downloads\Chalearn\first-impressions\train\ASDpn9yOYAo.002.mp4,train
C:\Users\athas\Downloads\Chalearn\first-impressions\train\ask-ZFRztf8.001.mp4,train
C:\Users\athas\Downloads\Chalearn\first-impressions\train\ask-ZFRztf8.002.mp4,train
C:\Users\athas\Downloads\Chalearn\first-impressions\train\ask-ZFRztf8.005.mp4,train
C:\Users\athas\Downloads\Chalearn\first-impressions\train\atdhaGEh_0c.000.mp4,train
C:\Users\athas\Downloads\Chalearn\first-impressions\train\atH8mnvu-sE.005.mp4,train
C:\Users\athas\Downloads\Chalearn\first-impressions\train\AuaQ0rtedRk.001.mp4,train
C:\Users\athas\Downloads\Chalearn\first-impressions\train\auhe41Tf50M.003.mp4,train
C:\Users\athas\Downloads\Chalearn\first-impressions\train\AV7aKrAs-kM.005.mp4,train
C:\Users\athas\Downloads\Chalearn\first-impressions\train\AVLEr0sYFhs.000.mp4,train
C:\Users\athas\Downloads\Chalearn\first-impressions\train\AvuGsnkWjt8.001.mp4,train
C:\Users\athas\Downloads\Chalearn\first-impressions\train\AvuGsnkWjt8.002.mp4,train
C:\Users\athas\Downloads\Chalearn\first-impressions\train\AvuWv3LLmrA.003.mp4,train
C:\Users\athas\Downloads\Chalearn\first-impressions\train\AvuWv3LLmrA.005.mp4,train
C:\Users\athas\Downloads\Chalearn\first-impressions\train\AWe6ZZUmlZw.000.mp4,train
C:\Users\athas\Downloads\Chalearn\first-impressions\train\AWe6ZZUmlZw.004.mp4,train
C:\Users\athas\Downloads\Chalearn\first-impressions\train\AWe6ZZUmlZw.005.mp4,train
C:\Users\athas\Downloads\Chalearn\first-impressions\train\AwNVGShHjvw.000.mp4,train
C:\Users\athas\Downloads\Chalearn\first-impressions\train\AwNVGShHjvw.001.mp4,train
C:\Users\athas\Downloads\Chalearn\first-impressions\train\AwNVGShHjvw.002.mp4,train
C:\Users\athas\Downloads\Chalearn\first-impressions\train\AwNVGShHjvw.004.mp4,train
C:\Users\athas\Downloads\Chalearn\first-impressions\train\AWyKLALCUyM.000.mp4,train
C:\Users\athas\Downloads\Chalearn\first-impressions\train\AWZLchLstio.003.mp4,train
C:\Users\athas\Downloads\Chalearn\first-impressions\train\ax1Fck6zMzk.003.mp4,train
C:\Users\athas\Downloads\Chalearn\first-impressions\train\ax8wm9K41og.000.mp4,train
C:\Users\athas\Downloads\Chalearn\first-impressions\train\ay4cdKr1I0o.000.mp4,train
C:\Users\athas\Downloads\Chalearn\first-impressions\train\ay4cdKr1I0o.001.mp4,train
C:\Users\athas\Downloads\Chalearn\first-impressions\train\Ay7bZ7Sgx9Q.001.mp4,train
C:\Users\athas\Downloads\Chalearn\first-impressions\train\Ay7bZ7Sgx9Q.003.mp4,train
C:\Users\athas\Downloads\Chalearn\first-impressions\train\Ay7bZ7Sgx9Q.004.mp4,train
C:\Users\athas\Downloads\Chalearn\first-impressions\train\AZ2HyBOmliQ.005.mp4,train
C:\Users\athas\Downloads\Chalearn\first-impressions\train\AZj2VoCcayA.000.mp4,train
C:\Users\athas\Downloads\Chalearn\first-impressions\train\AZj2VoCcayA.001.mp4,train
C:\Users\athas\Downloads\Chalearn\first-impressions\train\AZj2VoCcayA.005.mp4,train
C:\Users\athas\Downloads\Chalearn\first-impressions\train\B-OJ_xZILLg.001.mp4,train
C:\Users\athas\Downloads\Chalearn\first-impressions\train\B-OJ_xZILLg.003.mp4,train
C:\Users\athas\Downloads\Chalearn\first-impressions\train\b-qfeGqPd04.000.mp4,train
C:\Users\athas\Downloads\Chalearn\first-impressions\train\b-qfeGqPd04.001.mp4,train
C:\Users\athas\Downloads\Chalearn\first-impressions\train\b-qfeGqPd04.005.mp4,train
C:\Users\athas\Downloads\Chalearn\first-impressions\train\B1efbNxLPe8.005.mp4,train
C:\Users\athas\Downloads\Chalearn\first-impressions\train\b26ZykbKSzY.005.mp4,train
C:\Users\athas\Downloads\Chalearn\first-impressions\train\B2q0gbLVeck.000.mp4,train
C:\Users\athas\Downloads\Chalearn\first-impressions\train\b2Y41GrCrPs.000.mp4,train
C:\Users\athas\Downloads\Chalearn\first-impressions\train\b2Y41GrCrPs.001.mp4,train
C:\Users\athas\Downloads\Chalearn\first-impressions\train\b2Y41GrCrPs.003.mp4,train
C:\Users\athas\Downloads\Chalearn\first-impressions\train\b39BQbVhOAg.001.mp4,train
C:\Users\athas\Downloads\Chalearn\first-impressions\train\b39BQbVhOAg.002.mp4,train
C:\Users\athas\Downloads\Chalearn\first-impressions\train\b39BQbVhOAg.003.mp4,train
C:\Users\athas\Downloads\Chalearn\first-impressions\train\b39BQbVhOAg.004.mp4,train
C:\Users\athas\Downloads\Chalearn\first-impressions\train\b39BQbVhOAg.005.mp4,train
C:\Users\athas\Downloads\Chalearn\first-impressions\train\B3VQeeev0r0.001.mp4,train
C:\Users\athas\Downloads\Chalearn\first-impressions\train\B3VQeeev0r0.002.mp4,train
C:\Users\athas\Downloads\Chalearn\first-impressions\train\B3zFJhrmqwg.001.mp4,train
C:\Users\athas\Downloads\Chalearn\first-impressions\train\B3zFJhrmqwg.002.mp4,train
C:\Users\athas\Downloads\Chalearn\first-impressions\train\B4ducm9sydg.000.mp4,train
C:\Users\athas\Downloads\Chalearn\first-impressions\train\B4ducm9sydg.001.mp4,train
C:\Users\athas\Downloads\Chalearn\first-impressions\train\B4ducm9sydg.002.mp4,train
C:\Users\athas\Downloads\Chalearn\first-impressions\train\B4ducm9sydg.003.mp4,train
C:\Users\athas\Downloads\Chalearn\first-impressions\train\B4ducm9sydg.005.mp4,train
C:\Users\athas\Downloads\Chalearn\first-impressions\train\b69IYs1G1zc.000.mp4,train
C:\Users\athas\Downloads\Chalearn\first-impressions\train\b69IYs1G1zc.002.mp4,train
C:\Users\athas\Downloads\Chalearn\first-impressions\train\b69IYs1G1zc.003.mp4,train
C:\Users\athas\Downloads\Chalearn\first-impressions\train\b6eoqD1J_qU.002.mp4,train
C:\Users\athas\Downloads\Chalearn\first-impressions\train\b6eoqD1J_qU.003.mp4,train
C:\Users\athas\Downloads\Chalearn\first-impressions\train\b6eoqD1J_qU.004.mp4,train
C:\Users\athas\Downloads\Chalearn\first-impressions\train\b6eoqD1J_qU.005.mp4,train
C:\Users\athas\Downloads\Chalearn\first-impressions\train\B77ZCcCMrkM.004.mp4,train
C:\Users\athas\Downloads\Chalearn\first-impressions\train\B77ZCcCMrkM.005.mp4,train
C:\Users\athas\Downloads\Chalearn\first-impressions\train\b8GPFr11adA.001.mp4,train
C:\Users\athas\Downloads\Chalearn\first-impressions\train\b8GPFr11adA.002.mp4,train
C:\Users\athas\Downloads\Chalearn\first-impressions\train\b8GPFr11adA.004.mp4,train
C:\Users\athas\Downloads\Chalearn\first-impressions\train\b8GPFr11adA.005.mp4,train
C:\Users\athas\Downloads\Chalearn\first-impressions\train\B8kzwm6ZaUo.000.mp4,train
C:\Users\athas\Downloads\Chalearn\first-impressions\train\B8kzwm6ZaUo.001.mp4,train
C:\Users\athas\Downloads\Chalearn\first-impressions\train\B8kzwm6ZaUo.002.mp4,train
C:\Users\athas\Downloads\Chalearn\first-impressions\train\B9NSU6gQdRw.005.mp4,train
C:\Users\athas\Downloads\Chalearn\first-impressions\train\BA5qWO9eU2Y.000.mp4,train
C:\Users\athas\Downloads\Chalearn\first-impressions\train\bAxlTgobVHE.000.mp4,train
C:\Users\athas\Downloads\Chalearn\first-impressions\train\bAxlTgobVHE.001.mp4,train
C:\Users\athas\Downloads\Chalearn\first-impressions\train\bAxlTgobVHE.002.mp4,train
C:\Users\athas\Downloads\Chalearn\first-impressions\train\bBqZyG-9ksM.005.mp4,train
C:\Users\athas\Downloads\Chalearn\first-impressions\train\BBSB9OJdb0Q.001.mp4,train
C:\Users\athas\Downloads\Chalearn\first-impressions\train\BBSB9OJdb0Q.002.mp4,train
C:\Users\athas\Downloads\Chalearn\first-impressions\train\BCPoSirpmEw.005.mp4,train
C:\Users\athas\Downloads\Chalearn\first-impressions\train\bcRPLKygrNk.000.mp4,train
C:\Users\athas\Downloads\Chalearn\first-impressions\train\bcRPLKygrNk.001.mp4,train
C:\Users\athas\Downloads\Chalearn\first-impressions\train\bcRPLKygrNk.003.mp4,train
C:\Users\athas\Downloads\Chalearn\first-impressions\train\bcx6xr9Ja-8.001.mp4,train
C:\Users\athas\Downloads\Chalearn\first-impressions\train\bcx6xr9Ja-8.004.mp4,train
C:\Users\athas\Downloads\Chalearn\first-impressions\train\bcx6xr9Ja-8.005.mp4,train
C:\Users\athas\Downloads\Chalearn\first-impressions\train\bDjqDn6susQ.000.mp4,train
C:\Users\athas\Downloads\Chalearn\first-impressions\train\be0DQawtVkE.000.mp4,train
C:\Users\athas\Downloads\Chalearn\first-impressions\train\be0DQawtVkE.001.mp4,train
C:\Users\athas\Downloads\Chalearn\first-impressions\train\be0DQawtVkE.003.mp4,train
C:\Users\athas\Downloads\Chalearn\first-impressions\train\be0DQawtVkE.004.mp4,train
C:\Users\athas\Downloads\Chalearn\first-impressions\train\bej-DbxTkWA.000.mp4,train
C:\Users\athas\Downloads\Chalearn\first-impressions\train\bej-DbxTkWA.003.mp4,train
C:\Users\athas\Downloads\Chalearn\first-impressions\train\bEXDNfLBy1I.002.mp4,train
C:\Users\athas\Downloads\Chalearn\first-impressions\train\bEXDNfLBy1I.003.mp4,train
C:\Users\athas\Downloads\Chalearn\first-impressions\train\bEXDNfLBy1I.004.mp4,train
C:\Users\athas\Downloads\Chalearn\first-impressions\train\BeyIfaH64xY.000.mp4,train
C:\Users\athas\Downloads\Chalearn\first-impressions\train\BeyIfaH64xY.001.mp4,train
C:\Users\athas\Downloads\Chalearn\first-impressions\train\BeyIfaH64xY.003.mp4,train
C:\Users\athas\Downloads\Chalearn\first-impressions\train\BeyIfaH64xY.004.mp4,train
C:\Users\athas\Downloads\Chalearn\first-impressions\train\bFwtVtZodIg.002.mp4,train
C:\Users\athas\Downloads\Chalearn\first-impressions\train\bFwtVtZodIg.004.mp4,train
C:\Users\athas\Downloads\Chalearn\first-impressions\train\BgfYyUAoNPs.000.mp4,train
C:\Users\athas\Downloads\Chalearn\first-impressions\train\bGLwxQ1lonQ.005.mp4,train
C:\Users\athas\Downloads\Chalearn\first-impressions\train\Bi3XVSF4rac.000.mp4,train
C:\Users\athas\Downloads\Chalearn\first-impressions\train\Bije9nsMl7M.000.mp4,train
C:\Users\athas\Downloads\Chalearn\first-impressions\train\Bije9nsMl7M.003.mp4,train
C:\Users\athas\Downloads\Chalearn\first-impressions\train\Bije9nsMl7M.004.mp4,train
C:\Users\athas\Downloads\Chalearn\first-impressions\train\Bije9nsMl7M.005.mp4,train
C:\Users\athas\Downloads\Chalearn\first-impressions\train\bJktioZ5Yxk.002.mp4,train
C:\Users\athas\Downloads\Chalearn\first-impressions\train\bJktioZ5Yxk.003.mp4,train
C:\Users\athas\Downloads\Chalearn\first-impressions\train\bJktioZ5Yxk.004.mp4,train
C:\Users\athas\Downloads\Chalearn\first-impressions\train\BJpWi1qGp1A.000.mp4,train
C:\Users\athas\Downloads\Chalearn\first-impressions\train\BJpWi1qGp1A.004.mp4,train
C:\Users\athas\Downloads\Chalearn\first-impressions\train\BjQ95T-Dw1U.000.mp4,train
C:\Users\athas\Downloads\Chalearn\first-impressions\train\BjQ95T-Dw1U.002.mp4,train
C:\Users\athas\Downloads\Chalearn\first-impressions\train\BjQ95T-Dw1U.003.mp4,train
C:\Users\athas\Downloads\Chalearn\first-impressions\train\BjQ95T-Dw1U.004.mp4,train
C:\Users\athas\Downloads\Chalearn\first-impressions\train\BjQ95T-Dw1U.005.mp4,train
C:\Users\athas\Downloads\Chalearn\first-impressions\train\BjzSIV3dutk.000.mp4,train
C:\Users\athas\Downloads\Chalearn\first-impressions\train\Bk9Hxn7Drxw.003.mp4,train
C:\Users\athas\Downloads\Chalearn\first-impressions\train\Bk9Hxn7Drxw.004.mp4,train
C:\Users\athas\Downloads\Chalearn\first-impressions\train\BkDdtxDPjJA.001.mp4,train
C:\Users\athas\Downloads\Chalearn\first-impressions\train\bkzgccBFztM.000.mp4,train
C:\Users\athas\Downloads\Chalearn\first-impressions\train\bkzgccBFztM.001.mp4,train
C:\Users\athas\Downloads\Chalearn\first-impressions\train\bkzgccBFztM.003.mp4,train
C:\Users\athas\Downloads\Chalearn\first-impressions\train\blAjqQ0ja8Q.003.mp4,train
C:\Users\athas\Downloads\Chalearn\first-impressions\train\blAjqQ0ja8Q.005.mp4,train
C:\Users\athas\Downloads\Chalearn\first-impressions\train\BLc_GvsbI1U.000.mp4,train
C:\Users\athas\Downloads\Chalearn\first-impressions\train\BLc_GvsbI1U.003.mp4,train
C:\Users\athas\Downloads\Chalearn\first-impressions\train\BLeDNfK2quI.000.mp4,train
C:\Users\athas\Downloads\Chalearn\first-impressions\train\BLeDNfK2quI.001.mp4,train
C:\Users\athas\Downloads\Chalearn\first-impressions\train\BLeDNfK2quI.002.mp4,train
C:\Users\athas\Downloads\Chalearn\first-impressions\train\BLeDNfK2quI.003.mp4,train
C:\Users\athas\Downloads\Chalearn\first-impressions\train\BLeDNfK2quI.004.mp4,train
C:\Users\athas\Downloads\Chalearn\first-impressions\train\BLeDNfK2quI.005.mp4,train
C:\Users\athas\Downloads\Chalearn\first-impressions\train\BLKXsX7-WIg.000.mp4,train
C:\Users\athas\Downloads\Chalearn\first-impressions\train\BLKXsX7-WIg.001.mp4,train
C:\Users\athas\Downloads\Chalearn\first-impressions\train\BLKXsX7-WIg.003.mp4,train
C:\Users\athas\Downloads\Chalearn\first-impressions\train\bLOSPQ8MAC8.001.mp4,train
C:\Users\athas\Downloads\Chalearn\first-impressions\train\bLOSPQ8MAC8.004.mp4,train
C:\Users\athas\Downloads\Chalearn\first-impressions\train\bLrrDM1Opu0.001.mp4,train
C:\Users\athas\Downloads\Chalearn\first-impressions\train\bLrrDM1Opu0.003.mp4,train
C:\Users\athas\Downloads\Chalearn\first-impressions\train\BlvmREgt2C0.002.mp4,train
C:\Users\athas\Downloads\Chalearn\first-impressions\train\BlvmREgt2C0.005.mp4,train
C:\Users\athas\Downloads\Chalearn\first-impressions\train\BLwgxAWf7cg.003.mp4,train
C:\Users\athas\Downloads\Chalearn\first-impressions\train\BLwgxAWf7cg.004.mp4,train
C:\Users\athas\Downloads\Chalearn\first-impressions\train\BmDClgdWlH4.000.mp4,train
C:\Users\athas\Downloads\Chalearn\first-impressions\train\BmDClgdWlH4.002.mp4,train
C:\Users\athas\Downloads\Chalearn\first-impressions\train\BmDClgdWlH4.004.mp4,train
C:\Users\athas\Downloads\Chalearn\first-impressions\train\bmj4khBLUOs.001.mp4,train
C:\Users\athas\Downloads\Chalearn\first-impressions\train\bMY2DaFFwzU.000.mp4,train
C:\Users\athas\Downloads\Chalearn\first-impressions\train\bMY2DaFFwzU.001.mp4,train
C:\Users\athas\Downloads\Chalearn\first-impressions\train\bMY2DaFFwzU.003.mp4,train
C:\Users\athas\Downloads\Chalearn\first-impressions\train\bMY2DaFFwzU.004.mp4,train
C:\Users\athas\Downloads\Chalearn\first-impressions\train\bMY2DaFFwzU.005.mp4,train
C:\Users\athas\Downloads\Chalearn\first-impressions\train\bN2IM-rqZlc.002.mp4,train
C:\Users\athas\Downloads\Chalearn\first-impressions\train\bnM9Ow52x3o.001.mp4,train
C:\Users\athas\Downloads\Chalearn\first-impressions\train\bnM9Ow52x3o.005.mp4,train
C:\Users\athas\Downloads\Chalearn\first-impressions\train\bnoPmV0_aIc.000.mp4,train
C:\Users\athas\Downloads\Chalearn\first-impressions\train\bnoPmV0_aIc.002.mp4,train
C:\Users\athas\Downloads\Chalearn\first-impressions\train\bnoPmV0_aIc.004.mp4,train
C:\Users\athas\Downloads\Chalearn\first-impressions\train\Bo-mrL28d8M.002.mp4,train
C:\Users\athas\Downloads\Chalearn\first-impressions\train\Bo-mrL28d8M.003.mp4,train
C:\Users\athas\Downloads\Chalearn\first-impressions\train\Bo-mrL28d8M.004.mp4,train
C:\Users\athas\Downloads\Chalearn\first-impressions\train\BONQpwyg9KQ.000.mp4,train
C:\Users\athas\Downloads\Chalearn\first-impressions\train\BOOMkDl8JwA.005.mp4,train
C:\Users\athas\Downloads\Chalearn\first-impressions\train\BpcQ9THDtp4.000.mp4,train
C:\Users\athas\Downloads\Chalearn\first-impressions\train\BPUFqFLZgZU.005.mp4,train
C:\Users\athas\Downloads\Chalearn\first-impressions\train\BQ9i8qkXiVQ.000.mp4,train
C:\Users\athas\Downloads\Chalearn\first-impressions\train\bRoIrXBO9DU.000.mp4,train
C:\Users\athas\Downloads\Chalearn\first-impressions\train\bRoIrXBO9DU.005.mp4,train
C:\Users\athas\Downloads\Chalearn\first-impressions\train\BS0wgLXqFgc.001.mp4,train
C:\Users\athas\Downloads\Chalearn\first-impressions\train\BS0wgLXqFgc.003.mp4,train
C:\Users\athas\Downloads\Chalearn\first-impressions\train\BS0wgLXqFgc.005.mp4,train
C:\Users\athas\Downloads\Chalearn\first-impressions\train\bSeTNdOtK7I.000.mp4,train
C:\Users\athas\Downloads\Chalearn\first-impressions\train\bSeTNdOtK7I.004.mp4,train
C:\Users\athas\Downloads\Chalearn\first-impressions\train\BSkTPW_Qsio.001.mp4,train
C:\Users\athas\Downloads\Chalearn\first-impressions\train\BStHNKV820Q.001.mp4,train
C:\Users\athas\Downloads\Chalearn\first-impressions\train\BStHNKV820Q.003.mp4,train
C:\Users\athas\Downloads\Chalearn\first-impressions\train\bt-ev53zZWE.001.mp4,train
C:\Users\athas\Downloads\Chalearn\first-impressions\train\bt-ev53zZWE.004.mp4,train
C:\Users\athas\Downloads\Chalearn\first-impressions\train\Bt5zyk-Xf9Q.000.mp4,train
C:\Users\athas\Downloads\Chalearn\first-impressions\train\btcCanysQsw.000.mp4,train
C:\Users\athas\Downloads\Chalearn\first-impressions\train\btcCanysQsw.001.mp4,train
C:\Users\athas\Downloads\Chalearn\first-impressions\train\btcCanysQsw.003.mp4,train
C:\Users\athas\Downloads\Chalearn\first-impressions\train\btcCanysQsw.004.mp4,train
C:\Users\athas\Downloads\Chalearn\first-impressions\train\btcCanysQsw.005.mp4,train
C:\Users\athas\Downloads\Chalearn\first-impressions\train\bTLTLzXehPE.003.mp4,train
C:\Users\athas\Downloads\Chalearn\first-impressions\train\BuKzIqR4eBU.001.mp4,train
C:\Users\athas\Downloads\Chalearn\first-impressions\train\bviHajVIie0.005.mp4,train
C:\Users\athas\Downloads\Chalearn\first-impressions\train\BWAEpai6FK0.002.mp4,train
C:\Users\athas\Downloads\Chalearn\first-impressions\train\BWAEpai6FK0.003.mp4,train
C:\Users\athas\Downloads\Chalearn\first-impressions\train\BxdFQhBNZys.000.mp4,train
C:\Users\athas\Downloads\Chalearn\first-impressions\train\BxdFQhBNZys.004.mp4,train
C:\Users\athas\Downloads\Chalearn\first-impressions\train\bYXRyimxh7A.000.mp4,train
C:\Users\athas\Downloads\Chalearn\first-impressions\train\bYXRyimxh7A.002.mp4,train
C:\Users\athas\Downloads\Chalearn\first-impressions\train\bYXRyimxh7A.003.mp4,train
C:\Users\athas\Downloads\Chalearn\first-impressions\train\bYXRyimxh7A.004.mp4,train
C:\Users\athas\Downloads\Chalearn\first-impressions\train\BZ3FEf_KKso.000.mp4,train
C:\Users\athas\Downloads\Chalearn\first-impressions\train\BZ3FEf_KKso.001.mp4,train
C:\Users\athas\Downloads\Chalearn\first-impressions\train\Bz3Jx4QL_6Q.001.mp4,train
C:\Users\athas\Downloads\Chalearn\first-impressions\train\Bz3Jx4QL_6Q.003.mp4,train
C:\Users\athas\Downloads\Chalearn\first-impressions\train\Bz3Jx4QL_6Q.004.mp4,train
C:\Users\athas\Downloads\Chalearn\first-impressions\train\bZAKBS9q0ZI.002.mp4,train
C:\Users\athas\Downloads\Chalearn\first-impressions\train\bZAKBS9q0ZI.004.mp4,train
C:\Users\athas\Downloads\Chalearn\first-impressions\train\bzaOB8BoWPU.000.mp4,train
C:\Users\athas\Downloads\Chalearn\first-impressions\train\bzaOB8BoWPU.002.mp4,train
C:\Users\athas\Downloads\Chalearn\first-impressions\train\bzaOB8BoWPU.003.mp4,train
C:\Users\athas\Downloads\Chalearn\first-impressions\train\bzaOB8BoWPU.005.mp4,train
C:\Users\athas\Downloads\Chalearn\first-impressions\train\bzFTA6kGyA8.002.mp4,train
C:\Users\athas\Downloads\Chalearn\first-impressions\train\bzIxJ-gtvUw.005.mp4,train
C:\Users\athas\Downloads\Chalearn\first-impressions\train\bZoN9xp9vgs.001.mp4,train
C:\Users\athas\Downloads\Chalearn\first-impressions\train\C-48U5oDuvw.003.mp4,train
C:\Users\athas\Downloads\Chalearn\first-impressions\train\C-48U5oDuvw.004.mp4,train
C:\Users\athas\Downloads\Chalearn\first-impressions\train\c-c6xhtIq84.004.mp4,train
C:\Users\athas\Downloads\Chalearn\first-impressions\train\C0uc-2KrnnQ.001.mp4,train
C:\Users\athas\Downloads\Chalearn\first-impressions\train\C0uc-2KrnnQ.002.mp4,train
C:\Users\athas\Downloads\Chalearn\first-impressions\train\C0UMWrEJ2x0.004.mp4,train
C:\Users\athas\Downloads\Chalearn\first-impressions\train\C0UMWrEJ2x0.005.mp4,train
C:\Users\athas\Downloads\Chalearn\first-impressions\train\C23rns4ZCy8.004.mp4,train
C:\Users\athas\Downloads\Chalearn\first-impressions\train\c2LeNguVNrI.002.mp4,train
C:\Users\athas\Downloads\Chalearn\first-impressions\train\c2LeNguVNrI.003.mp4,train
C:\Users\athas\Downloads\Chalearn\first-impressions\train\C2MEPH7x9m0.001.mp4,train
C:\Users\athas\Downloads\Chalearn\first-impressions\train\c3esnCQDoKc.003.mp4,train
C:\Users\athas\Downloads\Chalearn\first-impressions\train\c3esnCQDoKc.004.mp4,train
C:\Users\athas\Downloads\Chalearn\first-impressions\train\C3knX70mzxQ.004.mp4,train
C:\Users\athas\Downloads\Chalearn\first-impressions\train\C3knX70mzxQ.005.mp4,train
C:\Users\athas\Downloads\Chalearn\first-impressions\train\c3SQSM9OIsA.001.mp4,train
C:\Users\athas\Downloads\Chalearn\first-impressions\train\c3SQSM9OIsA.005.mp4,train
C:\Users\athas\Downloads\Chalearn\first-impressions\train\c4XnKouozXU.000.mp4,train
C:\Users\athas\Downloads\Chalearn\first-impressions\train\c4XnKouozXU.001.mp4,train
C:\Users\athas\Downloads\Chalearn\first-impressions\train\c4XnKouozXU.003.mp4,train
C:\Users\athas\Downloads\Chalearn\first-impressions\train\c4XnKouozXU.004.mp4,train
C:\Users\athas\Downloads\Chalearn\first-impressions\train\c4YxfATgYkw.002.mp4,train
C:\Users\athas\Downloads\Chalearn\first-impressions\train\C5qRszPK9HY.001.mp4,train
C:\Users\athas\Downloads\Chalearn\first-impressions\train\C5qRszPK9HY.003.mp4,train
C:\Users\athas\Downloads\Chalearn\first-impressions\train\c5ZnKbaNCE8.000.mp4,train
C:\Users\athas\Downloads\Chalearn\first-impressions\train\c5ZnKbaNCE8.003.mp4,train
C:\Users\athas\Downloads\Chalearn\first-impressions\train\c5ZnKbaNCE8.005.mp4,train
C:\Users\athas\Downloads\Chalearn\first-impressions\train\c672aEuUa-g.002.mp4,train
C:\Users\athas\Downloads\Chalearn\first-impressions\train\c672aEuUa-g.004.mp4,train
C:\Users\athas\Downloads\Chalearn\first-impressions\train\c7tczvW3_dQ.000.mp4,train
C:\Users\athas\Downloads\Chalearn\first-impressions\train\c7tczvW3_dQ.002.mp4,train
C:\Users\athas\Downloads\Chalearn\first-impressions\train\c7tczvW3_dQ.005.mp4,train
C:\Users\athas\Downloads\Chalearn\first-impressions\train\C8xZ0vhrrFE.000.mp4,train
C:\Users\athas\Downloads\Chalearn\first-impressions\train\C8xZ0vhrrFE.002.mp4,train
C:\Users\athas\Downloads\Chalearn\first-impressions\train\C8xZ0vhrrFE.003.mp4,train
C:\Users\athas\Downloads\Chalearn\first-impressions\train\C8xZ0vhrrFE.005.mp4,train
C:\Users\athas\Downloads\Chalearn\first-impressions\train\cA43Gfcg0QA.000.mp4,train
C:\Users\athas\Downloads\Chalearn\first-impressions\train\cA43Gfcg0QA.001.mp4,train
C:\Users\athas\Downloads\Chalearn\first-impressions\train\cA43Gfcg0QA.003.mp4,train
C:\Users\athas\Downloads\Chalearn\first-impressions\train\cA43Gfcg0QA.004.mp4,train
C:\Users\athas\Downloads\Chalearn\first-impressions\train\CbNAOLHByZQ.004.mp4,train
C:\Users\athas\Downloads\Chalearn\first-impressions\train\cBR5cDwwdno.001.mp4,train
C:\Users\athas\Downloads\Chalearn\first-impressions\train\cBR5cDwwdno.003.mp4,train
C:\Users\athas\Downloads\Chalearn\first-impressions\train\cBR5cDwwdno.004.mp4,train
C:\Users\athas\Downloads\Chalearn\first-impressions\train\cBR5cDwwdno.005.mp4,train
C:\Users\athas\Downloads\Chalearn\first-impressions\train\CCe1J5grs8U.005.mp4,train
C:\Users\athas\Downloads\Chalearn\first-impressions\train\CcVuoHZqp6k.004.mp4,train
C:\Users\athas\Downloads\Chalearn\first-impressions\train\Cdh_OCMZ4U8.000.mp4,train
C:\Users\athas\Downloads\Chalearn\first-impressions\train\CDTo7WVyf5s.001.mp4,train
C:\Users\athas\Downloads\Chalearn\first-impressions\train\cdtZKwM5NIM.004.mp4,train
C:\Users\athas\Downloads\Chalearn\first-impressions\train\CdUYBux3Vn8.000.mp4,train
C:\Users\athas\Downloads\Chalearn\first-impressions\train\CdUYBux3Vn8.002.mp4,train
C:\Users\athas\Downloads\Chalearn\first-impressions\train\CdUYBux3Vn8.005.mp4,train
C:\Users\athas\Downloads\Chalearn\first-impressions\train\CdY1ZLrWTtg.000.mp4,train
C:\Users\athas\Downloads\Chalearn\first-impressions\train\CdY1ZLrWTtg.002.mp4,train
C:\Users\athas\Downloads\Chalearn\first-impressions\train\ce7t2PgzMGw.000.mp4,train
C:\Users\athas\Downloads\Chalearn\first-impressions\train\CESTtNvDpww.003.mp4,train
C:\Users\athas\Downloads\Chalearn\first-impressions\train\cFGjJg-2zOk.000.mp4,train
C:\Users\athas\Downloads\Chalearn\first-impressions\train\cFGjJg-2zOk.001.mp4,train
C:\Users\athas\Downloads\Chalearn\first-impressions\train\cFGjJg-2zOk.002.mp4,train
C:\Users\athas\Downloads\Chalearn\first-impressions\train\cFGjJg-2zOk.003.mp4,train
C:\Users\athas\Downloads\Chalearn\first-impressions\train\cFGjJg-2zOk.005.mp4,train
C:\Users\athas\Downloads\Chalearn\first-impressions\train\CFk4v2Kd5Ns.002.mp4,train
C:\Users\athas\Downloads\Chalearn\first-impressions\train\CFk4v2Kd5Ns.005.mp4,train
C:\Users\athas\Downloads\Chalearn\first-impressions\train\CFK8ib0aWe8.000.mp4,train
C:\Users\athas\Downloads\Chalearn\first-impressions\train\CFK8ib0aWe8.001.mp4,train
C:\Users\athas\Downloads\Chalearn\first-impressions\train\CFK8ib0aWe8.003.mp4,train
C:\Users\athas\Downloads\Chalearn\first-impressions\train\CfNbSToI21k.004.mp4,train
C:\Users\athas\Downloads\Chalearn\first-impressions\train\CfNbSToI21k.005.mp4,train
C:\Users\athas\Downloads\Chalearn\first-impressions\train\CGfr9jl8w4Y.001.mp4,train
C:\Users\athas\Downloads\Chalearn\first-impressions\train\CGfr9jl8w4Y.004.mp4,train
C:\Users\athas\Downloads\Chalearn\first-impressions\train\CGfr9jl8w4Y.005.mp4,train
C:\Users\athas\Downloads\Chalearn\first-impressions\train\cgGCyBMdGrA.001.mp4,train
C:\Users\athas\Downloads\Chalearn\first-impressions\train\cgGCyBMdGrA.003.mp4,train
C:\Users\athas\Downloads\Chalearn\first-impressions\train\cgp1OzTOq1o.000.mp4,train
C:\Users\athas\Downloads\Chalearn\first-impressions\train\cgp1OzTOq1o.002.mp4,train
C:\Users\athas\Downloads\Chalearn\first-impressions\train\cgp1OzTOq1o.004.mp4,train
C:\Users\athas\Downloads\Chalearn\first-impressions\train\cgp1OzTOq1o.005.mp4,train
C:\Users\athas\Downloads\Chalearn\first-impressions\train\cgT-3CHBmKs.000.mp4,train
C:\Users\athas\Downloads\Chalearn\first-impressions\train\cgT-3CHBmKs.003.mp4,train
C:\Users\athas\Downloads\Chalearn\first-impressions\train\cgT-3CHBmKs.004.mp4,train
C:\Users\athas\Downloads\Chalearn\first-impressions\train\cgT-3CHBmKs.005.mp4,train
C:\Users\athas\Downloads\Chalearn\first-impressions\train\ch2BcBv4SdQ.002.mp4,train
C:\Users\athas\Downloads\Chalearn\first-impressions\train\CHkKv9TXm0g.000.mp4,train
C:\Users\athas\Downloads\Chalearn\first-impressions\train\ciWUq6iQTIE.000.mp4,train
C:\Users\athas\Downloads\Chalearn\first-impressions\train\ciWUq6iQTIE.002.mp4,train
C:\Users\athas\Downloads\Chalearn\first-impressions\train\cjbh1lfr43c.005.mp4,train
C:\Users\athas\Downloads\Chalearn\first-impressions\train\CJhP12Gi8sg.002.mp4,train
C:\Users\athas\Downloads\Chalearn\first-impressions\train\CJjNcuBLjMM.001.mp4,train
C:\Users\athas\Downloads\Chalearn\first-impressions\train\CJT7z9PaU68.004.mp4,train
C:\Users\athas\Downloads\Chalearn\first-impressions\train\Cl5jhuLQ9Dg.001.mp4,train
C:\Users\athas\Downloads\Chalearn\first-impressions\train\Cl5jhuLQ9Dg.002.mp4,train
C:\Users\athas\Downloads\Chalearn\first-impressions\train\Cl5jhuLQ9Dg.003.mp4,train
C:\Users\athas\Downloads\Chalearn\first-impressions\train\Cl5jhuLQ9Dg.004.mp4,train
C:\Users\athas\Downloads\Chalearn\first-impressions\train\Cl5jhuLQ9Dg.005.mp4,train
C:\Users\athas\Downloads\Chalearn\first-impressions\train\Cl7vQ9QR0es.000.mp4,train
C:\Users\athas\Downloads\Chalearn\first-impressions\train\Cl7vQ9QR0es.001.mp4,train
C:\Users\athas\Downloads\Chalearn\first-impressions\train\Cl7vQ9QR0es.002.mp4,train
C:\Users\athas\Downloads\Chalearn\first-impressions\train\Cl7vQ9QR0es.003.mp4,train
C:\Users\athas\Downloads\Chalearn\first-impressions\train\Cl7vQ9QR0es.004.mp4,train
C:\Users\athas\Downloads\Chalearn\first-impressions\train\Cl7vQ9QR0es.005.mp4,train
C:\Users\athas\Downloads\Chalearn\first-impressions\train\cLaZxEf1nE4.001.mp4,train
C:\Users\athas\Downloads\Chalearn\first-impressions\train\cLaZxEf1nE4.002.mp4,train
C:\Users\athas\Downloads\Chalearn\first-impressions\train\cLaZxEf1nE4.003.mp4,train
C:\Users\athas\Downloads\Chalearn\first-impressions\train\CLGJCzz6tIU.001.mp4,train
C:\Users\athas\Downloads\Chalearn\first-impressions\train\clMg72MI8rw.004.mp4,train
C:\Users\athas\Downloads\Chalearn\first-impressions\train\Cng72emlXAM.004.mp4,train
C:\Users\athas\Downloads\Chalearn\first-impressions\train\Cng72emlXAM.005.mp4,train
C:\Users\athas\Downloads\Chalearn\first-impressions\train\cnsvc0alWOA.000.mp4,train
C:\Users\athas\Downloads\Chalearn\first-impressions\train\cnsvc0alWOA.004.mp4,train
C:\Users\athas\Downloads\Chalearn\first-impressions\train\cNXnowQb7rs.002.mp4,train
C:\Users\athas\Downloads\Chalearn\first-impressions\train\cNXnowQb7rs.003.mp4,train
C:\Users\athas\Downloads\Chalearn\first-impressions\train\cNXnowQb7rs.004.mp4,train
C:\Users\athas\Downloads\Chalearn\first-impressions\train\cNXnowQb7rs.005.mp4,train
C:\Users\athas\Downloads\Chalearn\first-impressions\train\CO7vZjYF6Zk.000.mp4,train
C:\Users\athas\Downloads\Chalearn\first-impressions\train\CO7vZjYF6Zk.001.mp4,train
C:\Users\athas\Downloads\Chalearn\first-impressions\train\CO7vZjYF6Zk.002.mp4,train
C:\Users\athas\Downloads\Chalearn\first-impressions\train\cOirMOCpdo8.000.mp4,train
C:\Users\athas\Downloads\Chalearn\first-impressions\train\cOirMOCpdo8.001.mp4,train
C:\Users\athas\Downloads\Chalearn\first-impressions\train\cOirMOCpdo8.003.mp4,train
C:\Users\athas\Downloads\Chalearn\first-impressions\train\cOirMOCpdo8.005.mp4,train
C:\Users\athas\Downloads\Chalearn\first-impressions\train\cOo5N1qblyw.003.mp4,train
C:\Users\athas\Downloads\Chalearn\first-impressions\train\cOossY5pTrU.001.mp4,train
C:\Users\athas\Downloads\Chalearn\first-impressions\train\cOossY5pTrU.002.mp4,train
C:\Users\athas\Downloads\Chalearn\first-impressions\train\cOossY5pTrU.003.mp4,train
C:\Users\athas\Downloads\Chalearn\first-impressions\train\CpmR-91GxmY.000.mp4,train
C:\Users\athas\Downloads\Chalearn\first-impressions\train\CpmR-91GxmY.002.mp4,train
C:\Users\athas\Downloads\Chalearn\first-impressions\train\CpmR-91GxmY.004.mp4,train
C:\Users\athas\Downloads\Chalearn\first-impressions\train\CpmR-91GxmY.005.mp4,train
C:\Users\athas\Downloads\Chalearn\first-impressions\train\CPtaCNonKlE.000.mp4,train
C:\Users\athas\Downloads\Chalearn\first-impressions\train\CPtaCNonKlE.002.mp4,train
C:\Users\athas\Downloads\Chalearn\first-impressions\train\CPtaCNonKlE.003.mp4,train
C:\Users\athas\Downloads\Chalearn\first-impressions\train\CPtaCNonKlE.004.mp4,train
C:\Users\athas\Downloads\Chalearn\first-impressions\train\cpzY1b6wJqs.002.mp4,train
C:\Users\athas\Downloads\Chalearn\first-impressions\train\cP_dSXql7z8.000.mp4,train
C:\Users\athas\Downloads\Chalearn\first-impressions\train\cP_dSXql7z8.001.mp4,train
C:\Users\athas\Downloads\Chalearn\first-impressions\train\cP_dSXql7z8.002.mp4,train
C:\Users\athas\Downloads\Chalearn\first-impressions\train\cP_dSXql7z8.003.mp4,train
C:\Users\athas\Downloads\Chalearn\first-impressions\train\cP_dSXql7z8.004.mp4,train
C:\Users\athas\Downloads\Chalearn\first-impressions\train\cP_dSXql7z8.005.mp4,train
C:\Users\athas\Downloads\Chalearn\first-impressions\train\CQMH9Qguuao.000.mp4,train
C:\Users\athas\Downloads\Chalearn\first-impressions\train\CQMH9Qguuao.003.mp4,train
C:\Users\athas\Downloads\Chalearn\first-impressions\train\CQMH9Qguuao.004.mp4,train
C:\Users\athas\Downloads\Chalearn\first-impressions\train\CQMH9Qguuao.005.mp4,train
C:\Users\athas\Downloads\Chalearn\first-impressions\train\CqQavmWSLrI.000.mp4,train
C:\Users\athas\Downloads\Chalearn\first-impressions\train\CqQavmWSLrI.001.mp4,train
C:\Users\athas\Downloads\Chalearn\first-impressions\train\CqQavmWSLrI.002.mp4,train
C:\Users\athas\Downloads\Chalearn\first-impressions\train\CqQavmWSLrI.003.mp4,train
C:\Users\athas\Downloads\Chalearn\first-impressions\train\CqQavmWSLrI.004.mp4,train
C:\Users\athas\Downloads\Chalearn\first-impressions\train\CqQavmWSLrI.005.mp4,train
C:\Users\athas\Downloads\Chalearn\first-impressions\train\cQRFb-xa4Vc.002.mp4,train
C:\Users\athas\Downloads\Chalearn\first-impressions\train\cQRFb-xa4Vc.005.mp4,train
C:\Users\athas\Downloads\Chalearn\first-impressions\train\cRDYrvxRJ6U.001.mp4,train
C:\Users\athas\Downloads\Chalearn\first-impressions\train\cRg95950rAg.001.mp4,train
C:\Users\athas\Downloads\Chalearn\first-impressions\train\CRLsCyMfskE.000.mp4,train
C:\Users\athas\Downloads\Chalearn\first-impressions\train\CRLsCyMfskE.001.mp4,train
C:\Users\athas\Downloads\Chalearn\first-impressions\train\CRLsCyMfskE.002.mp4,train
C:\Users\athas\Downloads\Chalearn\first-impressions\train\CRLsCyMfskE.003.mp4,train
C:\Users\athas\Downloads\Chalearn\first-impressions\train\CRLsCyMfskE.004.mp4,train
C:\Users\athas\Downloads\Chalearn\first-impressions\train\cSyVbIYfwxA.004.mp4,train
C:\Users\athas\Downloads\Chalearn\first-impressions\train\cT3oyHhUznw.003.mp4,train
C:\Users\athas\Downloads\Chalearn\first-impressions\train\cT3oyHhUznw.004.mp4,train
C:\Users\athas\Downloads\Chalearn\first-impressions\train\cTbfp7nkX8c.000.mp4,train
C:\Users\athas\Downloads\Chalearn\first-impressions\train\cTbfp7nkX8c.002.mp4,train
C:\Users\athas\Downloads\Chalearn\first-impressions\train\cTbfp7nkX8c.005.mp4,train
C:\Users\athas\Downloads\Chalearn\first-impressions\train\CTWMisL_HlI.000.mp4,train
C:\Users\athas\Downloads\Chalearn\first-impressions\train\CTWMisL_HlI.003.mp4,train
C:\Users\athas\Downloads\Chalearn\first-impressions\train\CTWMisL_HlI.004.mp4,train
C:\Users\athas\Downloads\Chalearn\first-impressions\train\CTWMisL_HlI.005.mp4,train
C:\Users\athas\Downloads\Chalearn\first-impressions\train\CuGuiOZ48Ig.000.mp4,train
C:\Users\athas\Downloads\Chalearn\first-impressions\train\CuGuiOZ48Ig.001.mp4,train
C:\Users\athas\Downloads\Chalearn\first-impressions\train\CuGuiOZ48Ig.002.mp4,train
C:\Users\athas\Downloads\Chalearn\first-impressions\train\CuGuiOZ48Ig.004.mp4,train
C:\Users\athas\Downloads\Chalearn\first-impressions\train\CuGuiOZ48Ig.005.mp4,train
C:\Users\athas\Downloads\Chalearn\first-impressions\train\CUiG7UZ9A3k.002.mp4,train
C:\Users\athas\Downloads\Chalearn\first-impressions\train\CUiG7UZ9A3k.005.mp4,train
C:\Users\athas\Downloads\Chalearn\first-impressions\train\cuyIFvYNLFE.000.mp4,train
C:\Users\athas\Downloads\Chalearn\first-impressions\train\CV930dFsubs.000.mp4,train
C:\Users\athas\Downloads\Chalearn\first-impressions\train\CV930dFsubs.002.mp4,train
C:\Users\athas\Downloads\Chalearn\first-impressions\train\CV930dFsubs.003.mp4,train
C:\Users\athas\Downloads\Chalearn\first-impressions\train\cvg03XGFjCk.001.mp4,train
C:\Users\athas\Downloads\Chalearn\first-impressions\train\cvg03XGFjCk.002.mp4,train
C:\Users\athas\Downloads\Chalearn\first-impressions\train\cvg03XGFjCk.004.mp4,train
C:\Users\athas\Downloads\Chalearn\first-impressions\train\cvg03XGFjCk.005.mp4,train
C:\Users\athas\Downloads\Chalearn\first-impressions\train\cvHqtadNJDo.000.mp4,train
C:\Users\athas\Downloads\Chalearn\first-impressions\train\cvHqtadNJDo.004.mp4,train
C:\Users\athas\Downloads\Chalearn\first-impressions\train\Cvuu76B-bxA.000.mp4,train
C:\Users\athas\Downloads\Chalearn\first-impressions\train\Cvuu76B-bxA.001.mp4,train
C:\Users\athas\Downloads\Chalearn\first-impressions\train\Cvuu76B-bxA.002.mp4,train
C:\Users\athas\Downloads\Chalearn\first-impressions\train\Cvuu76B-bxA.003.mp4,train
C:\Users\athas\Downloads\Chalearn\first-impressions\train\Cvuu76B-bxA.005.mp4,train
C:\Users\athas\Downloads\Chalearn\first-impressions\train\CwFH8J7smjE.005.mp4,train
C:\Users\athas\Downloads\Chalearn\first-impressions\train\CwmjP27fivQ.005.mp4,train
C:\Users\athas\Downloads\Chalearn\first-impressions\train\CwYNQlRTvPc.000.mp4,train
C:\Users\athas\Downloads\Chalearn\first-impressions\train\cWZudzeJVXg.000.mp4,train
C:\Users\athas\Downloads\Chalearn\first-impressions\train\cWZudzeJVXg.002.mp4,train
C:\Users\athas\Downloads\Chalearn\first-impressions\train\cWZudzeJVXg.003.mp4,train
C:\Users\athas\Downloads\Chalearn\first-impressions\train\cWZudzeJVXg.004.mp4,train
C:\Users\athas\Downloads\Chalearn\first-impressions\train\cx8IycWgMVs.003.mp4,train
C:\Users\athas\Downloads\Chalearn\first-impressions\train\cx8IycWgMVs.005.mp4,train
C:\Users\athas\Downloads\Chalearn\first-impressions\train\cxJ0u6r0-pU.000.mp4,train
C:\Users\athas\Downloads\Chalearn\first-impressions\train\cxJ0u6r0-pU.001.mp4,train
C:\Users\athas\Downloads\Chalearn\first-impressions\train\cxJ0u6r0-pU.002.mp4,train
C:\Users\athas\Downloads\Chalearn\first-impressions\train\cxJ0u6r0-pU.003.mp4,train
C:\Users\athas\Downloads\Chalearn\first-impressions\train\cxJ0u6r0-pU.005.mp4,train
C:\Users\athas\Downloads\Chalearn\first-impressions\train\cY3nHc5fDYE.000.mp4,train
C:\Users\athas\Downloads\Chalearn\first-impressions\train\cY3nHc5fDYE.003.mp4,train
C:\Users\athas\Downloads\Chalearn\first-impressions\train\cyma9Q6QF6M.001.mp4,train
C:\Users\athas\Downloads\Chalearn\first-impressions\train\CyzKot0CNyU.000.mp4,train
C:\Users\athas\Downloads\Chalearn\first-impressions\train\cZ6xhB5yhfY.001.mp4,train
C:\Users\athas\Downloads\Chalearn\first-impressions\train\czImT1Wn1og.001.mp4,train
C:\Users\athas\Downloads\Chalearn\first-impressions\train\czImT1Wn1og.002.mp4,train
C:\Users\athas\Downloads\Chalearn\first-impressions\train\C_NtwmmF2Ys.000.mp4,train
C:\Users\athas\Downloads\Chalearn\first-impressions\train\C_NtwmmF2Ys.002.mp4,train
C:\Users\athas\Downloads\Chalearn\first-impressions\train\C_NtwmmF2Ys.003.mp4,train
C:\Users\athas\Downloads\Chalearn\first-impressions\train\C_NtwmmF2Ys.004.mp4,train
C:\Users\athas\Downloads\Chalearn\first-impressions\train\c_pyBvsSlCY.004.mp4,train
C:\Users\athas\Downloads\Chalearn\first-impressions\train\d-cZdeTp0jo.000.mp4,train
C:\Users\athas\Downloads\Chalearn\first-impressions\train\d-cZdeTp0jo.001.mp4,train
C:\Users\athas\Downloads\Chalearn\first-impressions\train\D0dE-lErszk.002.mp4,train
C:\Users\athas\Downloads\Chalearn\first-impressions\train\d1eh3dHNi1Y.001.mp4,train
C:\Users\athas\Downloads\Chalearn\first-impressions\train\D3AomvNhR1k.003.mp4,train
C:\Users\athas\Downloads\Chalearn\first-impressions\train\d4cPiUXpGbc.000.mp4,train
C:\Users\athas\Downloads\Chalearn\first-impressions\train\d4cPiUXpGbc.002.mp4,train
C:\Users\athas\Downloads\Chalearn\first-impressions\train\d4cPiUXpGbc.005.mp4,train
C:\Users\athas\Downloads\Chalearn\first-impressions\train\D4hPHPp1W-Q.000.mp4,train
C:\Users\athas\Downloads\Chalearn\first-impressions\train\D4hPHPp1W-Q.004.mp4,train
C:\Users\athas\Downloads\Chalearn\first-impressions\train\D4hPHPp1W-Q.005.mp4,train
C:\Users\athas\Downloads\Chalearn\first-impressions\train\d4iSwRMV0bA.002.mp4,train
C:\Users\athas\Downloads\Chalearn\first-impressions\train\D4TU65xbF4g.000.mp4,train
C:\Users\athas\Downloads\Chalearn\first-impressions\train\D4TU65xbF4g.001.mp4,train
C:\Users\athas\Downloads\Chalearn\first-impressions\train\D4TU65xbF4g.002.mp4,train
C:\Users\athas\Downloads\Chalearn\first-impressions\train\D4TU65xbF4g.005.mp4,train
C:\Users\athas\Downloads\Chalearn\first-impressions\train\d5ujzxBlvwY.001.mp4,train
C:\Users\athas\Downloads\Chalearn\first-impressions\train\d69zeSpdyCI.000.mp4,train
C:\Users\athas\Downloads\Chalearn\first-impressions\train\d8skGb2ycio.000.mp4,train
C:\Users\athas\Downloads\Chalearn\first-impressions\train\d8skGb2ycio.003.mp4,train
C:\Users\athas\Downloads\Chalearn\first-impressions\train\d9_YDJdF-7I.000.mp4,train
C:\Users\athas\Downloads\Chalearn\first-impressions\train\d9_YDJdF-7I.002.mp4,train
C:\Users\athas\Downloads\Chalearn\first-impressions\train\d9_YDJdF-7I.003.mp4,train
C:\Users\athas\Downloads\Chalearn\first-impressions\train\datcFOBWYxc.001.mp4,train
C:\Users\athas\Downloads\Chalearn\first-impressions\train\datcFOBWYxc.003.mp4,train
C:\Users\athas\Downloads\Chalearn\first-impressions\train\datcFOBWYxc.005.mp4,train
C:\Users\athas\Downloads\Chalearn\first-impressions\train\dB-kMg4t-V8.001.mp4,train
C:\Users\athas\Downloads\Chalearn\first-impressions\train\dB-kMg4t-V8.002.mp4,train
C:\Users\athas\Downloads\Chalearn\first-impressions\train\dB2XYhvqUBU.000.mp4,train
C:\Users\athas\Downloads\Chalearn\first-impressions\train\dB2XYhvqUBU.001.mp4,train
C:\Users\athas\Downloads\Chalearn\first-impressions\train\dB2XYhvqUBU.003.mp4,train
C:\Users\athas\Downloads\Chalearn\first-impressions\train\dB2XYhvqUBU.004.mp4,train
C:\Users\athas\Downloads\Chalearn\first-impressions\train\dB65He57Ki8.001.mp4,train
C:\Users\athas\Downloads\Chalearn\first-impressions\train\dB65He57Ki8.002.mp4,train
C:\Users\athas\Downloads\Chalearn\first-impressions\train\dB65He57Ki8.005.mp4,train
C:\Users\athas\Downloads\Chalearn\first-impressions\train\DbNFwVi_61Q.000.mp4,train
C:\Users\athas\Downloads\Chalearn\first-impressions\train\DChmTb-c9uM.001.mp4,train
C:\Users\athas\Downloads\Chalearn\first-impressions\train\DChmTb-c9uM.004.mp4,train
C:\Users\athas\Downloads\Chalearn\first-impressions\train\DChmTb-c9uM.005.mp4,train
C:\Users\athas\Downloads\Chalearn\first-impressions\train\DCROfrHI1MU.000.mp4,train
C:\Users\athas\Downloads\Chalearn\first-impressions\train\DCROfrHI1MU.001.mp4,train
C:\Users\athas\Downloads\Chalearn\first-impressions\train\DctPau1p7JM.001.mp4,train
C:\Users\athas\Downloads\Chalearn\first-impressions\train\DctPau1p7JM.002.mp4,train
C:\Users\athas\Downloads\Chalearn\first-impressions\train\dd0z9mErfSo.002.mp4,train
C:\Users\athas\Downloads\Chalearn\first-impressions\train\dd0z9mErfSo.003.mp4,train
C:\Users\athas\Downloads\Chalearn\first-impressions\train\dd0z9mErfSo.005.mp4,train
C:\Users\athas\Downloads\Chalearn\first-impressions\train\dDi6vy-OZRg.002.mp4,train
C:\Users\athas\Downloads\Chalearn\first-impressions\train\dDi6vy-OZRg.003.mp4,train
C:\Users\athas\Downloads\Chalearn\first-impressions\train\dDi6vy-OZRg.005.mp4,train
C:\Users\athas\Downloads\Chalearn\first-impressions\train\De4i7-FX9Og.001.mp4,train
C:\Users\athas\Downloads\Chalearn\first-impressions\train\De4i7-FX9Og.004.mp4,train
C:\Users\athas\Downloads\Chalearn\first-impressions\train\DefePa0_6Sg.001.mp4,train
C:\Users\athas\Downloads\Chalearn\first-impressions\train\DefePa0_6Sg.002.mp4,train
C:\Users\athas\Downloads\Chalearn\first-impressions\train\DefePa0_6Sg.005.mp4,train
C:\Users\athas\Downloads\Chalearn\first-impressions\train\DegRGUG4Wi0.001.mp4,train
C:\Users\athas\Downloads\Chalearn\first-impressions\train\DegRGUG4Wi0.002.mp4,train
C:\Users\athas\Downloads\Chalearn\first-impressions\train\DegRGUG4Wi0.003.mp4,train
C:\Users\athas\Downloads\Chalearn\first-impressions\train\DfpKVl9Zpdg.003.mp4,train
C:\Users\athas\Downloads\Chalearn\first-impressions\train\DfpKVl9Zpdg.004.mp4,train
C:\Users\athas\Downloads\Chalearn\first-impressions\train\DGCGeNlA-Ww.005.mp4,train
C:\Users\athas\Downloads\Chalearn\first-impressions\train\Dgo98-sCd1w.002.mp4,train
C:\Users\athas\Downloads\Chalearn\first-impressions\train\dgoc29MVjfE.000.mp4,train
C:\Users\athas\Downloads\Chalearn\first-impressions\train\dh6iOU2RtTA.001.mp4,train
C:\Users\athas\Downloads\Chalearn\first-impressions\train\dh6iOU2RtTA.003.mp4,train
C:\Users\athas\Downloads\Chalearn\first-impressions\train\Dhbva5oGE7g.000.mp4,train
C:\Users\athas\Downloads\Chalearn\first-impressions\train\Dhbva5oGE7g.003.mp4,train
C:\Users\athas\Downloads\Chalearn\first-impressions\train\DhqfB9chceo.001.mp4,train
C:\Users\athas\Downloads\Chalearn\first-impressions\train\DhqfB9chceo.003.mp4,train
C:\Users\athas\Downloads\Chalearn\first-impressions\train\dIa0U29hVvU.001.mp4,train
C:\Users\athas\Downloads\Chalearn\first-impressions\train\dIa0U29hVvU.003.mp4,train
C:\Users\athas\Downloads\Chalearn\first-impressions\train\dIa0U29hVvU.005.mp4,train
C:\Users\athas\Downloads\Chalearn\first-impressions\train\DiaibIBisuM.001.mp4,train
C:\Users\athas\Downloads\Chalearn\first-impressions\train\DiaibIBisuM.002.mp4,train
C:\Users\athas\Downloads\Chalearn\first-impressions\train\DiaibIBisuM.003.mp4,train
C:\Users\athas\Downloads\Chalearn\first-impressions\train\DiaibIBisuM.004.mp4,train
C:\Users\athas\Downloads\Chalearn\first-impressions\train\DiaibIBisuM.005.mp4,train
C:\Users\athas\Downloads\Chalearn\first-impressions\train\dJlEHhyij5k.000.mp4,train
C:\Users\athas\Downloads\Chalearn\first-impressions\train\dJlEHhyij5k.001.mp4,train
C:\Users\athas\Downloads\Chalearn\first-impressions\train\djsoQkroHpo.000.mp4,train
C:\Users\athas\Downloads\Chalearn\first-impressions\train\djsoQkroHpo.001.mp4,train
C:\Users\athas\Downloads\Chalearn\first-impressions\train\djsoQkroHpo.003.mp4,train
C:\Users\athas\Downloads\Chalearn\first-impressions\train\djsoQkroHpo.005.mp4,train
C:\Users\athas\Downloads\Chalearn\first-impressions\train\dkhnv1EBvKI.000.mp4,train
C:\Users\athas\Downloads\Chalearn\first-impressions\train\dkhnv1EBvKI.001.mp4,train
C:\Users\athas\Downloads\Chalearn\first-impressions\train\dkhnv1EBvKI.002.mp4,train
C:\Users\athas\Downloads\Chalearn\first-impressions\train\dkhnv1EBvKI.003.mp4,train
C:\Users\athas\Downloads\Chalearn\first-impressions\train\dkhnv1EBvKI.004.mp4,train
C:\Users\athas\Downloads\Chalearn\first-impressions\train\dkhnv1EBvKI.005.mp4,train
C:\Users\athas\Downloads\Chalearn\first-impressions\train\dLaqub4BEsA.001.mp4,train
C:\Users\athas\Downloads\Chalearn\first-impressions\train\dLaqub4BEsA.002.mp4,train
C:\Users\athas\Downloads\Chalearn\first-impressions\train\dLaqub4BEsA.003.mp4,train
C:\Users\athas\Downloads\Chalearn\first-impressions\train\dLaqub4BEsA.004.mp4,train
C:\Users\athas\Downloads\Chalearn\first-impressions\train\DLds0WJpIQg.001.mp4,train
C:\Users\athas\Downloads\Chalearn\first-impressions\train\dLltwqkvsNg.001.mp4,train
C:\Users\athas\Downloads\Chalearn\first-impressions\train\dLltwqkvsNg.002.mp4,train
C:\Users\athas\Downloads\Chalearn\first-impressions\train\dLltwqkvsNg.003.mp4,train
C:\Users\athas\Downloads\Chalearn\first-impressions\train\dLltwqkvsNg.005.mp4,train
C:\Users\athas\Downloads\Chalearn\first-impressions\train\DLuwObrDhtc.000.mp4,train
C:\Users\athas\Downloads\Chalearn\first-impressions\train\DLuwObrDhtc.001.mp4,train
C:\Users\athas\Downloads\Chalearn\first-impressions\train\DLuwObrDhtc.002.mp4,train
C:\Users\athas\Downloads\Chalearn\first-impressions\train\dmOKZLeFKCM.002.mp4,train
C:\Users\athas\Downloads\Chalearn\first-impressions\train\dmOKZLeFKCM.004.mp4,train
C:\Users\athas\Downloads\Chalearn\first-impressions\train\dmycfNpiWCE.001.mp4,train
C:\Users\athas\Downloads\Chalearn\first-impressions\train\dmycfNpiWCE.002.mp4,train
C:\Users\athas\Downloads\Chalearn\first-impressions\train\dmycfNpiWCE.004.mp4,train
C:\Users\athas\Downloads\Chalearn\first-impressions\train\dmycfNpiWCE.005.mp4,train
C:\Users\athas\Downloads\Chalearn\first-impressions\train\DnTtbAR_Qyw.000.mp4,train
C:\Users\athas\Downloads\Chalearn\first-impressions\train\DnTtbAR_Qyw.002.mp4,train
C:\Users\athas\Downloads\Chalearn\first-impressions\train\DnTtbAR_Qyw.004.mp4,train
C:\Users\athas\Downloads\Chalearn\first-impressions\train\DnTtbAR_Qyw.005.mp4,train
C:\Users\athas\Downloads\Chalearn\first-impressions\train\dNXqs5HNijI.001.mp4,train
C:\Users\athas\Downloads\Chalearn\first-impressions\train\dNXqs5HNijI.002.mp4,train
C:\Users\athas\Downloads\Chalearn\first-impressions\train\dNXqs5HNijI.003.mp4,train
C:\Users\athas\Downloads\Chalearn\first-impressions\train\dNXqs5HNijI.004.mp4,train
C:\Users\athas\Downloads\Chalearn\first-impressions\train\do8FmnQbI5I.000.mp4,train
C:\Users\athas\Downloads\Chalearn\first-impressions\train\do8FmnQbI5I.001.mp4,train
C:\Users\athas\Downloads\Chalearn\first-impressions\train\do8FmnQbI5I.003.mp4,train
C:\Users\athas\Downloads\Chalearn\first-impressions\train\do8FmnQbI5I.004.mp4,train
C:\Users\athas\Downloads\Chalearn\first-impressions\train\dOFnHXRLEdM.001.mp4,train
C:\Users\athas\Downloads\Chalearn\first-impressions\train\dOFnHXRLEdM.005.mp4,train
C:\Users\athas\Downloads\Chalearn\first-impressions\train\DogbMnh5k0o.002.mp4,train
C:\Users\athas\Downloads\Chalearn\first-impressions\train\Dq7Uep06KOQ.001.mp4,train
C:\Users\athas\Downloads\Chalearn\first-impressions\train\Dq7Uep06KOQ.005.mp4,train
C:\Users\athas\Downloads\Chalearn\first-impressions\train\DqA3j7juNs4.000.mp4,train
C:\Users\athas\Downloads\Chalearn\first-impressions\train\dQOeQYWIgm8.000.mp4,train
C:\Users\athas\Downloads\Chalearn\first-impressions\train\dQOeQYWIgm8.001.mp4,train
C:\Users\athas\Downloads\Chalearn\first-impressions\train\dQOeQYWIgm8.004.mp4,train
C:\Users\athas\Downloads\Chalearn\first-impressions\train\DQORBD8hINs.005.mp4,train
C:\Users\athas\Downloads\Chalearn\first-impressions\train\dqVPzqpGX-w.000.mp4,train
C:\Users\athas\Downloads\Chalearn\first-impressions\train\dRP8ZaAryro.000.mp4,train
C:\Users\athas\Downloads\Chalearn\first-impressions\train\dRP8ZaAryro.001.mp4,train
C:\Users\athas\Downloads\Chalearn\first-impressions\train\dRP8ZaAryro.003.mp4,train
C:\Users\athas\Downloads\Chalearn\first-impressions\train\dRP8ZaAryro.004.mp4,train
C:\Users\athas\Downloads\Chalearn\first-impressions\train\dRP8ZaAryro.005.mp4,train
C:\Users\athas\Downloads\Chalearn\first-impressions\train\dRr2JtdzUpU.004.mp4,train
C:\Users\athas\Downloads\Chalearn\first-impressions\train\dRr2JtdzUpU.005.mp4,train
C:\Users\athas\Downloads\Chalearn\first-impressions\train\dRYEzqUa_Rc.000.mp4,train
C:\Users\athas\Downloads\Chalearn\first-impressions\train\dS2XOB8kmr4.001.mp4,train
C:\Users\athas\Downloads\Chalearn\first-impressions\train\dT5R3T-Q1kg.002.mp4,train
C:\Users\athas\Downloads\Chalearn\first-impressions\train\DTZeyoKUPx4.000.mp4,train
C:\Users\athas\Downloads\Chalearn\first-impressions\train\DTZeyoKUPx4.001.mp4,train
C:\Users\athas\Downloads\Chalearn\first-impressions\train\DTZeyoKUPx4.002.mp4,train
C:\Users\athas\Downloads\Chalearn\first-impressions\train\DTZeyoKUPx4.003.mp4,train
C:\Users\athas\Downloads\Chalearn\first-impressions\train\DTZeyoKUPx4.004.mp4,train
C:\Users\athas\Downloads\Chalearn\first-impressions\train\DTZeyoKUPx4.005.mp4,train
C:\Users\athas\Downloads\Chalearn\first-impressions\train\duEi37qVB7k.000.mp4,train
C:\Users\athas\Downloads\Chalearn\first-impressions\train\dVbo9Ftlyl0.004.mp4,train
C:\Users\athas\Downloads\Chalearn\first-impressions\train\dVbo9Ftlyl0.005.mp4,train
C:\Users\athas\Downloads\Chalearn\first-impressions\train\dvCKoyBG1pE.001.mp4,train
C:\Users\athas\Downloads\Chalearn\first-impressions\train\dvCKoyBG1pE.002.mp4,train
C:\Users\athas\Downloads\Chalearn\first-impressions\train\dvCKoyBG1pE.004.mp4,train
C:\Users\athas\Downloads\Chalearn\first-impressions\train\DVh_7dO2cWY.000.mp4,train
C:\Users\athas\Downloads\Chalearn\first-impressions\train\DVh_7dO2cWY.003.mp4,train
C:\Users\athas\Downloads\Chalearn\first-impressions\train\DVh_7dO2cWY.004.mp4,train
C:\Users\athas\Downloads\Chalearn\first-impressions\train\DVh_7dO2cWY.005.mp4,train
C:\Users\athas\Downloads\Chalearn\first-impressions\train\dvMeqVbpKW8.001.mp4,train
C:\Users\athas\Downloads\Chalearn\first-impressions\train\dvMeqVbpKW8.002.mp4,train
C:\Users\athas\Downloads\Chalearn\first-impressions\train\dvMeqVbpKW8.004.mp4,train
C:\Users\athas\Downloads\Chalearn\first-impressions\train\dvMeqVbpKW8.005.mp4,train
C:\Users\athas\Downloads\Chalearn\first-impressions\train\DvmzcQI5cnM.000.mp4,train
C:\Users\athas\Downloads\Chalearn\first-impressions\train\DvmzcQI5cnM.001.mp4,train
C:\Users\athas\Downloads\Chalearn\first-impressions\train\DvmzcQI5cnM.003.mp4,train
C:\Users\athas\Downloads\Chalearn\first-impressions\train\DvmzcQI5cnM.004.mp4,train
C:\Users\athas\Downloads\Chalearn\first-impressions\train\DvmzcQI5cnM.005.mp4,train
C:\Users\athas\Downloads\Chalearn\first-impressions\train\dvU5jYExl0o.003.mp4,train
C:\Users\athas\Downloads\Chalearn\first-impressions\train\dVwDf5N2NRA.001.mp4,train
C:\Users\athas\Downloads\Chalearn\first-impressions\train\dVwDf5N2NRA.002.mp4,train
C:\Users\athas\Downloads\Chalearn\first-impressions\train\dVwDf5N2NRA.003.mp4,train
C:\Users\athas\Downloads\Chalearn\first-impressions\train\dVwDf5N2NRA.004.mp4,train
C:\Users\athas\Downloads\Chalearn\first-impressions\train\dVwDf5N2NRA.005.mp4,train
C:\Users\athas\Downloads\Chalearn\first-impressions\train\DvWzedL3QCk.004.mp4,train
C:\Users\athas\Downloads\Chalearn\first-impressions\train\DWVJXufR7gE.000.mp4,train
C:\Users\athas\Downloads\Chalearn\first-impressions\train\DWVJXufR7gE.001.mp4,train
C:\Users\athas\Downloads\Chalearn\first-impressions\train\DxATjKPysfs.000.mp4,train
C:\Users\athas\Downloads\Chalearn\first-impressions\train\DxATjKPysfs.003.mp4,train
C:\Users\athas\Downloads\Chalearn\first-impressions\train\DXw4lVoiiWY.000.mp4,train
C:\Users\athas\Downloads\Chalearn\first-impressions\train\DXw4lVoiiWY.001.mp4,train
C:\Users\athas\Downloads\Chalearn\first-impressions\train\DXw4lVoiiWY.002.mp4,train
C:\Users\athas\Downloads\Chalearn\first-impressions\train\DXw4lVoiiWY.003.mp4,train
C:\Users\athas\Downloads\Chalearn\first-impressions\train\DXw4lVoiiWY.004.mp4,train
C:\Users\athas\Downloads\Chalearn\first-impressions\train\DXw4lVoiiWY.005.mp4,train
C:\Users\athas\Downloads\Chalearn\first-impressions\train\DXYRJ8PReoE.000.mp4,train
C:\Users\athas\Downloads\Chalearn\first-impressions\train\DXYRJ8PReoE.002.mp4,train
C:\Users\athas\Downloads\Chalearn\first-impressions\train\dY7jG5gS3JE.000.mp4,train
C:\Users\athas\Downloads\Chalearn\first-impressions\train\dy9EqbKLDP0.001.mp4,train
C:\Users\athas\Downloads\Chalearn\first-impressions\train\dy9EqbKLDP0.002.mp4,train
C:\Users\athas\Downloads\Chalearn\first-impressions\train\dy9EqbKLDP0.003.mp4,train
C:\Users\athas\Downloads\Chalearn\first-impressions\train\DyZlhseSuec.002.mp4,train
C:\Users\athas\Downloads\Chalearn\first-impressions\train\DyZlhseSuec.003.mp4,train
C:\Users\athas\Downloads\Chalearn\first-impressions\train\DyZlhseSuec.004.mp4,train
C:\Users\athas\Downloads\Chalearn\first-impressions\train\DZfcVxy2ceI.000.mp4,train
C:\Users\athas\Downloads\Chalearn\first-impressions\train\DzqJmiQjsZ4.000.mp4,train
C:\Users\athas\Downloads\Chalearn\first-impressions\train\DzqJmiQjsZ4.002.mp4,train
C:\Users\athas\Downloads\Chalearn\first-impressions\train\DzqJmiQjsZ4.004.mp4,train
C:\Users\athas\Downloads\Chalearn\first-impressions\train\DzqJmiQjsZ4.005.mp4,train
C:\Users\athas\Downloads\Chalearn\first-impressions\train\D_FGBb-1B1o.001.mp4,train
C:\Users\athas\Downloads\Chalearn\first-impressions\train\D_FGBb-1B1o.002.mp4,train
C:\Users\athas\Downloads\Chalearn\first-impressions\train\D_FGBb-1B1o.003.mp4,train
C:\Users\athas\Downloads\Chalearn\first-impressions\train\d_POf1pikX0.000.mp4,train
C:\Users\athas\Downloads\Chalearn\first-impressions\train\d_POf1pikX0.005.mp4,train
C:\Users\athas\Downloads\Chalearn\first-impressions\train\e07IozLUeKc.001.mp4,train
C:\Users\athas\Downloads\Chalearn\first-impressions\train\e07IozLUeKc.002.mp4,train
C:\Users\athas\Downloads\Chalearn\first-impressions\train\e07IozLUeKc.005.mp4,train
C:\Users\athas\Downloads\Chalearn\first-impressions\train\e2EmGXRJ1K0.000.mp4,train
C:\Users\athas\Downloads\Chalearn\first-impressions\train\e2EmGXRJ1K0.001.mp4,train
C:\Users\athas\Downloads\Chalearn\first-impressions\train\e2pnS_nT9rA.001.mp4,train
C:\Users\athas\Downloads\Chalearn\first-impressions\train\e2pnS_nT9rA.002.mp4,train
C:\Users\athas\Downloads\Chalearn\first-impressions\train\e3NaBdG-ZmM.000.mp4,train
C:\Users\athas\Downloads\Chalearn\first-impressions\train\e3Y7na4SBh4.002.mp4,train
C:\Users\athas\Downloads\Chalearn\first-impressions\train\e3Y7na4SBh4.004.mp4,train
C:\Users\athas\Downloads\Chalearn\first-impressions\train\e3Y7na4SBh4.005.mp4,train
C:\Users\athas\Downloads\Chalearn\first-impressions\train\E3z1D7CKoOA.000.mp4,train
C:\Users\athas\Downloads\Chalearn\first-impressions\train\E3z1D7CKoOA.001.mp4,train
C:\Users\athas\Downloads\Chalearn\first-impressions\train\E3z1D7CKoOA.002.mp4,train
C:\Users\athas\Downloads\Chalearn\first-impressions\train\E3z1D7CKoOA.003.mp4,train
C:\Users\athas\Downloads\Chalearn\first-impressions\train\E3z1D7CKoOA.005.mp4,train
C:\Users\athas\Downloads\Chalearn\first-impressions\train\E6OBPHKkm6U.002.mp4,train
C:\Users\athas\Downloads\Chalearn\first-impressions\train\E6rptSS3kP4.000.mp4,train
C:\Users\athas\Downloads\Chalearn\first-impressions\train\e6YTvjDXEl0.001.mp4,train
C:\Users\athas\Downloads\Chalearn\first-impressions\train\e6YTvjDXEl0.002.mp4,train
C:\Users\athas\Downloads\Chalearn\first-impressions\train\Ea0UKBPCm3Q.001.mp4,train
C:\Users\athas\Downloads\Chalearn\first-impressions\train\EA8BEYAZqAA.000.mp4,train
C:\Users\athas\Downloads\Chalearn\first-impressions\train\EA8BEYAZqAA.001.mp4,train
C:\Users\athas\Downloads\Chalearn\first-impressions\train\EA8BEYAZqAA.004.mp4,train
C:\Users\athas\Downloads\Chalearn\first-impressions\train\EaBCJB8LXdI.001.mp4,train
C:\Users\athas\Downloads\Chalearn\first-impressions\train\EaBCJB8LXdI.002.mp4,train
C:\Users\athas\Downloads\Chalearn\first-impressions\train\EaBCJB8LXdI.004.mp4,train
C:\Users\athas\Downloads\Chalearn\first-impressions\train\EaBCJB8LXdI.005.mp4,train
C:\Users\athas\Downloads\Chalearn\first-impressions\train\eAkWSjU-JyY.001.mp4,train
C:\Users\athas\Downloads\Chalearn\first-impressions\train\eAkWSjU-JyY.002.mp4,train
C:\Users\athas\Downloads\Chalearn\first-impressions\train\EAMHqNxa9yY.001.mp4,train
C:\Users\athas\Downloads\Chalearn\first-impressions\train\EAnvsNi8O-M.001.mp4,train
C:\Users\athas\Downloads\Chalearn\first-impressions\train\EAnvsNi8O-M.002.mp4,train
C:\Users\athas\Downloads\Chalearn\first-impressions\train\eA_JaE8X3mI.000.mp4,train
C:\Users\athas\Downloads\Chalearn\first-impressions\train\Eb-2m44jTEs.000.mp4,train
C:\Users\athas\Downloads\Chalearn\first-impressions\train\Eb-2m44jTEs.004.mp4,train
C:\Users\athas\Downloads\Chalearn\first-impressions\train\eB6ZlBG6OeA.002.mp4,train
C:\Users\athas\Downloads\Chalearn\first-impressions\train\ecIb16gJMwU.003.mp4,train
C:\Users\athas\Downloads\Chalearn\first-impressions\train\EcOC7ZVRSg4.001.mp4,train
C:\Users\athas\Downloads\Chalearn\first-impressions\train\EcOC7ZVRSg4.002.mp4,train
C:\Users\athas\Downloads\Chalearn\first-impressions\train\EcOC7ZVRSg4.003.mp4,train
C:\Users\athas\Downloads\Chalearn\first-impressions\train\EcOC7ZVRSg4.004.mp4,train
C:\Users\athas\Downloads\Chalearn\first-impressions\train\eD4b8sM-Tpw.000.mp4,train
C:\Users\athas\Downloads\Chalearn\first-impressions\train\eD4b8sM-Tpw.004.mp4,train
C:\Users\athas\Downloads\Chalearn\first-impressions\train\edHTGYBFCWQ.000.mp4,train
C:\Users\athas\Downloads\Chalearn\first-impressions\train\edHTGYBFCWQ.004.mp4,train
C:\Users\athas\Downloads\Chalearn\first-impressions\train\EDshSjcCsoY.001.mp4,train
C:\Users\athas\Downloads\Chalearn\first-impressions\train\EDshSjcCsoY.002.mp4,train
C:\Users\athas\Downloads\Chalearn\first-impressions\train\EDXQLrsZctw.000.mp4,train
C:\Users\athas\Downloads\Chalearn\first-impressions\train\EeI8iXLDfc0.001.mp4,train
C:\Users\athas\Downloads\Chalearn\first-impressions\train\EeI8iXLDfc0.002.mp4,train
C:\Users\athas\Downloads\Chalearn\first-impressions\train\EeI8iXLDfc0.005.mp4,train
C:\Users\athas\Downloads\Chalearn\first-impressions\train\EelHLfeSJfM.002.mp4,train
C:\Users\athas\Downloads\Chalearn\first-impressions\train\EelHLfeSJfM.004.mp4,train
C:\Users\athas\Downloads\Chalearn\first-impressions\train\eFb7nVIBGEo.003.mp4,train
C:\Users\athas\Downloads\Chalearn\first-impressions\train\EffEoI1l1zE.000.mp4,train
C:\Users\athas\Downloads\Chalearn\first-impressions\train\EffEoI1l1zE.001.mp4,train
C:\Users\athas\Downloads\Chalearn\first-impressions\train\EffEoI1l1zE.002.mp4,train
C:\Users\athas\Downloads\Chalearn\first-impressions\train\EfQUV-C-YrU.002.mp4,train
C:\Users\athas\Downloads\Chalearn\first-impressions\train\eFzN_frNW8g.000.mp4,train
C:\Users\athas\Downloads\Chalearn\first-impressions\train\eFzN_frNW8g.001.mp4,train
C:\Users\athas\Downloads\Chalearn\first-impressions\train\eFzN_frNW8g.002.mp4,train
C:\Users\athas\Downloads\Chalearn\first-impressions\train\eFzN_frNW8g.003.mp4,train
C:\Users\athas\Downloads\Chalearn\first-impressions\train\eFzN_frNW8g.004.mp4,train
C:\Users\athas\Downloads\Chalearn\first-impressions\train\eFzN_frNW8g.005.mp4,train
C:\Users\athas\Downloads\Chalearn\first-impressions\train\Egogv6acOd0.001.mp4,train
C:\Users\athas\Downloads\Chalearn\first-impressions\train\Egogv6acOd0.002.mp4,train
C:\Users\athas\Downloads\Chalearn\first-impressions\train\Egogv6acOd0.003.mp4,train
C:\Users\athas\Downloads\Chalearn\first-impressions\train\Egogv6acOd0.004.mp4,train
C:\Users\athas\Downloads\Chalearn\first-impressions\train\EgolOPjkkg8.000.mp4,train
C:\Users\athas\Downloads\Chalearn\first-impressions\train\EgolOPjkkg8.001.mp4,train
C:\Users\athas\Downloads\Chalearn\first-impressions\train\EgolOPjkkg8.004.mp4,train
C:\Users\athas\Downloads\Chalearn\first-impressions\train\EgolOPjkkg8.005.mp4,train
C:\Users\athas\Downloads\Chalearn\first-impressions\train\Eh7WRYXVh9M.000.mp4,train
C:\Users\athas\Downloads\Chalearn\first-impressions\train\Eh7WRYXVh9M.005.mp4,train
C:\Users\athas\Downloads\Chalearn\first-impressions\train\eHcRre1YsNA.000.mp4,train
C:\Users\athas\Downloads\Chalearn\first-impressions\train\eHcRre1YsNA.001.mp4,train
C:\Users\athas\Downloads\Chalearn\first-impressions\train\eHcRre1YsNA.002.mp4,train
C:\Users\athas\Downloads\Chalearn\first-impressions\train\EHPZNxP5mN8.000.mp4,train
C:\Users\athas\Downloads\Chalearn\first-impressions\train\eIfiusZtXzE.000.mp4,train
C:\Users\athas\Downloads\Chalearn\first-impressions\train\EiXQ9RErt6c.002.mp4,train
C:\Users\athas\Downloads\Chalearn\first-impressions\train\EiXQ9RErt6c.003.mp4,train
C:\Users\athas\Downloads\Chalearn\first-impressions\train\EiXQ9RErt6c.005.mp4,train
C:\Users\athas\Downloads\Chalearn\first-impressions\train\eI_7SimPnnQ.000.mp4,train
C:\Users\athas\Downloads\Chalearn\first-impressions\train\eI_7SimPnnQ.001.mp4,train
C:\Users\athas\Downloads\Chalearn\first-impressions\train\eI_7SimPnnQ.002.mp4,train
C:\Users\athas\Downloads\Chalearn\first-impressions\train\eI_7SimPnnQ.003.mp4,train
C:\Users\athas\Downloads\Chalearn\first-impressions\train\eI_7SimPnnQ.005.mp4,train
C:\Users\athas\Downloads\Chalearn\first-impressions\train\ej0RpdM9kJA.000.mp4,train
C:\Users\athas\Downloads\Chalearn\first-impressions\train\ej0RpdM9kJA.001.mp4,train
C:\Users\athas\Downloads\Chalearn\first-impressions\train\ej0RpdM9kJA.002.mp4,train
C:\Users\athas\Downloads\Chalearn\first-impressions\train\ej0RpdM9kJA.003.mp4,train
C:\Users\athas\Downloads\Chalearn\first-impressions\train\EjhDyc8Oc6k.000.mp4,train
C:\Users\athas\Downloads\Chalearn\first-impressions\train\EjhDyc8Oc6k.001.mp4,train
C:\Users\athas\Downloads\Chalearn\first-impressions\train\EjhDyc8Oc6k.003.mp4,train
C:\Users\athas\Downloads\Chalearn\first-impressions\train\EjhDyc8Oc6k.004.mp4,train
C:\Users\athas\Downloads\Chalearn\first-impressions\train\EknEAPhAjdA.000.mp4,train
C:\Users\athas\Downloads\Chalearn\first-impressions\train\EknEAPhAjdA.001.mp4,train
C:\Users\athas\Downloads\Chalearn\first-impressions\train\EknEAPhAjdA.002.mp4,train
C:\Users\athas\Downloads\Chalearn\first-impressions\train\EknEAPhAjdA.003.mp4,train
C:\Users\athas\Downloads\Chalearn\first-impressions\train\EknEAPhAjdA.004.mp4,train
C:\Users\athas\Downloads\Chalearn\first-impressions\train\EL1Q7x_1a74.000.mp4,train
C:\Users\athas\Downloads\Chalearn\first-impressions\train\EL1Q7x_1a74.001.mp4,train
C:\Users\athas\Downloads\Chalearn\first-impressions\train\EL1Q7x_1a74.002.mp4,train
C:\Users\athas\Downloads\Chalearn\first-impressions\train\EL1Q7x_1a74.005.mp4,train
C:\Users\athas\Downloads\Chalearn\first-impressions\train\el2DOd8E5io.000.mp4,train
C:\Users\athas\Downloads\Chalearn\first-impressions\train\elSd0IyX6ys.002.mp4,train
C:\Users\athas\Downloads\Chalearn\first-impressions\train\elSd0IyX6ys.004.mp4,train
C:\Users\athas\Downloads\Chalearn\first-impressions\train\ELvGOVb8L5I.000.mp4,train
C:\Users\athas\Downloads\Chalearn\first-impressions\train\EmGTj1DRMbo.000.mp4,train
C:\Users\athas\Downloads\Chalearn\first-impressions\train\EmGTj1DRMbo.003.mp4,train
C:\Users\athas\Downloads\Chalearn\first-impressions\train\EmGTj1DRMbo.004.mp4,train
C:\Users\athas\Downloads\Chalearn\first-impressions\train\emHDoDcht44.001.mp4,train
C:\Users\athas\Downloads\Chalearn\first-impressions\train\EMNcIRgaDMg.000.mp4,train
C:\Users\athas\Downloads\Chalearn\first-impressions\train\EMNcIRgaDMg.004.mp4,train
C:\Users\athas\Downloads\Chalearn\first-impressions\train\EMqrrHHbP3s.000.mp4,train
C:\Users\athas\Downloads\Chalearn\first-impressions\train\EMqrrHHbP3s.001.mp4,train
C:\Users\athas\Downloads\Chalearn\first-impressions\train\EMqrrHHbP3s.002.mp4,train
C:\Users\athas\Downloads\Chalearn\first-impressions\train\En4aK_1gmlY.000.mp4,train
C:\Users\athas\Downloads\Chalearn\first-impressions\train\encC96iqr9Y.002.mp4,train
C:\Users\athas\Downloads\Chalearn\first-impressions\train\encC96iqr9Y.003.mp4,train
C:\Users\athas\Downloads\Chalearn\first-impressions\train\eOUVFTqPeGk.002.mp4,train
C:\Users\athas\Downloads\Chalearn\first-impressions\train\EP0sdDWooSw.001.mp4,train
C:\Users\athas\Downloads\Chalearn\first-impressions\train\EP2rMX4AQis.000.mp4,train
C:\Users\athas\Downloads\Chalearn\first-impressions\train\ePQJMluhLjQ.001.mp4,train
C:\Users\athas\Downloads\Chalearn\first-impressions\train\eq1_h17oue4.000.mp4,train
C:\Users\athas\Downloads\Chalearn\first-impressions\train\eq1_h17oue4.001.mp4,train
C:\Users\athas\Downloads\Chalearn\first-impressions\train\EqTB9rAC-tA.000.mp4,train
C:\Users\athas\Downloads\Chalearn\first-impressions\train\eqXrUXW4yHY.003.mp4,train
C:\Users\athas\Downloads\Chalearn\first-impressions\train\erJNMcO69Eo.000.mp4,train
C:\Users\athas\Downloads\Chalearn\first-impressions\train\erJNMcO69Eo.001.mp4,train
C:\Users\athas\Downloads\Chalearn\first-impressions\train\erJNMcO69Eo.002.mp4,train
C:\Users\athas\Downloads\Chalearn\first-impressions\train\erJNMcO69Eo.005.mp4,train
C:\Users\athas\Downloads\Chalearn\first-impressions\train\eRRCer7epnA.002.mp4,train
C:\Users\athas\Downloads\Chalearn\first-impressions\train\eRRCer7epnA.005.mp4,train
C:\Users\athas\Downloads\Chalearn\first-impressions\train\esjSS0xsHFA.002.mp4,train
C:\Users\athas\Downloads\Chalearn\first-impressions\train\esjSS0xsHFA.003.mp4,train
C:\Users\athas\Downloads\Chalearn\first-impressions\train\eT3BERfkCBE.001.mp4,train
C:\Users\athas\Downloads\Chalearn\first-impressions\train\eT3BERfkCBE.003.mp4,train
C:\Users\athas\Downloads\Chalearn\first-impressions\train\eT3BERfkCBE.005.mp4,train
C:\Users\athas\Downloads\Chalearn\first-impressions\train\Etfh8X-ECtY.000.mp4,train
C:\Users\athas\Downloads\Chalearn\first-impressions\train\Etfh8X-ECtY.001.mp4,train
C:\Users\athas\Downloads\Chalearn\first-impressions\train\Etfh8X-ECtY.002.mp4,train
C:\Users\athas\Downloads\Chalearn\first-impressions\train\Etfh8X-ECtY.003.mp4,train
C:\Users\athas\Downloads\Chalearn\first-impressions\train\Etfh8X-ECtY.004.mp4,train
C:\Users\athas\Downloads\Chalearn\first-impressions\train\Etw3iulV5Eg.001.mp4,train
C:\Users\athas\Downloads\Chalearn\first-impressions\train\Etw3iulV5Eg.003.mp4,train
C:\Users\athas\Downloads\Chalearn\first-impressions\train\euRnmvd_dus.004.mp4,train
C:\Users\athas\Downloads\Chalearn\first-impressions\train\ev42vngXERU.000.mp4,train
C:\Users\athas\Downloads\Chalearn\first-impressions\train\ev42vngXERU.001.mp4,train
C:\Users\athas\Downloads\Chalearn\first-impressions\train\evrzg3Pzyc0.000.mp4,train
C:\Users\athas\Downloads\Chalearn\first-impressions\train\evrzg3Pzyc0.001.mp4,train
C:\Users\athas\Downloads\Chalearn\first-impressions\train\evrzg3Pzyc0.002.mp4,train
C:\Users\athas\Downloads\Chalearn\first-impressions\train\EvZ0esZgPK4.001.mp4,train
C:\Users\athas\Downloads\Chalearn\first-impressions\train\EwMMNKLjO9w.000.mp4,train
C:\Users\athas\Downloads\Chalearn\first-impressions\train\EwMMNKLjO9w.001.mp4,train
C:\Users\athas\Downloads\Chalearn\first-impressions\train\EwMMNKLjO9w.002.mp4,train
C:\Users\athas\Downloads\Chalearn\first-impressions\train\EX3i4IMY1Pw.002.mp4,train
C:\Users\athas\Downloads\Chalearn\first-impressions\train\eXtskPoi58A.000.mp4,train
C:\Users\athas\Downloads\Chalearn\first-impressions\train\eXtskPoi58A.001.mp4,train
C:\Users\athas\Downloads\Chalearn\first-impressions\train\eXtskPoi58A.003.mp4,train
C:\Users\athas\Downloads\Chalearn\first-impressions\train\eXtskPoi58A.005.mp4,train
C:\Users\athas\Downloads\Chalearn\first-impressions\train\eYASh3sKY3k.000.mp4,train
C:\Users\athas\Downloads\Chalearn\first-impressions\train\EYbPGTIcnjs.000.mp4,train
C:\Users\athas\Downloads\Chalearn\first-impressions\train\EYbPGTIcnjs.003.mp4,train
C:\Users\athas\Downloads\Chalearn\first-impressions\train\EYbPGTIcnjs.005.mp4,train
C:\Users\athas\Downloads\Chalearn\first-impressions\train\EyX8QI5nPTY.001.mp4,train
C:\Users\athas\Downloads\Chalearn\first-impressions\train\ezMO8EHKAVw.000.mp4,train
C:\Users\athas\Downloads\Chalearn\first-impressions\train\ezMO8EHKAVw.004.mp4,train
C:\Users\athas\Downloads\Chalearn\first-impressions\train\ezMO8EHKAVw.005.mp4,train
C:\Users\athas\Downloads\Chalearn\first-impressions\train\eZwGkhUa0TQ.000.mp4,train
C:\Users\athas\Downloads\Chalearn\first-impressions\train\eZwGkhUa0TQ.004.mp4,train
C:\Users\athas\Downloads\Chalearn\first-impressions\train\eZwGkhUa0TQ.005.mp4,train
C:\Users\athas\Downloads\Chalearn\first-impressions\train\E_xAcdGpPCI.001.mp4,train
C:\Users\athas\Downloads\Chalearn\first-impressions\train\E_xAcdGpPCI.004.mp4,train
C:\Users\athas\Downloads\Chalearn\first-impressions\train\E_xAcdGpPCI.005.mp4,train
C:\Users\athas\Downloads\Chalearn\first-impressions\train\F-Dy1EFm_Mw.005.mp4,train
C:\Users\athas\Downloads\Chalearn\first-impressions\train\F0kidNe_RSo.001.mp4,train
C:\Users\athas\Downloads\Chalearn\first-impressions\train\F0kidNe_RSo.002.mp4,train
C:\Users\athas\Downloads\Chalearn\first-impressions\train\f0LnGz5Z6kA.000.mp4,train
C:\Users\athas\Downloads\Chalearn\first-impressions\train\f0LnGz5Z6kA.002.mp4,train
C:\Users\athas\Downloads\Chalearn\first-impressions\train\F0VbEO_0Ybc.000.mp4,train
C:\Users\athas\Downloads\Chalearn\first-impressions\train\F0VbEO_0Ybc.001.mp4,train
C:\Users\athas\Downloads\Chalearn\first-impressions\train\F0VbEO_0Ybc.002.mp4,train
C:\Users\athas\Downloads\Chalearn\first-impressions\train\F0VbEO_0Ybc.003.mp4,train
C:\Users\athas\Downloads\Chalearn\first-impressions\train\F0VbEO_0Ybc.005.mp4,train
C:\Users\athas\Downloads\Chalearn\first-impressions\train\F0_EI_X5JVk.001.mp4,train
C:\Users\athas\Downloads\Chalearn\first-impressions\train\F0_EI_X5JVk.002.mp4,train
C:\Users\athas\Downloads\Chalearn\first-impressions\train\F0_EI_X5JVk.003.mp4,train
C:\Users\athas\Downloads\Chalearn\first-impressions\train\F0_EI_X5JVk.004.mp4,train
C:\Users\athas\Downloads\Chalearn\first-impressions\train\F0_EI_X5JVk.005.mp4,train
C:\Users\athas\Downloads\Chalearn\first-impressions\train\F1lAPYh4t3U.000.mp4,train
C:\Users\athas\Downloads\Chalearn\first-impressions\train\F1lAPYh4t3U.004.mp4,train
C:\Users\athas\Downloads\Chalearn\first-impressions\train\f1xAVtagIks.000.mp4,train
C:\Users\athas\Downloads\Chalearn\first-impressions\train\f1xAVtagIks.003.mp4,train
C:\Users\athas\Downloads\Chalearn\first-impressions\train\f39E4ct09Cc.000.mp4,train
C:\Users\athas\Downloads\Chalearn\first-impressions\train\f39E4ct09Cc.001.mp4,train
C:\Users\athas\Downloads\Chalearn\first-impressions\train\f39E4ct09Cc.005.mp4,train
C:\Users\athas\Downloads\Chalearn\first-impressions\train\f3ZbA4UqGKE.005.mp4,train
C:\Users\athas\Downloads\Chalearn\first-impressions\train\f4rQJiW6oSk.004.mp4,train
C:\Users\athas\Downloads\Chalearn\first-impressions\train\f4rQJiW6oSk.005.mp4,train
C:\Users\athas\Downloads\Chalearn\first-impressions\train\F4UeAogUMMs.000.mp4,train
C:\Users\athas\Downloads\Chalearn\first-impressions\train\F4UeAogUMMs.001.mp4,train
C:\Users\athas\Downloads\Chalearn\first-impressions\train\F4UeAogUMMs.002.mp4,train
C:\Users\athas\Downloads\Chalearn\first-impressions\train\F4UeAogUMMs.003.mp4,train
C:\Users\athas\Downloads\Chalearn\first-impressions\train\F4UeAogUMMs.004.mp4,train
C:\Users\athas\Downloads\Chalearn\first-impressions\train\F4UeAogUMMs.005.mp4,train
C:\Users\athas\Downloads\Chalearn\first-impressions\train\F4yC1_n6ApY.002.mp4,train
C:\Users\athas\Downloads\Chalearn\first-impressions\train\F5iykLTSCJc.000.mp4,train
C:\Users\athas\Downloads\Chalearn\first-impressions\train\f5jPfJYvihA.000.mp4,train
C:\Users\athas\Downloads\Chalearn\first-impressions\train\F5kL7RWS_f0.000.mp4,train
C:\Users\athas\Downloads\Chalearn\first-impressions\train\F5kL7RWS_f0.003.mp4,train
C:\Users\athas\Downloads\Chalearn\first-impressions\train\F5kL7RWS_f0.004.mp4,train
C:\Users\athas\Downloads\Chalearn\first-impressions\train\f70aaYsxPHY.001.mp4,train
C:\Users\athas\Downloads\Chalearn\first-impressions\train\f70aaYsxPHY.002.mp4,train
C:\Users\athas\Downloads\Chalearn\first-impressions\train\f7E26XfU8rw.002.mp4,train
C:\Users\athas\Downloads\Chalearn\first-impressions\train\f7E26XfU8rw.003.mp4,train
C:\Users\athas\Downloads\Chalearn\first-impressions\train\f7E26XfU8rw.005.mp4,train
C:\Users\athas\Downloads\Chalearn\first-impressions\train\f7togdqxEoo.003.mp4,train
C:\Users\athas\Downloads\Chalearn\first-impressions\train\f8eU5Pc-y0g.004.mp4,train
C:\Users\athas\Downloads\Chalearn\first-impressions\train\f8f00b0IgvA.001.mp4,train
C:\Users\athas\Downloads\Chalearn\first-impressions\train\f8f00b0IgvA.002.mp4,train
C:\Users\athas\Downloads\Chalearn\first-impressions\train\f8f00b0IgvA.004.mp4,train
C:\Users\athas\Downloads\Chalearn\first-impressions\train\f9GeYKAXgAQ.000.mp4,train
C:\Users\athas\Downloads\Chalearn\first-impressions\train\f9GeYKAXgAQ.001.mp4,train
C:\Users\athas\Downloads\Chalearn\first-impressions\train\f9GeYKAXgAQ.002.mp4,train
C:\Users\athas\Downloads\Chalearn\first-impressions\train\f9GeYKAXgAQ.003.mp4,train
C:\Users\athas\Downloads\Chalearn\first-impressions\train\f9GeYKAXgAQ.005.mp4,train
C:\Users\athas\Downloads\Chalearn\first-impressions\train\F9mZ6De_6Ko.004.mp4,train
C:\Users\athas\Downloads\Chalearn\first-impressions\train\F9mZ6De_6Ko.005.mp4,train
C:\Users\athas\Downloads\Chalearn\first-impressions\train\FaBTYkzhuK4.000.mp4,train
C:\Users\athas\Downloads\Chalearn\first-impressions\train\FaBTYkzhuK4.001.mp4,train
C:\Users\athas\Downloads\Chalearn\first-impressions\train\FaBTYkzhuK4.005.mp4,train
C:\Users\athas\Downloads\Chalearn\first-impressions\train\fBcc1UMtZME.001.mp4,train
C:\Users\athas\Downloads\Chalearn\first-impressions\train\fBcc1UMtZME.005.mp4,train
C:\Users\athas\Downloads\Chalearn\first-impressions\train\fbjDmltKVOM.000.mp4,train
C:\Users\athas\Downloads\Chalearn\first-impressions\train\fBMKlYUjA9E.000.mp4,train
C:\Users\athas\Downloads\Chalearn\first-impressions\train\fBMKlYUjA9E.003.mp4,train
C:\Users\athas\Downloads\Chalearn\first-impressions\train\Fco1CMgOadI.002.mp4,train
C:\Users\athas\Downloads\Chalearn\first-impressions\train\Fco1CMgOadI.003.mp4,train
C:\Users\athas\Downloads\Chalearn\first-impressions\train\Fco1CMgOadI.005.mp4,train
C:\Users\athas\Downloads\Chalearn\first-impressions\train\FcR9VhCxBb0.002.mp4,train
C:\Users\athas\Downloads\Chalearn\first-impressions\train\FcR9VhCxBb0.004.mp4,train
C:\Users\athas\Downloads\Chalearn\first-impressions\train\fDw_PAgW07o.000.mp4,train
C:\Users\athas\Downloads\Chalearn\first-impressions\train\fDw_PAgW07o.001.mp4,train
C:\Users\athas\Downloads\Chalearn\first-impressions\train\fDw_PAgW07o.002.mp4,train
C:\Users\athas\Downloads\Chalearn\first-impressions\train\fDw_PAgW07o.003.mp4,train
C:\Users\athas\Downloads\Chalearn\first-impressions\train\fDw_PAgW07o.005.mp4,train
C:\Users\athas\Downloads\Chalearn\first-impressions\train\Fe9_SVPd_5I.004.mp4,train
C:\Users\athas\Downloads\Chalearn\first-impressions\train\Fe9_SVPd_5I.005.mp4,train
C:\Users\athas\Downloads\Chalearn\first-impressions\train\fEC3lEDxRnc.000.mp4,train
C:\Users\athas\Downloads\Chalearn\first-impressions\train\fEC3lEDxRnc.001.mp4,train
C:\Users\athas\Downloads\Chalearn\first-impressions\train\fEC3lEDxRnc.002.mp4,train
C:\Users\athas\Downloads\Chalearn\first-impressions\train\fEC3lEDxRnc.005.mp4,train
C:\Users\athas\Downloads\Chalearn\first-impressions\train\fecQUZ-ehKQ.000.mp4,train
C:\Users\athas\Downloads\Chalearn\first-impressions\train\fecQUZ-ehKQ.002.mp4,train
C:\Users\athas\Downloads\Chalearn\first-impressions\train\feg-RNvT-t0.000.mp4,train
C:\Users\athas\Downloads\Chalearn\first-impressions\train\fEix0DPOWtg.005.mp4,train
C:\Users\athas\Downloads\Chalearn\first-impressions\train\fEZrAGQoh_g.000.mp4,train
C:\Users\athas\Downloads\Chalearn\first-impressions\train\fEZrAGQoh_g.001.mp4,train
C:\Users\athas\Downloads\Chalearn\first-impressions\train\fEZrAGQoh_g.002.mp4,train
C:\Users\athas\Downloads\Chalearn\first-impressions\train\ff-3k-nzoXA.000.mp4,train
C:\Users\athas\Downloads\Chalearn\first-impressions\train\ff-3k-nzoXA.002.mp4,train
C:\Users\athas\Downloads\Chalearn\first-impressions\train\ff-3k-nzoXA.004.mp4,train
C:\Users\athas\Downloads\Chalearn\first-impressions\train\Ff0WqsFl-1s.005.mp4,train
C:\Users\athas\Downloads\Chalearn\first-impressions\train\fGAcEyZXFTo.000.mp4,train
C:\Users\athas\Downloads\Chalearn\first-impressions\train\fGAcEyZXFTo.003.mp4,train
C:\Users\athas\Downloads\Chalearn\first-impressions\train\fGAcEyZXFTo.005.mp4,train
C:\Users\athas\Downloads\Chalearn\first-impressions\train\fgEddXirQvQ.005.mp4,train
C:\Users\athas\Downloads\Chalearn\first-impressions\train\FGkS4vJYOpM.002.mp4,train
C:\Users\athas\Downloads\Chalearn\first-impressions\train\FGkS4vJYOpM.004.mp4,train
C:\Users\athas\Downloads\Chalearn\first-impressions\train\Fgq5I4bkq2s.001.mp4,train
C:\Users\athas\Downloads\Chalearn\first-impressions\train\fH0jgh_VKmE.003.mp4,train
C:\Users\athas\Downloads\Chalearn\first-impressions\train\FhCOvzMrNs8.000.mp4,train
C:\Users\athas\Downloads\Chalearn\first-impressions\train\fhUGU2uiS1U.001.mp4,train
C:\Users\athas\Downloads\Chalearn\first-impressions\train\fhUGU2uiS1U.004.mp4,train
C:\Users\athas\Downloads\Chalearn\first-impressions\train\Fi1ILrwQpSY.001.mp4,train
C:\Users\athas\Downloads\Chalearn\first-impressions\train\Fi1ILrwQpSY.002.mp4,train
C:\Users\athas\Downloads\Chalearn\first-impressions\train\Fi1ILrwQpSY.003.mp4,train
C:\Users\athas\Downloads\Chalearn\first-impressions\train\Fi1ILrwQpSY.005.mp4,train
C:\Users\athas\Downloads\Chalearn\first-impressions\train\fiEEjrKhlNU.001.mp4,train
C:\Users\athas\Downloads\Chalearn\first-impressions\train\fiEEjrKhlNU.002.mp4,train
C:\Users\athas\Downloads\Chalearn\first-impressions\train\fIiXuRlTPa0.000.mp4,train
C:\Users\athas\Downloads\Chalearn\first-impressions\train\fipvPdFbKN4.000.mp4,train
C:\Users\athas\Downloads\Chalearn\first-impressions\train\fipvPdFbKN4.004.mp4,train
C:\Users\athas\Downloads\Chalearn\first-impressions\train\fiVkE3iDWY4.004.mp4,train
C:\Users\athas\Downloads\Chalearn\first-impressions\train\fiVORaERbP0.002.mp4,train
C:\Users\athas\Downloads\Chalearn\first-impressions\train\fiVORaERbP0.004.mp4,train
C:\Users\athas\Downloads\Chalearn\first-impressions\train\FJPqNQPXp5c.005.mp4,train
C:\Users\athas\Downloads\Chalearn\first-impressions\train\fkDqn2muw-A.000.mp4,train
C:\Users\athas\Downloads\Chalearn\first-impressions\train\fkDqn2muw-A.002.mp4,train
C:\Users\athas\Downloads\Chalearn\first-impressions\train\fkDqn2muw-A.003.mp4,train
C:\Users\athas\Downloads\Chalearn\first-impressions\train\FksSYDfLH04.002.mp4,train
C:\Users\athas\Downloads\Chalearn\first-impressions\train\FkuwzJcoRVI.000.mp4,train
C:\Users\athas\Downloads\Chalearn\first-impressions\train\FkuwzJcoRVI.001.mp4,train
C:\Users\athas\Downloads\Chalearn\first-impressions\train\FkuwzJcoRVI.003.mp4,train
C:\Users\athas\Downloads\Chalearn\first-impressions\train\FkuwzJcoRVI.004.mp4,train
C:\Users\athas\Downloads\Chalearn\first-impressions\train\FkuwzJcoRVI.005.mp4,train
C:\Users\athas\Downloads\Chalearn\first-impressions\train\FkzVX7SQ9wE.001.mp4,train
C:\Users\athas\Downloads\Chalearn\first-impressions\train\FkzVX7SQ9wE.002.mp4,train
C:\Users\athas\Downloads\Chalearn\first-impressions\train\FkzVX7SQ9wE.004.mp4,train
C:\Users\athas\Downloads\Chalearn\first-impressions\train\fk_ggmC872E.000.mp4,train
C:\Users\athas\Downloads\Chalearn\first-impressions\train\fk_ggmC872E.001.mp4,train
C:\Users\athas\Downloads\Chalearn\first-impressions\train\fk_ggmC872E.003.mp4,train
C:\Users\athas\Downloads\Chalearn\first-impressions\train\fL8VYpOTLSM.001.mp4,train
C:\Users\athas\Downloads\Chalearn\first-impressions\train\fL8VYpOTLSM.002.mp4,train
C:\Users\athas\Downloads\Chalearn\first-impressions\train\fL8VYpOTLSM.004.mp4,train
C:\Users\athas\Downloads\Chalearn\first-impressions\train\FlAGm93fJa0.000.mp4,train
C:\Users\athas\Downloads\Chalearn\first-impressions\train\FlAGm93fJa0.004.mp4,train
C:\Users\athas\Downloads\Chalearn\first-impressions\train\fLRRMLTFGMQ.000.mp4,train
C:\Users\athas\Downloads\Chalearn\first-impressions\train\fLRRMLTFGMQ.002.mp4,train
C:\Users\athas\Downloads\Chalearn\first-impressions\train\fLRRMLTFGMQ.004.mp4,train
C:\Users\athas\Downloads\Chalearn\first-impressions\train\fLRRMLTFGMQ.005.mp4,train
C:\Users\athas\Downloads\Chalearn\first-impressions\train\FM5UaJS-bhg.000.mp4,train
C:\Users\athas\Downloads\Chalearn\first-impressions\train\FM5UaJS-bhg.001.mp4,train
C:\Users\athas\Downloads\Chalearn\first-impressions\train\FM5UaJS-bhg.002.mp4,train
C:\Users\athas\Downloads\Chalearn\first-impressions\train\FM5UaJS-bhg.004.mp4,train
C:\Users\athas\Downloads\Chalearn\first-impressions\train\FM5UaJS-bhg.005.mp4,train
C:\Users\athas\Downloads\Chalearn\first-impressions\train\fmjILOLc3eg.001.mp4,train
C:\Users\athas\Downloads\Chalearn\first-impressions\train\fmue_KpW9Ro.000.mp4,train
C:\Users\athas\Downloads\Chalearn\first-impressions\train\fmue_KpW9Ro.003.mp4,train
C:\Users\athas\Downloads\Chalearn\first-impressions\train\fmue_KpW9Ro.004.mp4,train
C:\Users\athas\Downloads\Chalearn\first-impressions\train\fmue_KpW9Ro.005.mp4,train
C:\Users\athas\Downloads\Chalearn\first-impressions\train\FNHMXPaHll0.004.mp4,train
C:\Users\athas\Downloads\Chalearn\first-impressions\train\FogaU_yB9aY.001.mp4,train
C:\Users\athas\Downloads\Chalearn\first-impressions\train\foj4bqLSmF8.001.mp4,train
C:\Users\athas\Downloads\Chalearn\first-impressions\train\foj4bqLSmF8.002.mp4,train
C:\Users\athas\Downloads\Chalearn\first-impressions\train\foj4bqLSmF8.003.mp4,train
C:\Users\athas\Downloads\Chalearn\first-impressions\train\FoWuHvikyqU.001.mp4,train
C:\Users\athas\Downloads\Chalearn\first-impressions\train\FoWuHvikyqU.003.mp4,train
C:\Users\athas\Downloads\Chalearn\first-impressions\train\FoWuHvikyqU.004.mp4,train
C:\Users\athas\Downloads\Chalearn\first-impressions\train\FPfgwGsy8dE.004.mp4,train
C:\Users\athas\Downloads\Chalearn\first-impressions\train\fPLd_NLF43M.002.mp4,train
C:\Users\athas\Downloads\Chalearn\first-impressions\train\fpyBDfh7qF0.001.mp4,train
C:\Users\athas\Downloads\Chalearn\first-impressions\train\fpyBDfh7qF0.002.mp4,train
C:\Users\athas\Downloads\Chalearn\first-impressions\train\fpyBDfh7qF0.004.mp4,train
C:\Users\athas\Downloads\Chalearn\first-impressions\train\FQMmM3TL5rE.001.mp4,train
C:\Users\athas\Downloads\Chalearn\first-impressions\train\FQMmM3TL5rE.003.mp4,train
C:\Users\athas\Downloads\Chalearn\first-impressions\train\FQMmM3TL5rE.004.mp4,train
C:\Users\athas\Downloads\Chalearn\first-impressions\train\FrOxqNe6sAU.000.mp4,train
C:\Users\athas\Downloads\Chalearn\first-impressions\train\frsDpQjmC5k.002.mp4,train
C:\Users\athas\Downloads\Chalearn\first-impressions\train\frsDpQjmC5k.003.mp4,train
C:\Users\athas\Downloads\Chalearn\first-impressions\train\fsaslN7xV-w.000.mp4,train
C:\Users\athas\Downloads\Chalearn\first-impressions\train\fsaslN7xV-w.002.mp4,train
C:\Users\athas\Downloads\Chalearn\first-impressions\train\fsaslN7xV-w.004.mp4,train
C:\Users\athas\Downloads\Chalearn\first-impressions\train\FSBBbxNi0iU.004.mp4,train
C:\Users\athas\Downloads\Chalearn\first-impressions\train\FSBBbxNi0iU.005.mp4,train
C:\Users\athas\Downloads\Chalearn\first-impressions\train\fsCK8Xuzl1Y.000.mp4,train
C:\Users\athas\Downloads\Chalearn\first-impressions\train\fsCK8Xuzl1Y.003.mp4,train
C:\Users\athas\Downloads\Chalearn\first-impressions\train\fsCK8Xuzl1Y.004.mp4,train
C:\Users\athas\Downloads\Chalearn\first-impressions\train\fSDA4eEyGHk.000.mp4,train
C:\Users\athas\Downloads\Chalearn\first-impressions\train\fSDA4eEyGHk.002.mp4,train
C:\Users\athas\Downloads\Chalearn\first-impressions\train\fSDA4eEyGHk.004.mp4,train
C:\Users\athas\Downloads\Chalearn\first-impressions\train\fSkQXqXR7D0.000.mp4,train
C:\Users\athas\Downloads\Chalearn\first-impressions\train\fSkQXqXR7D0.001.mp4,train
C:\Users\athas\Downloads\Chalearn\first-impressions\train\fSkQXqXR7D0.002.mp4,train
C:\Users\athas\Downloads\Chalearn\first-impressions\train\fSkQXqXR7D0.004.mp4,train
C:\Users\athas\Downloads\Chalearn\first-impressions\train\fsLf6Xv_Gbk.001.mp4,train
C:\Users\athas\Downloads\Chalearn\first-impressions\train\Ft0ahViXZPc.001.mp4,train
C:\Users\athas\Downloads\Chalearn\first-impressions\train\Ft0ahViXZPc.003.mp4,train
C:\Users\athas\Downloads\Chalearn\first-impressions\train\fTpemcfElxI.000.mp4,train
C:\Users\athas\Downloads\Chalearn\first-impressions\train\fTpemcfElxI.001.mp4,train
C:\Users\athas\Downloads\Chalearn\first-impressions\train\fTpemcfElxI.003.mp4,train
C:\Users\athas\Downloads\Chalearn\first-impressions\train\fTpemcfElxI.004.mp4,train
C:\Users\athas\Downloads\Chalearn\first-impressions\train\fTpemcfElxI.005.mp4,train
C:\Users\athas\Downloads\Chalearn\first-impressions\train\FU1ak530DDo.001.mp4,train
C:\Users\athas\Downloads\Chalearn\first-impressions\train\FU1ak530DDo.003.mp4,train
C:\Users\athas\Downloads\Chalearn\first-impressions\train\fUIWjaZCYwM.000.mp4,train
C:\Users\athas\Downloads\Chalearn\first-impressions\train\fUIWjaZCYwM.001.mp4,train
C:\Users\athas\Downloads\Chalearn\first-impressions\train\fuKtMm2WR0g.001.mp4,train
C:\Users\athas\Downloads\Chalearn\first-impressions\train\fv5lLeyRdd4.001.mp4,train
C:\Users\athas\Downloads\Chalearn\first-impressions\train\fv5lLeyRdd4.002.mp4,train
C:\Users\athas\Downloads\Chalearn\first-impressions\train\fv5lLeyRdd4.004.mp4,train
C:\Users\athas\Downloads\Chalearn\first-impressions\train\fv5lLeyRdd4.005.mp4,train
C:\Users\athas\Downloads\Chalearn\first-impressions\train\FvjIziLzffo.002.mp4,train
C:\Users\athas\Downloads\Chalearn\first-impressions\train\FvjIziLzffo.003.mp4,train
C:\Users\athas\Downloads\Chalearn\first-impressions\train\FvjIziLzffo.004.mp4,train
C:\Users\athas\Downloads\Chalearn\first-impressions\train\FwjoTGcsFNg.000.mp4,train
C:\Users\athas\Downloads\Chalearn\first-impressions\train\FwjoTGcsFNg.001.mp4,train
C:\Users\athas\Downloads\Chalearn\first-impressions\train\FwjoTGcsFNg.002.mp4,train
C:\Users\athas\Downloads\Chalearn\first-impressions\train\FwjoTGcsFNg.003.mp4,train
C:\Users\athas\Downloads\Chalearn\first-impressions\train\fwJykIyvS04.001.mp4,train
C:\Users\athas\Downloads\Chalearn\first-impressions\train\fwYZP8qOtC0.005.mp4,train
C:\Users\athas\Downloads\Chalearn\first-impressions\train\FxVUG2R1y0Q.000.mp4,train
C:\Users\athas\Downloads\Chalearn\first-impressions\train\FxVUG2R1y0Q.001.mp4,train
C:\Users\athas\Downloads\Chalearn\first-impressions\train\FxVUG2R1y0Q.004.mp4,train
C:\Users\athas\Downloads\Chalearn\first-impressions\train\fY4tctYZTz8.003.mp4,train
C:\Users\athas\Downloads\Chalearn\first-impressions\train\fY4tctYZTz8.005.mp4,train
C:\Users\athas\Downloads\Chalearn\first-impressions\train\fYUcoKDyRiU.001.mp4,train
C:\Users\athas\Downloads\Chalearn\first-impressions\train\fyXiORXmWHs.002.mp4,train
C:\Users\athas\Downloads\Chalearn\first-impressions\train\fyXiORXmWHs.003.mp4,train
C:\Users\athas\Downloads\Chalearn\first-impressions\train\Fz1BcPpjNXY.001.mp4,train
C:\Users\athas\Downloads\Chalearn\first-impressions\train\FZYN9ZFngFM.001.mp4,train
C:\Users\athas\Downloads\Chalearn\first-impressions\train\G-25EWOIGNs.000.mp4,train
C:\Users\athas\Downloads\Chalearn\first-impressions\train\G-25EWOIGNs.001.mp4,train
C:\Users\athas\Downloads\Chalearn\first-impressions\train\G-25EWOIGNs.002.mp4,train
C:\Users\athas\Downloads\Chalearn\first-impressions\train\G-25EWOIGNs.004.mp4,train
C:\Users\athas\Downloads\Chalearn\first-impressions\train\G-25EWOIGNs.005.mp4,train
C:\Users\athas\Downloads\Chalearn\first-impressions\train\g00oS-Kt248.001.mp4,train
C:\Users\athas\Downloads\Chalearn\first-impressions\train\g0PWBzU95sI.000.mp4,train
C:\Users\athas\Downloads\Chalearn\first-impressions\train\g0PWBzU95sI.001.mp4,train
C:\Users\athas\Downloads\Chalearn\first-impressions\train\g0PWBzU95sI.004.mp4,train
C:\Users\athas\Downloads\Chalearn\first-impressions\train\g0Zlp-F6Z6E.001.mp4,train
C:\Users\athas\Downloads\Chalearn\first-impressions\train\g0Zlp-F6Z6E.003.mp4,train
C:\Users\athas\Downloads\Chalearn\first-impressions\train\g0Zlp-F6Z6E.004.mp4,train
C:\Users\athas\Downloads\Chalearn\first-impressions\train\g1TMjzZH8bw.000.mp4,train
C:\Users\athas\Downloads\Chalearn\first-impressions\train\g1TMjzZH8bw.002.mp4,train
C:\Users\athas\Downloads\Chalearn\first-impressions\train\g1TMjzZH8bw.004.mp4,train
C:\Users\athas\Downloads\Chalearn\first-impressions\train\g24JGYuT74A.002.mp4,train
C:\Users\athas\Downloads\Chalearn\first-impressions\train\g24JGYuT74A.003.mp4,train
C:\Users\athas\Downloads\Chalearn\first-impressions\train\G2D3qU6R_YA.001.mp4,train
C:\Users\athas\Downloads\Chalearn\first-impressions\train\G2D3qU6R_YA.002.mp4,train
C:\Users\athas\Downloads\Chalearn\first-impressions\train\G2D3qU6R_YA.004.mp4,train
C:\Users\athas\Downloads\Chalearn\first-impressions\train\g4PQ753TDls.000.mp4,train
C:\Users\athas\Downloads\Chalearn\first-impressions\train\G7hYffrZ1Hc.004.mp4,train
C:\Users\athas\Downloads\Chalearn\first-impressions\train\G7hYffrZ1Hc.005.mp4,train
C:\Users\athas\Downloads\Chalearn\first-impressions\train\G7QTNbKbu_4.003.mp4,train
C:\Users\athas\Downloads\Chalearn\first-impressions\train\G7QTNbKbu_4.005.mp4,train
C:\Users\athas\Downloads\Chalearn\first-impressions\train\g7sDGH8APwk.000.mp4,train
C:\Users\athas\Downloads\Chalearn\first-impressions\train\g8rjtlzAQ6k.002.mp4,train
C:\Users\athas\Downloads\Chalearn\first-impressions\train\g8rjtlzAQ6k.003.mp4,train
C:\Users\athas\Downloads\Chalearn\first-impressions\train\g9zgIN56MnQ.001.mp4,train
C:\Users\athas\Downloads\Chalearn\first-impressions\train\g9zgIN56MnQ.004.mp4,train
C:\Users\athas\Downloads\Chalearn\first-impressions\train\g9zgIN56MnQ.005.mp4,train
C:\Users\athas\Downloads\Chalearn\first-impressions\train\GaUs3UUUtmw.001.mp4,train
C:\Users\athas\Downloads\Chalearn\first-impressions\train\gAWA-fcIa_M.001.mp4,train
C:\Users\athas\Downloads\Chalearn\first-impressions\train\gAWA-fcIa_M.002.mp4,train
C:\Users\athas\Downloads\Chalearn\first-impressions\train\gAWA-fcIa_M.003.mp4,train
C:\Users\athas\Downloads\Chalearn\first-impressions\train\gAWA-fcIa_M.004.mp4,train
C:\Users\athas\Downloads\Chalearn\first-impressions\train\gAWA-fcIa_M.005.mp4,train
C:\Users\athas\Downloads\Chalearn\first-impressions\train\ga_XczsO4eY.000.mp4,train
C:\Users\athas\Downloads\Chalearn\first-impressions\train\ga_XczsO4eY.001.mp4,train
C:\Users\athas\Downloads\Chalearn\first-impressions\train\ga_XczsO4eY.004.mp4,train
C:\Users\athas\Downloads\Chalearn\first-impressions\train\ga_XczsO4eY.005.mp4,train
C:\Users\athas\Downloads\Chalearn\first-impressions\train\gChqk1izWkc.002.mp4,train
C:\Users\athas\Downloads\Chalearn\first-impressions\train\GCkOL2jLSQA.000.mp4,train
C:\Users\athas\Downloads\Chalearn\first-impressions\train\GCkOL2jLSQA.001.mp4,train
C:\Users\athas\Downloads\Chalearn\first-impressions\train\GCkOL2jLSQA.002.mp4,train
C:\Users\athas\Downloads\Chalearn\first-impressions\train\GCkOL2jLSQA.005.mp4,train
C:\Users\athas\Downloads\Chalearn\first-impressions\train\gCQT7zfS7sI.001.mp4,train
C:\Users\athas\Downloads\Chalearn\first-impressions\train\gCQT7zfS7sI.002.mp4,train
C:\Users\athas\Downloads\Chalearn\first-impressions\train\Gd08FYfFRtk.000.mp4,train
C:\Users\athas\Downloads\Chalearn\first-impressions\train\Gd08FYfFRtk.001.mp4,train
C:\Users\athas\Downloads\Chalearn\first-impressions\train\Gd08FYfFRtk.004.mp4,train
C:\Users\athas\Downloads\Chalearn\first-impressions\train\Gd08FYfFRtk.005.mp4,train
C:\Users\athas\Downloads\Chalearn\first-impressions\train\Gdrgw7Z6tLg.002.mp4,train
C:\Users\athas\Downloads\Chalearn\first-impressions\train\Gdrgw7Z6tLg.003.mp4,train
C:\Users\athas\Downloads\Chalearn\first-impressions\train\Gdv79afXNKE.003.mp4,train
C:\Users\athas\Downloads\Chalearn\first-impressions\train\Gdv79afXNKE.005.mp4,train
C:\Users\athas\Downloads\Chalearn\first-impressions\train\geji1U2YAvg.002.mp4,train
C:\Users\athas\Downloads\Chalearn\first-impressions\train\geXpIfaFzF4.001.mp4,train
C:\Users\athas\Downloads\Chalearn\first-impressions\train\geXpIfaFzF4.002.mp4,train
C:\Users\athas\Downloads\Chalearn\first-impressions\train\geXpIfaFzF4.003.mp4,train
C:\Users\athas\Downloads\Chalearn\first-impressions\train\geXpIfaFzF4.004.mp4,train
C:\Users\athas\Downloads\Chalearn\first-impressions\train\gFEntQ_UKvk.002.mp4,train
C:\Users\athas\Downloads\Chalearn\first-impressions\train\gFEntQ_UKvk.003.mp4,train
C:\Users\athas\Downloads\Chalearn\first-impressions\train\gfTTzlRNF8s.003.mp4,train
C:\Users\athas\Downloads\Chalearn\first-impressions\train\Gg4OMtVe7lk.000.mp4,train
C:\Users\athas\Downloads\Chalearn\first-impressions\train\Gg4OMtVe7lk.001.mp4,train
C:\Users\athas\Downloads\Chalearn\first-impressions\train\Gg4OMtVe7lk.002.mp4,train
C:\Users\athas\Downloads\Chalearn\first-impressions\train\GG9WPQLI_rg.000.mp4,train
C:\Users\athas\Downloads\Chalearn\first-impressions\train\GG9WPQLI_rg.004.mp4,train
C:\Users\athas\Downloads\Chalearn\first-impressions\train\GG9WPQLI_rg.005.mp4,train
C:\Users\athas\Downloads\Chalearn\first-impressions\train\gggp205gPMI.001.mp4,train
C:\Users\athas\Downloads\Chalearn\first-impressions\train\gggp205gPMI.003.mp4,train
C:\Users\athas\Downloads\Chalearn\first-impressions\train\GGiKj4OC2Jk.001.mp4,train
C:\Users\athas\Downloads\Chalearn\first-impressions\train\GHetseJP358.001.mp4,train
C:\Users\athas\Downloads\Chalearn\first-impressions\train\GHetseJP358.004.mp4,train
C:\Users\athas\Downloads\Chalearn\first-impressions\train\gipWTZy9mjI.000.mp4,train
C:\Users\athas\Downloads\Chalearn\first-impressions\train\gipWTZy9mjI.002.mp4,train
C:\Users\athas\Downloads\Chalearn\first-impressions\train\gipWTZy9mjI.003.mp4,train
C:\Users\athas\Downloads\Chalearn\first-impressions\train\gipWTZy9mjI.005.mp4,train
C:\Users\athas\Downloads\Chalearn\first-impressions\train\gj3-xvhPeWg.003.mp4,train
C:\Users\athas\Downloads\Chalearn\first-impressions\train\gj3-xvhPeWg.005.mp4,train
C:\Users\athas\Downloads\Chalearn\first-impressions\train\Gk94xrcmFts.000.mp4,train
C:\Users\athas\Downloads\Chalearn\first-impressions\train\Gk94xrcmFts.002.mp4,train
C:\Users\athas\Downloads\Chalearn\first-impressions\train\Gk94xrcmFts.003.mp4,train
C:\Users\athas\Downloads\Chalearn\first-impressions\train\Gk94xrcmFts.004.mp4,train
C:\Users\athas\Downloads\Chalearn\first-impressions\train\Gk94xrcmFts.005.mp4,train
C:\Users\athas\Downloads\Chalearn\first-impressions\train\GkA0RCMSWF4.000.mp4,train
C:\Users\athas\Downloads\Chalearn\first-impressions\train\gkKHdsF6du4.000.mp4,train
C:\Users\athas\Downloads\Chalearn\first-impressions\train\gkKHdsF6du4.003.mp4,train
C:\Users\athas\Downloads\Chalearn\first-impressions\train\gkKHdsF6du4.004.mp4,train
C:\Users\athas\Downloads\Chalearn\first-impressions\train\GkPz3-y6Les.001.mp4,train
C:\Users\athas\Downloads\Chalearn\first-impressions\train\gktkLqLHMGs.001.mp4,train
C:\Users\athas\Downloads\Chalearn\first-impressions\train\Gl93Hw1A2kY.002.mp4,train
C:\Users\athas\Downloads\Chalearn\first-impressions\train\Gl93Hw1A2kY.003.mp4,train
C:\Users\athas\Downloads\Chalearn\first-impressions\train\Gl93Hw1A2kY.005.mp4,train
C:\Users\athas\Downloads\Chalearn\first-impressions\train\glgfB3vFewc.000.mp4,train
C:\Users\athas\Downloads\Chalearn\first-impressions\train\glgfB3vFewc.002.mp4,train
C:\Users\athas\Downloads\Chalearn\first-impressions\train\glgfB3vFewc.003.mp4,train
C:\Users\athas\Downloads\Chalearn\first-impressions\train\gLtvOEy7m8Q.002.mp4,train
C:\Users\athas\Downloads\Chalearn\first-impressions\train\gLtvOEy7m8Q.005.mp4,train
C:\Users\athas\Downloads\Chalearn\first-impressions\train\GMwEmLo-gfc.000.mp4,train
C:\Users\athas\Downloads\Chalearn\first-impressions\train\GMwEmLo-gfc.002.mp4,train
C:\Users\athas\Downloads\Chalearn\first-impressions\train\GMwEmLo-gfc.003.mp4,train
C:\Users\athas\Downloads\Chalearn\first-impressions\train\GMwEmLo-gfc.004.mp4,train
C:\Users\athas\Downloads\Chalearn\first-impressions\train\gM_KAA-ejJA.005.mp4,train
C:\Users\athas\Downloads\Chalearn\first-impressions\train\gngqDNTAXnI.002.mp4,train
C:\Users\athas\Downloads\Chalearn\first-impressions\train\gngqDNTAXnI.004.mp4,train
C:\Users\athas\Downloads\Chalearn\first-impressions\train\GO6s-qDADuU.004.mp4,train
C:\Users\athas\Downloads\Chalearn\first-impressions\train\GocSYjCaMlA.005.mp4,train
C:\Users\athas\Downloads\Chalearn\first-impressions\train\Gomd4Y8-D2Q.005.mp4,train
C:\Users\athas\Downloads\Chalearn\first-impressions\train\gOS-CneQsxI.003.mp4,train
C:\Users\athas\Downloads\Chalearn\first-impressions\train\gq0yaEv6gSE.000.mp4,train
C:\Users\athas\Downloads\Chalearn\first-impressions\train\gq0yaEv6gSE.002.mp4,train
C:\Users\athas\Downloads\Chalearn\first-impressions\train\GQczMGrVgbc.000.mp4,train
C:\Users\athas\Downloads\Chalearn\first-impressions\train\GQczMGrVgbc.001.mp4,train
C:\Users\athas\Downloads\Chalearn\first-impressions\train\GQczMGrVgbc.002.mp4,train
C:\Users\athas\Downloads\Chalearn\first-impressions\train\GquB5W7bzFo.003.mp4,train
C:\Users\athas\Downloads\Chalearn\first-impressions\train\GR-P1m_Yvm0.000.mp4,train
C:\Users\athas\Downloads\Chalearn\first-impressions\train\GR-P1m_Yvm0.005.mp4,train
C:\Users\athas\Downloads\Chalearn\first-impressions\train\grhDDOLsBho.000.mp4,train
C:\Users\athas\Downloads\Chalearn\first-impressions\train\grhDDOLsBho.002.mp4,train
C:\Users\athas\Downloads\Chalearn\first-impressions\train\grhDDOLsBho.004.mp4,train
C:\Users\athas\Downloads\Chalearn\first-impressions\train\grhDDOLsBho.005.mp4,train
C:\Users\athas\Downloads\Chalearn\first-impressions\train\GRXPm8mmidw.000.mp4,train
C:\Users\athas\Downloads\Chalearn\first-impressions\train\Gs-AdRcYSPo.000.mp4,train
C:\Users\athas\Downloads\Chalearn\first-impressions\train\Gs-AdRcYSPo.001.mp4,train
C:\Users\athas\Downloads\Chalearn\first-impressions\train\Gs-AdRcYSPo.004.mp4,train
C:\Users\athas\Downloads\Chalearn\first-impressions\train\GS7cBLgZKgk.000.mp4,train
C:\Users\athas\Downloads\Chalearn\first-impressions\train\GS7cBLgZKgk.001.mp4,train
C:\Users\athas\Downloads\Chalearn\first-impressions\train\GS7cBLgZKgk.002.mp4,train
C:\Users\athas\Downloads\Chalearn\first-impressions\train\GS7cBLgZKgk.003.mp4,train
C:\Users\athas\Downloads\Chalearn\first-impressions\train\GS7cBLgZKgk.004.mp4,train
C:\Users\athas\Downloads\Chalearn\first-impressions\train\gSCurvS_vWU.004.mp4,train
C:\Users\athas\Downloads\Chalearn\first-impressions\train\gsleSGEZHAs.000.mp4,train
C:\Users\athas\Downloads\Chalearn\first-impressions\train\gsleSGEZHAs.001.mp4,train
C:\Users\athas\Downloads\Chalearn\first-impressions\train\gsleSGEZHAs.002.mp4,train
C:\Users\athas\Downloads\Chalearn\first-impressions\train\gsleSGEZHAs.004.mp4,train
C:\Users\athas\Downloads\Chalearn\first-impressions\train\gsleSGEZHAs.005.mp4,train
C:\Users\athas\Downloads\Chalearn\first-impressions\train\GTmHSF6vNWc.001.mp4,train
C:\Users\athas\Downloads\Chalearn\first-impressions\train\GTmHSF6vNWc.002.mp4,train
C:\Users\athas\Downloads\Chalearn\first-impressions\train\GTmHSF6vNWc.003.mp4,train
C:\Users\athas\Downloads\Chalearn\first-impressions\train\GTmHSF6vNWc.005.mp4,train
C:\Users\athas\Downloads\Chalearn\first-impressions\train\GUxm9AWVpOI.000.mp4,train
C:\Users\athas\Downloads\Chalearn\first-impressions\train\GUxm9AWVpOI.003.mp4,train
C:\Users\athas\Downloads\Chalearn\first-impressions\train\gUyH1qvbOZA.000.mp4,train
C:\Users\athas\Downloads\Chalearn\first-impressions\train\gUyH1qvbOZA.004.mp4,train
C:\Users\athas\Downloads\Chalearn\first-impressions\train\gUyH1qvbOZA.005.mp4,train
C:\Users\athas\Downloads\Chalearn\first-impressions\train\Gvdh94z-SoM.002.mp4,train
C:\Users\athas\Downloads\Chalearn\first-impressions\train\gWCgqVn3m3k.000.mp4,train
C:\Users\athas\Downloads\Chalearn\first-impressions\train\gWCgqVn3m3k.001.mp4,train
C:\Users\athas\Downloads\Chalearn\first-impressions\train\GwKmjEb3qN0.001.mp4,train
C:\Users\athas\Downloads\Chalearn\first-impressions\train\GwKmjEb3qN0.002.mp4,train
C:\Users\athas\Downloads\Chalearn\first-impressions\train\GwKmjEb3qN0.004.mp4,train
C:\Users\athas\Downloads\Chalearn\first-impressions\train\GWOtluILlk4.002.mp4,train
C:\Users\athas\Downloads\Chalearn\first-impressions\train\GWOtluILlk4.003.mp4,train
C:\Users\athas\Downloads\Chalearn\first-impressions\train\GWOtluILlk4.005.mp4,train
C:\Users\athas\Downloads\Chalearn\first-impressions\train\gX20EUUZc9M.004.mp4,train
C:\Users\athas\Downloads\Chalearn\first-impressions\train\GxMxrhiyjO8.005.mp4,train
C:\Users\athas\Downloads\Chalearn\first-impressions\train\GYku69XEoxc.002.mp4,train
C:\Users\athas\Downloads\Chalearn\first-impressions\train\GYku69XEoxc.004.mp4,train
C:\Users\athas\Downloads\Chalearn\first-impressions\train\GyLjVOVPGKQ.001.mp4,train
C:\Users\athas\Downloads\Chalearn\first-impressions\train\GyLjVOVPGKQ.003.mp4,train
C:\Users\athas\Downloads\Chalearn\first-impressions\train\GyLjVOVPGKQ.004.mp4,train
C:\Users\athas\Downloads\Chalearn\first-impressions\train\GyLjVOVPGKQ.005.mp4,train
C:\Users\athas\Downloads\Chalearn\first-impressions\train\gZblxCs4EV4.001.mp4,train
C:\Users\athas\Downloads\Chalearn\first-impressions\train\gZzB49daFfA.003.mp4,train
C:\Users\athas\Downloads\Chalearn\first-impressions\train\gZzB49daFfA.005.mp4,train
C:\Users\athas\Downloads\Chalearn\first-impressions\train\g_UeE-1ghtQ.001.mp4,train
C:\Users\athas\Downloads\Chalearn\first-impressions\train\G_VQne_BXWE.002.mp4,train
C:\Users\athas\Downloads\Chalearn\first-impressions\train\h-jMFLm6U_Y.000.mp4,train
C:\Users\athas\Downloads\Chalearn\first-impressions\train\h-jMFLm6U_Y.004.mp4,train
C:\Users\athas\Downloads\Chalearn\first-impressions\train\H0_4dZMjUow.001.mp4,train
C:\Users\athas\Downloads\Chalearn\first-impressions\train\h2-_bQdTZYY.004.mp4,train
C:\Users\athas\Downloads\Chalearn\first-impressions\train\H6s9aFAQP3M.000.mp4,train
C:\Users\athas\Downloads\Chalearn\first-impressions\train\H6yu96w7tUc.000.mp4,train
C:\Users\athas\Downloads\Chalearn\first-impressions\train\H6yu96w7tUc.002.mp4,train
C:\Users\athas\Downloads\Chalearn\first-impressions\train\H6yu96w7tUc.005.mp4,train
C:\Users\athas\Downloads\Chalearn\first-impressions\train\h7qbP1GS50U.003.mp4,train
C:\Users\athas\Downloads\Chalearn\first-impressions\train\h7qbP1GS50U.004.mp4,train
C:\Users\athas\Downloads\Chalearn\first-impressions\train\H8h4fAGgV18.001.mp4,train
C:\Users\athas\Downloads\Chalearn\first-impressions\train\H8h4fAGgV18.005.mp4,train
C:\Users\athas\Downloads\Chalearn\first-impressions\train\h9jIdLBaMEo.000.mp4,train
C:\Users\athas\Downloads\Chalearn\first-impressions\train\h9jIdLBaMEo.001.mp4,train
C:\Users\athas\Downloads\Chalearn\first-impressions\train\h9jIdLBaMEo.002.mp4,train
C:\Users\athas\Downloads\Chalearn\first-impressions\train\h9jIdLBaMEo.004.mp4,train
C:\Users\athas\Downloads\Chalearn\first-impressions\train\haxhAfuccuE.000.mp4,train
C:\Users\athas\Downloads\Chalearn\first-impressions\train\HbGeoKBULAA.001.mp4,train
C:\Users\athas\Downloads\Chalearn\first-impressions\train\HCkDd0UnUgo.000.mp4,train
C:\Users\athas\Downloads\Chalearn\first-impressions\train\HCkDd0UnUgo.002.mp4,train
C:\Users\athas\Downloads\Chalearn\first-impressions\train\HCkDd0UnUgo.003.mp4,train
C:\Users\athas\Downloads\Chalearn\first-impressions\train\HCkDd0UnUgo.004.mp4,train
C:\Users\athas\Downloads\Chalearn\first-impressions\train\hd2-msVu9-g.000.mp4,train
C:\Users\athas\Downloads\Chalearn\first-impressions\train\hDqsuyVeWmw.000.mp4,train
C:\Users\athas\Downloads\Chalearn\first-impressions\train\hDqsuyVeWmw.004.mp4,train
C:\Users\athas\Downloads\Chalearn\first-impressions\train\heE4ZZXwehI.002.mp4,train
C:\Users\athas\Downloads\Chalearn\first-impressions\train\HegkSmkiBos.005.mp4,train
C:\Users\athas\Downloads\Chalearn\first-impressions\train\HEHMW0uiFa4.000.mp4,train
C:\Users\athas\Downloads\Chalearn\first-impressions\train\HEHMW0uiFa4.002.mp4,train
C:\Users\athas\Downloads\Chalearn\first-impressions\train\HekcZ0Em60E.000.mp4,train
C:\Users\athas\Downloads\Chalearn\first-impressions\train\HekcZ0Em60E.002.mp4,train
C:\Users\athas\Downloads\Chalearn\first-impressions\train\HekcZ0Em60E.004.mp4,train
C:\Users\athas\Downloads\Chalearn\first-impressions\train\HekcZ0Em60E.005.mp4,train
C:\Users\athas\Downloads\Chalearn\first-impressions\train\hF3yR5rmga8.001.mp4,train
C:\Users\athas\Downloads\Chalearn\first-impressions\train\hF3yR5rmga8.003.mp4,train
C:\Users\athas\Downloads\Chalearn\first-impressions\train\hF3yR5rmga8.004.mp4,train
C:\Users\athas\Downloads\Chalearn\first-impressions\train\hfUH9Am-Izs.000.mp4,train
C:\Users\athas\Downloads\Chalearn\first-impressions\train\hG-pwa191bw.000.mp4,train
C:\Users\athas\Downloads\Chalearn\first-impressions\train\hG-pwa191bw.002.mp4,train
C:\Users\athas\Downloads\Chalearn\first-impressions\train\hG0I7DLSSYg.001.mp4,train
C:\Users\athas\Downloads\Chalearn\first-impressions\train\hG0I7DLSSYg.002.mp4,train
C:\Users\athas\Downloads\Chalearn\first-impressions\train\hG0I7DLSSYg.003.mp4,train
C:\Users\athas\Downloads\Chalearn\first-impressions\train\hG0I7DLSSYg.005.mp4,train
C:\Users\athas\Downloads\Chalearn\first-impressions\train\HH03EXo0TB0.001.mp4,train
C:\Users\athas\Downloads\Chalearn\first-impressions\train\HH03EXo0TB0.002.mp4,train
C:\Users\athas\Downloads\Chalearn\first-impressions\train\HH03EXo0TB0.004.mp4,train
C:\Users\athas\Downloads\Chalearn\first-impressions\train\HH14jGFGuL0.005.mp4,train
C:\Users\athas\Downloads\Chalearn\first-impressions\train\HhC2cGFFZeY.000.mp4,train
C:\Users\athas\Downloads\Chalearn\first-impressions\train\HhC2cGFFZeY.001.mp4,train
C:\Users\athas\Downloads\Chalearn\first-impressions\train\HhC2cGFFZeY.005.mp4,train
C:\Users\athas\Downloads\Chalearn\first-impressions\train\hhdoeK8SsiI.000.mp4,train
C:\Users\athas\Downloads\Chalearn\first-impressions\train\hhdoeK8SsiI.001.mp4,train
C:\Users\athas\Downloads\Chalearn\first-impressions\train\hhdoeK8SsiI.002.mp4,train
C:\Users\athas\Downloads\Chalearn\first-impressions\train\hhdoeK8SsiI.003.mp4,train
C:\Users\athas\Downloads\Chalearn\first-impressions\train\hhdoeK8SsiI.005.mp4,train
C:\Users\athas\Downloads\Chalearn\first-impressions\train\hhdzTOyFIo8.001.mp4,train
C:\Users\athas\Downloads\Chalearn\first-impressions\train\hhdzTOyFIo8.002.mp4,train
C:\Users\athas\Downloads\Chalearn\first-impressions\train\hhdzTOyFIo8.003.mp4,train
C:\Users\athas\Downloads\Chalearn\first-impressions\train\hi8A0nUHnL8.003.mp4,train
C:\Users\athas\Downloads\Chalearn\first-impressions\train\hIFNZ_ycngg.001.mp4,train
C:\Users\athas\Downloads\Chalearn\first-impressions\train\hIFNZ_ycngg.002.mp4,train
C:\Users\athas\Downloads\Chalearn\first-impressions\train\hIxLNK_x_QA.002.mp4,train
C:\Users\athas\Downloads\Chalearn\first-impressions\train\hIxLNK_x_QA.005.mp4,train
C:\Users\athas\Downloads\Chalearn\first-impressions\train\HJkoeB_F4c4.000.mp4,train
C:\Users\athas\Downloads\Chalearn\first-impressions\train\HJkoeB_F4c4.001.mp4,train
C:\Users\athas\Downloads\Chalearn\first-impressions\train\hK5lmI9pwck.003.mp4,train
C:\Users\athas\Downloads\Chalearn\first-impressions\train\HkBs4_vaCcs.000.mp4,train
C:\Users\athas\Downloads\Chalearn\first-impressions\train\Hklc55y7vUI.000.mp4,train
C:\Users\athas\Downloads\Chalearn\first-impressions\train\Hklc55y7vUI.005.mp4,train
C:\Users\athas\Downloads\Chalearn\first-impressions\train\HL-K_PZXFR4.005.mp4,train
C:\Users\athas\Downloads\Chalearn\first-impressions\train\hl70w5drc_4.003.mp4,train
C:\Users\athas\Downloads\Chalearn\first-impressions\train\Hm5K_K0v718.000.mp4,train
C:\Users\athas\Downloads\Chalearn\first-impressions\train\Hm5K_K0v718.003.mp4,train
C:\Users\athas\Downloads\Chalearn\first-impressions\train\Hm5K_K0v718.004.mp4,train
C:\Users\athas\Downloads\Chalearn\first-impressions\train\hM96SfN5_F4.004.mp4,train
C:\Users\athas\Downloads\Chalearn\first-impressions\train\hmTY4CubpiE.002.mp4,train
C:\Users\athas\Downloads\Chalearn\first-impressions\train\hmy9XEvT2v4.000.mp4,train
C:\Users\athas\Downloads\Chalearn\first-impressions\train\hmy9XEvT2v4.004.mp4,train
C:\Users\athas\Downloads\Chalearn\first-impressions\train\HNKnvSmTkC4.001.mp4,train
C:\Users\athas\Downloads\Chalearn\first-impressions\train\HNKnvSmTkC4.002.mp4,train
C:\Users\athas\Downloads\Chalearn\first-impressions\train\HNKnvSmTkC4.005.mp4,train
C:\Users\athas\Downloads\Chalearn\first-impressions\train\hnMp0eX28es.001.mp4,train
C:\Users\athas\Downloads\Chalearn\first-impressions\train\hnWMsZEQWt4.001.mp4,train
C:\Users\athas\Downloads\Chalearn\first-impressions\train\hnWMsZEQWt4.003.mp4,train
C:\Users\athas\Downloads\Chalearn\first-impressions\train\HoJXPFp9hYo.000.mp4,train
C:\Users\athas\Downloads\Chalearn\first-impressions\train\HoJXPFp9hYo.004.mp4,train
C:\Users\athas\Downloads\Chalearn\first-impressions\train\HONL8ha-1BE.000.mp4,train
C:\Users\athas\Downloads\Chalearn\first-impressions\train\HONL8ha-1BE.002.mp4,train
C:\Users\athas\Downloads\Chalearn\first-impressions\train\HONL8ha-1BE.003.mp4,train
C:\Users\athas\Downloads\Chalearn\first-impressions\train\HONL8ha-1BE.004.mp4,train
C:\Users\athas\Downloads\Chalearn\first-impressions\train\HONL8ha-1BE.005.mp4,train
C:\Users\athas\Downloads\Chalearn\first-impressions\train\hOXvRgxjfik.000.mp4,train
C:\Users\athas\Downloads\Chalearn\first-impressions\train\hOXvRgxjfik.001.mp4,train
C:\Users\athas\Downloads\Chalearn\first-impressions\train\hOXvRgxjfik.003.mp4,train
C:\Users\athas\Downloads\Chalearn\first-impressions\train\hOXvRgxjfik.004.mp4,train
C:\Users\athas\Downloads\Chalearn\first-impressions\train\HP8f3oqJwz0.000.mp4,train
C:\Users\athas\Downloads\Chalearn\first-impressions\train\HP8f3oqJwz0.001.mp4,train
C:\Users\athas\Downloads\Chalearn\first-impressions\train\HP8f3oqJwz0.002.mp4,train
C:\Users\athas\Downloads\Chalearn\first-impressions\train\HP8f3oqJwz0.003.mp4,train
C:\Users\athas\Downloads\Chalearn\first-impressions\train\HP8f3oqJwz0.005.mp4,train
C:\Users\athas\Downloads\Chalearn\first-impressions\train\HPEemWelY1E.000.mp4,train
C:\Users\athas\Downloads\Chalearn\first-impressions\train\HPEemWelY1E.001.mp4,train
C:\Users\athas\Downloads\Chalearn\first-impressions\train\HPEemWelY1E.002.mp4,train
C:\Users\athas\Downloads\Chalearn\first-impressions\train\HPEemWelY1E.004.mp4,train
C:\Users\athas\Downloads\Chalearn\first-impressions\train\hPguTv1Zvg8.001.mp4,train
C:\Users\athas\Downloads\Chalearn\first-impressions\train\hPguTv1Zvg8.002.mp4,train
C:\Users\athas\Downloads\Chalearn\first-impressions\train\hPguTv1Zvg8.003.mp4,train
C:\Users\athas\Downloads\Chalearn\first-impressions\train\hPguTv1Zvg8.004.mp4,train
C:\Users\athas\Downloads\Chalearn\first-impressions\train\hqe-8SMJGmc.003.mp4,train
C:\Users\athas\Downloads\Chalearn\first-impressions\train\hQImLccateA.002.mp4,train
C:\Users\athas\Downloads\Chalearn\first-impressions\train\hquzfo9MVDo.001.mp4,train
C:\Users\athas\Downloads\Chalearn\first-impressions\train\hquzfo9MVDo.002.mp4,train
C:\Users\athas\Downloads\Chalearn\first-impressions\train\hquzfo9MVDo.003.mp4,train
C:\Users\athas\Downloads\Chalearn\first-impressions\train\HQZD4j8_FR8.003.mp4,train
C:\Users\athas\Downloads\Chalearn\first-impressions\train\hrat_RJczFM.001.mp4,train
C:\Users\athas\Downloads\Chalearn\first-impressions\train\hrat_RJczFM.002.mp4,train
C:\Users\athas\Downloads\Chalearn\first-impressions\train\hrat_RJczFM.004.mp4,train
C:\Users\athas\Downloads\Chalearn\first-impressions\train\HrddpXxWFns.002.mp4,train
C:\Users\athas\Downloads\Chalearn\first-impressions\train\hspeWl-Bip0.002.mp4,train
C:\Users\athas\Downloads\Chalearn\first-impressions\train\hspeWl-Bip0.003.mp4,train
C:\Users\athas\Downloads\Chalearn\first-impressions\train\hspeWl-Bip0.004.mp4,train
C:\Users\athas\Downloads\Chalearn\first-impressions\train\hsXn0N8bAYs.005.mp4,train
C:\Users\athas\Downloads\Chalearn\first-impressions\train\hT83GkLYIFs.001.mp4,train
C:\Users\athas\Downloads\Chalearn\first-impressions\train\hT83GkLYIFs.002.mp4,train
C:\Users\athas\Downloads\Chalearn\first-impressions\train\HTF8k56_Oxo.001.mp4,train
C:\Users\athas\Downloads\Chalearn\first-impressions\train\HTF8k56_Oxo.004.mp4,train
C:\Users\athas\Downloads\Chalearn\first-impressions\train\HTF8k56_Oxo.005.mp4,train
C:\Users\athas\Downloads\Chalearn\first-impressions\train\htH89DBizno.000.mp4,train
C:\Users\athas\Downloads\Chalearn\first-impressions\train\htH89DBizno.001.mp4,train
C:\Users\athas\Downloads\Chalearn\first-impressions\train\htH89DBizno.002.mp4,train
C:\Users\athas\Downloads\Chalearn\first-impressions\train\htH89DBizno.003.mp4,train
C:\Users\athas\Downloads\Chalearn\first-impressions\train\htH89DBizno.005.mp4,train
C:\Users\athas\Downloads\Chalearn\first-impressions\train\HT_8WpgGqjk.000.mp4,train
C:\Users\athas\Downloads\Chalearn\first-impressions\train\HT_8WpgGqjk.001.mp4,train
C:\Users\athas\Downloads\Chalearn\first-impressions\train\HT_8WpgGqjk.003.mp4,train
C:\Users\athas\Downloads\Chalearn\first-impressions\train\HT_8WpgGqjk.004.mp4,train
C:\Users\athas\Downloads\Chalearn\first-impressions\train\HUHFlCs3YJ8.000.mp4,train
C:\Users\athas\Downloads\Chalearn\first-impressions\train\HUHFlCs3YJ8.001.mp4,train
C:\Users\athas\Downloads\Chalearn\first-impressions\train\HUHFlCs3YJ8.003.mp4,train
C:\Users\athas\Downloads\Chalearn\first-impressions\train\HUHFlCs3YJ8.005.mp4,train
C:\Users\athas\Downloads\Chalearn\first-impressions\train\huIQlWsIEvY.000.mp4,train
C:\Users\athas\Downloads\Chalearn\first-impressions\train\huIQlWsIEvY.003.mp4,train
C:\Users\athas\Downloads\Chalearn\first-impressions\train\huIQlWsIEvY.004.mp4,train
C:\Users\athas\Downloads\Chalearn\first-impressions\train\huIQlWsIEvY.005.mp4,train
C:\Users\athas\Downloads\Chalearn\first-impressions\train\HUJt0I1UKzo.000.mp4,train
C:\Users\athas\Downloads\Chalearn\first-impressions\train\HUJt0I1UKzo.001.mp4,train
C:\Users\athas\Downloads\Chalearn\first-impressions\train\HUJt0I1UKzo.002.mp4,train
C:\Users\athas\Downloads\Chalearn\first-impressions\train\HUJt0I1UKzo.003.mp4,train
C:\Users\athas\Downloads\Chalearn\first-impressions\train\HUxtuDE-YNE.003.mp4,train
C:\Users\athas\Downloads\Chalearn\first-impressions\train\HUxtuDE-YNE.004.mp4,train
C:\Users\athas\Downloads\Chalearn\first-impressions\train\HWuh0biZQ_c.000.mp4,train
C:\Users\athas\Downloads\Chalearn\first-impressions\train\HWuh0biZQ_c.001.mp4,train
C:\Users\athas\Downloads\Chalearn\first-impressions\train\HWuh0biZQ_c.002.mp4,train
C:\Users\athas\Downloads\Chalearn\first-impressions\train\HX-3jJdK7HM.001.mp4,train
C:\Users\athas\Downloads\Chalearn\first-impressions\train\HX-3jJdK7HM.004.mp4,train
C:\Users\athas\Downloads\Chalearn\first-impressions\train\hX2TVefa5bQ.002.mp4,train
C:\Users\athas\Downloads\Chalearn\first-impressions\train\hX2TVefa5bQ.005.mp4,train
C:\Users\athas\Downloads\Chalearn\first-impressions\train\hZIGQXercNA.001.mp4,train
C:\Users\athas\Downloads\Chalearn\first-impressions\train\h_GDQ9_H1es.002.mp4,train
C:\Users\athas\Downloads\Chalearn\first-impressions\train\h_kjgcJ_bqU.002.mp4,train
C:\Users\athas\Downloads\Chalearn\first-impressions\train\h_kjgcJ_bqU.003.mp4,train
C:\Users\athas\Downloads\Chalearn\first-impressions\train\h_kjgcJ_bqU.004.mp4,train
C:\Users\athas\Downloads\Chalearn\first-impressions\train\h_kjgcJ_bqU.005.mp4,train
C:\Users\athas\Downloads\Chalearn\first-impressions\train\I01_ubtktEQ.001.mp4,train
C:\Users\athas\Downloads\Chalearn\first-impressions\train\I01_ubtktEQ.003.mp4,train
C:\Users\athas\Downloads\Chalearn\first-impressions\train\I01_ubtktEQ.004.mp4,train
C:\Users\athas\Downloads\Chalearn\first-impressions\train\I01_ubtktEQ.005.mp4,train
C:\Users\athas\Downloads\Chalearn\first-impressions\train\i1cAYtXA2Xs.002.mp4,train
C:\Users\athas\Downloads\Chalearn\first-impressions\train\i1cAYtXA2Xs.003.mp4,train
C:\Users\athas\Downloads\Chalearn\first-impressions\train\i1gouUmZumY.001.mp4,train
C:\Users\athas\Downloads\Chalearn\first-impressions\train\i1gouUmZumY.002.mp4,train
C:\Users\athas\Downloads\Chalearn\first-impressions\train\i1gouUmZumY.003.mp4,train
C:\Users\athas\Downloads\Chalearn\first-impressions\train\i4IVTm3uvoM.000.mp4,train
C:\Users\athas\Downloads\Chalearn\first-impressions\train\i4IVTm3uvoM.002.mp4,train
C:\Users\athas\Downloads\Chalearn\first-impressions\train\i4IVTm3uvoM.005.mp4,train
C:\Users\athas\Downloads\Chalearn\first-impressions\train\I53JQFtiQxM.000.mp4,train
C:\Users\athas\Downloads\Chalearn\first-impressions\train\I5x9T9ftW18.000.mp4,train
C:\Users\athas\Downloads\Chalearn\first-impressions\train\I5x9T9ftW18.004.mp4,train
C:\Users\athas\Downloads\Chalearn\first-impressions\train\I5x9T9ftW18.005.mp4,train
C:\Users\athas\Downloads\Chalearn\first-impressions\train\I8jMoBAMtVA.000.mp4,train
C:\Users\athas\Downloads\Chalearn\first-impressions\train\I8jMoBAMtVA.005.mp4,train
C:\Users\athas\Downloads\Chalearn\first-impressions\train\iaCYb7um0Lw.000.mp4,train
C:\Users\athas\Downloads\Chalearn\first-impressions\train\iAgu-wDe2MQ.000.mp4,train
C:\Users\athas\Downloads\Chalearn\first-impressions\train\iAgu-wDe2MQ.002.mp4,train
C:\Users\athas\Downloads\Chalearn\first-impressions\train\iAgu-wDe2MQ.003.mp4,train
C:\Users\athas\Downloads\Chalearn\first-impressions\train\ibawV2tqKug.001.mp4,train
C:\Users\athas\Downloads\Chalearn\first-impressions\train\ibawV2tqKug.004.mp4,train
C:\Users\athas\Downloads\Chalearn\first-impressions\train\ibawV2tqKug.005.mp4,train
C:\Users\athas\Downloads\Chalearn\first-impressions\train\IBqmyEhgnHM.005.mp4,train
C:\Users\athas\Downloads\Chalearn\first-impressions\train\ic_LECbCm5M.002.mp4,train
C:\Users\athas\Downloads\Chalearn\first-impressions\train\ic_LECbCm5M.004.mp4,train
C:\Users\athas\Downloads\Chalearn\first-impressions\train\idsEawKW4X8.000.mp4,train
C:\Users\athas\Downloads\Chalearn\first-impressions\train\idsEawKW4X8.004.mp4,train
C:\Users\athas\Downloads\Chalearn\first-impressions\train\idsEawKW4X8.005.mp4,train
C:\Users\athas\Downloads\Chalearn\first-impressions\train\Ie2y_yOeKpo.004.mp4,train
C:\Users\athas\Downloads\Chalearn\first-impressions\train\IFF47jVKMj8.002.mp4,train
C:\Users\athas\Downloads\Chalearn\first-impressions\train\IFF47jVKMj8.003.mp4,train
C:\Users\athas\Downloads\Chalearn\first-impressions\train\IFF47jVKMj8.004.mp4,train
C:\Users\athas\Downloads\Chalearn\first-impressions\train\iFSF6v3xw_k.002.mp4,train
C:\Users\athas\Downloads\Chalearn\first-impressions\train\iFSF6v3xw_k.005.mp4,train
C:\Users\athas\Downloads\Chalearn\first-impressions\train\IFXaH_E54iA.002.mp4,train
C:\Users\athas\Downloads\Chalearn\first-impressions\train\IFXaH_E54iA.004.mp4,train
C:\Users\athas\Downloads\Chalearn\first-impressions\train\IFXaH_E54iA.005.mp4,train
C:\Users\athas\Downloads\Chalearn\first-impressions\train\iGBVrJMr62U.000.mp4,train
C:\Users\athas\Downloads\Chalearn\first-impressions\train\iGBVrJMr62U.002.mp4,train
C:\Users\athas\Downloads\Chalearn\first-impressions\train\iGBVrJMr62U.003.mp4,train
C:\Users\athas\Downloads\Chalearn\first-impressions\train\iGBVrJMr62U.005.mp4,train
C:\Users\athas\Downloads\Chalearn\first-impressions\train\iGlLSkRAsJc.000.mp4,train
C:\Users\athas\Downloads\Chalearn\first-impressions\train\iGlLSkRAsJc.003.mp4,train
C:\Users\athas\Downloads\Chalearn\first-impressions\train\iGlLSkRAsJc.004.mp4,train
C:\Users\athas\Downloads\Chalearn\first-impressions\train\iGlLSkRAsJc.005.mp4,train
C:\Users\athas\Downloads\Chalearn\first-impressions\train\ihA8DzHWyiU.001.mp4,train
C:\Users\athas\Downloads\Chalearn\first-impressions\train\ihEFzP5S57g.000.mp4,train
C:\Users\athas\Downloads\Chalearn\first-impressions\train\ihEFzP5S57g.003.mp4,train
C:\Users\athas\Downloads\Chalearn\first-impressions\train\IHJn3UHXCMs.000.mp4,train
C:\Users\athas\Downloads\Chalearn\first-impressions\train\IHJn3UHXCMs.001.mp4,train
C:\Users\athas\Downloads\Chalearn\first-impressions\train\IHJn3UHXCMs.003.mp4,train
C:\Users\athas\Downloads\Chalearn\first-impressions\train\IHJn3UHXCMs.004.mp4,train
C:\Users\athas\Downloads\Chalearn\first-impressions\train\II2KVV-uLNI.000.mp4,train
C:\Users\athas\Downloads\Chalearn\first-impressions\train\II2KVV-uLNI.001.mp4,train
C:\Users\athas\Downloads\Chalearn\first-impressions\train\II2KVV-uLNI.002.mp4,train
C:\Users\athas\Downloads\Chalearn\first-impressions\train\II2KVV-uLNI.003.mp4,train
C:\Users\athas\Downloads\Chalearn\first-impressions\train\II2KVV-uLNI.004.mp4,train
C:\Users\athas\Downloads\Chalearn\first-impressions\train\II2KVV-uLNI.005.mp4,train
C:\Users\athas\Downloads\Chalearn\first-impressions\train\iiW_nu6JITY.001.mp4,train
C:\Users\athas\Downloads\Chalearn\first-impressions\train\iiW_nu6JITY.002.mp4,train
C:\Users\athas\Downloads\Chalearn\first-impressions\train\iiW_nu6JITY.004.mp4,train
C:\Users\athas\Downloads\Chalearn\first-impressions\train\iiW_nu6JITY.005.mp4,train
C:\Users\athas\Downloads\Chalearn\first-impressions\train\iJGHwoJKEpA.002.mp4,train
C:\Users\athas\Downloads\Chalearn\first-impressions\train\iJGHwoJKEpA.003.mp4,train
C:\Users\athas\Downloads\Chalearn\first-impressions\train\IL5VgGakSNw.000.mp4,train
C:\Users\athas\Downloads\Chalearn\first-impressions\train\IL5VgGakSNw.003.mp4,train
C:\Users\athas\Downloads\Chalearn\first-impressions\train\IL5VgGakSNw.005.mp4,train
C:\Users\athas\Downloads\Chalearn\first-impressions\train\iL6lNdRS0ZU.000.mp4,train
C:\Users\athas\Downloads\Chalearn\first-impressions\train\IlbODduDCb4.000.mp4,train
C:\Users\athas\Downloads\Chalearn\first-impressions\train\IlbODduDCb4.001.mp4,train
C:\Users\athas\Downloads\Chalearn\first-impressions\train\IlbODduDCb4.002.mp4,train
C:\Users\athas\Downloads\Chalearn\first-impressions\train\IlbODduDCb4.003.mp4,train
C:\Users\athas\Downloads\Chalearn\first-impressions\train\IlbODduDCb4.004.mp4,train
C:\Users\athas\Downloads\Chalearn\first-impressions\train\IlbODduDCb4.005.mp4,train
C:\Users\athas\Downloads\Chalearn\first-impressions\train\ilOi-sQo9HI.001.mp4,train
C:\Users\athas\Downloads\Chalearn\first-impressions\train\ilOi-sQo9HI.005.mp4,train
C:\Users\athas\Downloads\Chalearn\first-impressions\train\IMCEXoAkZv4.000.mp4,train
C:\Users\athas\Downloads\Chalearn\first-impressions\train\IMCEXoAkZv4.002.mp4,train
C:\Users\athas\Downloads\Chalearn\first-impressions\train\IMCEXoAkZv4.005.mp4,train
C:\Users\athas\Downloads\Chalearn\first-impressions\train\in-HuMgiDCE.001.mp4,train
C:\Users\athas\Downloads\Chalearn\first-impressions\train\in-HuMgiDCE.002.mp4,train
C:\Users\athas\Downloads\Chalearn\first-impressions\train\in-HuMgiDCE.003.mp4,train
C:\Users\athas\Downloads\Chalearn\first-impressions\train\in-HuMgiDCE.004.mp4,train
C:\Users\athas\Downloads\Chalearn\first-impressions\train\io0aNQE8En8.000.mp4,train
C:\Users\athas\Downloads\Chalearn\first-impressions\train\io0aNQE8En8.002.mp4,train
C:\Users\athas\Downloads\Chalearn\first-impressions\train\io0aNQE8En8.003.mp4,train
C:\Users\athas\Downloads\Chalearn\first-impressions\train\io0aNQE8En8.005.mp4,train
C:\Users\athas\Downloads\Chalearn\first-impressions\train\io8dFIfl9Go.000.mp4,train
C:\Users\athas\Downloads\Chalearn\first-impressions\train\ioaBnmfoHgo.000.mp4,train
C:\Users\athas\Downloads\Chalearn\first-impressions\train\iOB65zCiOFM.001.mp4,train
C:\Users\athas\Downloads\Chalearn\first-impressions\train\iOB65zCiOFM.003.mp4,train
C:\Users\athas\Downloads\Chalearn\first-impressions\train\iOv0_RdVPCM.000.mp4,train
C:\Users\athas\Downloads\Chalearn\first-impressions\train\iOv0_RdVPCM.003.mp4,train
C:\Users\athas\Downloads\Chalearn\first-impressions\train\iOv0_RdVPCM.005.mp4,train
C:\Users\athas\Downloads\Chalearn\first-impressions\train\iPblZBQpafs.001.mp4,train
C:\Users\athas\Downloads\Chalearn\first-impressions\train\iPblZBQpafs.002.mp4,train
C:\Users\athas\Downloads\Chalearn\first-impressions\train\iPblZBQpafs.003.mp4,train
C:\Users\athas\Downloads\Chalearn\first-impressions\train\iPblZBQpafs.004.mp4,train
C:\Users\athas\Downloads\Chalearn\first-impressions\train\iPblZBQpafs.005.mp4,train
C:\Users\athas\Downloads\Chalearn\first-impressions\train\IPjl2LdPMn0.000.mp4,train
C:\Users\athas\Downloads\Chalearn\first-impressions\train\IPjl2LdPMn0.003.mp4,train
C:\Users\athas\Downloads\Chalearn\first-impressions\train\IPjl2LdPMn0.004.mp4,train
C:\Users\athas\Downloads\Chalearn\first-impressions\train\ipP--IqIuWU.001.mp4,train
C:\Users\athas\Downloads\Chalearn\first-impressions\train\ipP--IqIuWU.002.mp4,train
C:\Users\athas\Downloads\Chalearn\first-impressions\train\ipP--IqIuWU.003.mp4,train
C:\Users\athas\Downloads\Chalearn\first-impressions\train\Iqbg3CwVpXA.004.mp4,train
C:\Users\athas\Downloads\Chalearn\first-impressions\train\IQdz0Pd-L2Y.001.mp4,train
C:\Users\athas\Downloads\Chalearn\first-impressions\train\IQdz0Pd-L2Y.003.mp4,train
C:\Users\athas\Downloads\Chalearn\first-impressions\train\IQdz0Pd-L2Y.004.mp4,train
C:\Users\athas\Downloads\Chalearn\first-impressions\train\IQdz0Pd-L2Y.005.mp4,train
C:\Users\athas\Downloads\Chalearn\first-impressions\train\IQNNEfYYYiw.005.mp4,train
C:\Users\athas\Downloads\Chalearn\first-impressions\train\iqs7mZbg5UI.001.mp4,train
C:\Users\athas\Downloads\Chalearn\first-impressions\train\iqs7mZbg5UI.005.mp4,train
C:\Users\athas\Downloads\Chalearn\first-impressions\train\iQvoDdxt06M.000.mp4,train
C:\Users\athas\Downloads\Chalearn\first-impressions\train\iQvoDdxt06M.003.mp4,train
C:\Users\athas\Downloads\Chalearn\first-impressions\train\iQvoDdxt06M.005.mp4,train
C:\Users\athas\Downloads\Chalearn\first-impressions\train\isaP2l3rlBQ.001.mp4,train
C:\Users\athas\Downloads\Chalearn\first-impressions\train\isqmQc9AfBc.000.mp4,train
C:\Users\athas\Downloads\Chalearn\first-impressions\train\isqmQc9AfBc.001.mp4,train
C:\Users\athas\Downloads\Chalearn\first-impressions\train\isqmQc9AfBc.003.mp4,train
C:\Users\athas\Downloads\Chalearn\first-impressions\train\isqmQc9AfBc.005.mp4,train
C:\Users\athas\Downloads\Chalearn\first-impressions\train\It0-yCwOc5k.000.mp4,train
C:\Users\athas\Downloads\Chalearn\first-impressions\train\It0-yCwOc5k.002.mp4,train
C:\Users\athas\Downloads\Chalearn\first-impressions\train\It0-yCwOc5k.003.mp4,train
C:\Users\athas\Downloads\Chalearn\first-impressions\train\ItkIHtgVhIk.000.mp4,train
C:\Users\athas\Downloads\Chalearn\first-impressions\train\ItkIHtgVhIk.001.mp4,train
C:\Users\athas\Downloads\Chalearn\first-impressions\train\ItkIHtgVhIk.004.mp4,train
C:\Users\athas\Downloads\Chalearn\first-impressions\train\iuiuZuWtEH8.001.mp4,train
C:\Users\athas\Downloads\Chalearn\first-impressions\train\IV01x2GS61g.000.mp4,train
C:\Users\athas\Downloads\Chalearn\first-impressions\train\ivcVlDXJCDo.000.mp4,train
C:\Users\athas\Downloads\Chalearn\first-impressions\train\ivcVlDXJCDo.001.mp4,train
C:\Users\athas\Downloads\Chalearn\first-impressions\train\ivcVlDXJCDo.002.mp4,train
C:\Users\athas\Downloads\Chalearn\first-impressions\train\ivecmGb711M.001.mp4,train
C:\Users\athas\Downloads\Chalearn\first-impressions\train\IveGfOJ86wY.000.mp4,train
C:\Users\athas\Downloads\Chalearn\first-impressions\train\IveGfOJ86wY.001.mp4,train
C:\Users\athas\Downloads\Chalearn\first-impressions\train\IveGfOJ86wY.002.mp4,train
C:\Users\athas\Downloads\Chalearn\first-impressions\train\IveGfOJ86wY.004.mp4,train
C:\Users\athas\Downloads\Chalearn\first-impressions\train\ivpw58MIRtQ.003.mp4,train
C:\Users\athas\Downloads\Chalearn\first-impressions\train\ivpw58MIRtQ.005.mp4,train
C:\Users\athas\Downloads\Chalearn\first-impressions\train\iW1t-ZiG2rc.000.mp4,train
C:\Users\athas\Downloads\Chalearn\first-impressions\train\iW1t-ZiG2rc.001.mp4,train
C:\Users\athas\Downloads\Chalearn\first-impressions\train\IWAT58l2Chg.001.mp4,train
C:\Users\athas\Downloads\Chalearn\first-impressions\train\IwfA-squ7Oo.000.mp4,train
C:\Users\athas\Downloads\Chalearn\first-impressions\train\IwfA-squ7Oo.001.mp4,train
C:\Users\athas\Downloads\Chalearn\first-impressions\train\IwfA-squ7Oo.002.mp4,train
C:\Users\athas\Downloads\Chalearn\first-impressions\train\IwfA-squ7Oo.004.mp4,train
C:\Users\athas\Downloads\Chalearn\first-impressions\train\IwfA-squ7Oo.005.mp4,train
C:\Users\athas\Downloads\Chalearn\first-impressions\train\iWyAQkMVNfM.003.mp4,train
C:\Users\athas\Downloads\Chalearn\first-impressions\train\iWyAQkMVNfM.004.mp4,train
C:\Users\athas\Downloads\Chalearn\first-impressions\train\iXaqqRE76lI.000.mp4,train
C:\Users\athas\Downloads\Chalearn\first-impressions\train\iXaqqRE76lI.001.mp4,train
C:\Users\athas\Downloads\Chalearn\first-impressions\train\iXaqqRE76lI.003.mp4,train
C:\Users\athas\Downloads\Chalearn\first-impressions\train\ixkHBIX84SE.000.mp4,train
C:\Users\athas\Downloads\Chalearn\first-impressions\train\ixPqs7L8oAE.003.mp4,train
C:\Users\athas\Downloads\Chalearn\first-impressions\train\ixPqs7L8oAE.004.mp4,train
C:\Users\athas\Downloads\Chalearn\first-impressions\train\ixPqs7L8oAE.005.mp4,train
C:\Users\athas\Downloads\Chalearn\first-impressions\train\IXVf5VWxOAg.000.mp4,train
C:\Users\athas\Downloads\Chalearn\first-impressions\train\IXVf5VWxOAg.002.mp4,train
C:\Users\athas\Downloads\Chalearn\first-impressions\train\IXVf5VWxOAg.003.mp4,train
C:\Users\athas\Downloads\Chalearn\first-impressions\train\IXVf5VWxOAg.004.mp4,train
C:\Users\athas\Downloads\Chalearn\first-impressions\train\IXVf5VWxOAg.005.mp4,train
C:\Users\athas\Downloads\Chalearn\first-impressions\train\IyBCZySg-c4.000.mp4,train
C:\Users\athas\Downloads\Chalearn\first-impressions\train\IyBCZySg-c4.001.mp4,train
C:\Users\athas\Downloads\Chalearn\first-impressions\train\IyBCZySg-c4.003.mp4,train
C:\Users\athas\Downloads\Chalearn\first-impressions\train\iYVJt41_q7M.002.mp4,train
C:\Users\athas\Downloads\Chalearn\first-impressions\train\IzKWDY_QNTU.000.mp4,train
C:\Users\athas\Downloads\Chalearn\first-impressions\train\izq1ogkfedI.002.mp4,train
C:\Users\athas\Downloads\Chalearn\first-impressions\train\izq1ogkfedI.004.mp4,train
C:\Users\athas\Downloads\Chalearn\first-impressions\train\izqyworQEEM.000.mp4,train
C:\Users\athas\Downloads\Chalearn\first-impressions\train\izqyworQEEM.001.mp4,train
C:\Users\athas\Downloads\Chalearn\first-impressions\train\izqyworQEEM.002.mp4,train
C:\Users\athas\Downloads\Chalearn\first-impressions\train\IzsP0TRzFbo.002.mp4,train
C:\Users\athas\Downloads\Chalearn\first-impressions\train\I_ncZcYgFjw.000.mp4,train
C:\Users\athas\Downloads\Chalearn\first-impressions\train\I_ncZcYgFjw.002.mp4,train
C:\Users\athas\Downloads\Chalearn\first-impressions\train\j-XUQ3Rmq6w.001.mp4,train
C:\Users\athas\Downloads\Chalearn\first-impressions\train\j-XUQ3Rmq6w.002.mp4,train
C:\Users\athas\Downloads\Chalearn\first-impressions\train\j-XUQ3Rmq6w.003.mp4,train
C:\Users\athas\Downloads\Chalearn\first-impressions\train\j-XUQ3Rmq6w.004.mp4,train
C:\Users\athas\Downloads\Chalearn\first-impressions\train\j-XUQ3Rmq6w.005.mp4,train
C:\Users\athas\Downloads\Chalearn\first-impressions\train\j0dnDXTyUBA.001.mp4,train
C:\Users\athas\Downloads\Chalearn\first-impressions\train\J0I8JzMR4IE.005.mp4,train
C:\Users\athas\Downloads\Chalearn\first-impressions\train\J0JrzUmZGcA.001.mp4,train
C:\Users\athas\Downloads\Chalearn\first-impressions\train\J0JrzUmZGcA.002.mp4,train
C:\Users\athas\Downloads\Chalearn\first-impressions\train\J0JrzUmZGcA.003.mp4,train
C:\Users\athas\Downloads\Chalearn\first-impressions\train\J0JrzUmZGcA.005.mp4,train
C:\Users\athas\Downloads\Chalearn\first-impressions\train\j1idNSoB7tA.000.mp4,train
C:\Users\athas\Downloads\Chalearn\first-impressions\train\J28DwJsK8Do.000.mp4,train
C:\Users\athas\Downloads\Chalearn\first-impressions\train\J28DwJsK8Do.002.mp4,train
C:\Users\athas\Downloads\Chalearn\first-impressions\train\J28DwJsK8Do.003.mp4,train
C:\Users\athas\Downloads\Chalearn\first-impressions\train\J28DwJsK8Do.004.mp4,train
C:\Users\athas\Downloads\Chalearn\first-impressions\train\J30sMEMrKjA.000.mp4,train
C:\Users\athas\Downloads\Chalearn\first-impressions\train\J30sMEMrKjA.001.mp4,train
C:\Users\athas\Downloads\Chalearn\first-impressions\train\J30sMEMrKjA.002.mp4,train
C:\Users\athas\Downloads\Chalearn\first-impressions\train\j3jdT1V-DeI.000.mp4,train
C:\Users\athas\Downloads\Chalearn\first-impressions\train\j3jdT1V-DeI.001.mp4,train
C:\Users\athas\Downloads\Chalearn\first-impressions\train\j3jdT1V-DeI.002.mp4,train
C:\Users\athas\Downloads\Chalearn\first-impressions\train\j3jdT1V-DeI.003.mp4,train
C:\Users\athas\Downloads\Chalearn\first-impressions\train\j3jdT1V-DeI.004.mp4,train
C:\Users\athas\Downloads\Chalearn\first-impressions\train\j3jdT1V-DeI.005.mp4,train
C:\Users\athas\Downloads\Chalearn\first-impressions\train\J4GQm9j0JZ0.000.mp4,train
C:\Users\athas\Downloads\Chalearn\first-impressions\train\J4GQm9j0JZ0.001.mp4,train
C:\Users\athas\Downloads\Chalearn\first-impressions\train\J4GQm9j0JZ0.003.mp4,train
C:\Users\athas\Downloads\Chalearn\first-impressions\train\J4GQm9j0JZ0.005.mp4,train
C:\Users\athas\Downloads\Chalearn\first-impressions\train\j5fXaXrNPoA.000.mp4,train
C:\Users\athas\Downloads\Chalearn\first-impressions\train\j5fXaXrNPoA.004.mp4,train
C:\Users\athas\Downloads\Chalearn\first-impressions\train\j5fXaXrNPoA.005.mp4,train
C:\Users\athas\Downloads\Chalearn\first-impressions\train\j6d-KRDXnUI.001.mp4,train
C:\Users\athas\Downloads\Chalearn\first-impressions\train\J6RHl6U6Jcw.000.mp4,train
C:\Users\athas\Downloads\Chalearn\first-impressions\train\j7VLzb0qw8Q.001.mp4,train
C:\Users\athas\Downloads\Chalearn\first-impressions\train\j7VLzb0qw8Q.004.mp4,train
C:\Users\athas\Downloads\Chalearn\first-impressions\train\J8N2OCqM6N0.001.mp4,train
C:\Users\athas\Downloads\Chalearn\first-impressions\train\J8YpOUmN_aI.000.mp4,train
C:\Users\athas\Downloads\Chalearn\first-impressions\train\J8YpOUmN_aI.001.mp4,train
C:\Users\athas\Downloads\Chalearn\first-impressions\train\J8YpOUmN_aI.003.mp4,train
C:\Users\athas\Downloads\Chalearn\first-impressions\train\J8YpOUmN_aI.005.mp4,train
C:\Users\athas\Downloads\Chalearn\first-impressions\train\J9MfhPoJOaw.003.mp4,train
C:\Users\athas\Downloads\Chalearn\first-impressions\train\J9MfhPoJOaw.004.mp4,train
C:\Users\athas\Downloads\Chalearn\first-impressions\train\J9WyswA0vow.001.mp4,train
C:\Users\athas\Downloads\Chalearn\first-impressions\train\J9WyswA0vow.002.mp4,train
C:\Users\athas\Downloads\Chalearn\first-impressions\train\J9WyswA0vow.003.mp4,train
C:\Users\athas\Downloads\Chalearn\first-impressions\train\jaWY130zc1U.001.mp4,train
C:\Users\athas\Downloads\Chalearn\first-impressions\train\JBdLI6AhJrw.000.mp4,train
C:\Users\athas\Downloads\Chalearn\first-impressions\train\JBdLI6AhJrw.001.mp4,train
C:\Users\athas\Downloads\Chalearn\first-impressions\train\JBdLI6AhJrw.002.mp4,train
C:\Users\athas\Downloads\Chalearn\first-impressions\train\JBiq9X_-r84.000.mp4,train
C:\Users\athas\Downloads\Chalearn\first-impressions\train\JBiq9X_-r84.002.mp4,train
C:\Users\athas\Downloads\Chalearn\first-impressions\train\JBiq9X_-r84.004.mp4,train
C:\Users\athas\Downloads\Chalearn\first-impressions\train\JbXgnjVWEoM.002.mp4,train
C:\Users\athas\Downloads\Chalearn\first-impressions\train\JciLbidX1Q8.003.mp4,train
C:\Users\athas\Downloads\Chalearn\first-impressions\train\JcNmLCtlKok.001.mp4,train
C:\Users\athas\Downloads\Chalearn\first-impressions\train\Jcw9NZkMn6I.004.mp4,train
C:\Users\athas\Downloads\Chalearn\first-impressions\train\jDdRrqRcSzM.000.mp4,train
C:\Users\athas\Downloads\Chalearn\first-impressions\train\jDdRrqRcSzM.001.mp4,train
C:\Users\athas\Downloads\Chalearn\first-impressions\train\jDdRrqRcSzM.002.mp4,train
C:\Users\athas\Downloads\Chalearn\first-impressions\train\jdli4DDP7XM.003.mp4,train
C:\Users\athas\Downloads\Chalearn\first-impressions\train\jdli4DDP7XM.004.mp4,train
C:\Users\athas\Downloads\Chalearn\first-impressions\train\jdli4DDP7XM.005.mp4,train
C:\Users\athas\Downloads\Chalearn\first-impressions\train\JEhC58vobs4.001.mp4,train
C:\Users\athas\Downloads\Chalearn\first-impressions\train\JEualxMkaE4.002.mp4,train
C:\Users\athas\Downloads\Chalearn\first-impressions\train\JEualxMkaE4.003.mp4,train
C:\Users\athas\Downloads\Chalearn\first-impressions\train\JEualxMkaE4.004.mp4,train
C:\Users\athas\Downloads\Chalearn\first-impressions\train\Jf8lqSpAjZ8.001.mp4,train
C:\Users\athas\Downloads\Chalearn\first-impressions\train\Jf8lqSpAjZ8.002.mp4,train
C:\Users\athas\Downloads\Chalearn\first-impressions\train\Jf8lqSpAjZ8.004.mp4,train
C:\Users\athas\Downloads\Chalearn\first-impressions\train\JFKZEGDhcRs.000.mp4,train
C:\Users\athas\Downloads\Chalearn\first-impressions\train\JFKZEGDhcRs.001.mp4,train
C:\Users\athas\Downloads\Chalearn\first-impressions\train\JFKZEGDhcRs.002.mp4,train
C:\Users\athas\Downloads\Chalearn\first-impressions\train\JFKZEGDhcRs.003.mp4,train
C:\Users\athas\Downloads\Chalearn\first-impressions\train\JFKZEGDhcRs.004.mp4,train
C:\Users\athas\Downloads\Chalearn\first-impressions\train\JFKZEGDhcRs.005.mp4,train
C:\Users\athas\Downloads\Chalearn\first-impressions\train\jFx6AEw6viQ.002.mp4,train
C:\Users\athas\Downloads\Chalearn\first-impressions\train\jFx6AEw6viQ.004.mp4,train
C:\Users\athas\Downloads\Chalearn\first-impressions\train\jFx6AEw6viQ.005.mp4,train
C:\Users\athas\Downloads\Chalearn\first-impressions\train\jgyDXrhO3n4.000.mp4,train
C:\Users\athas\Downloads\Chalearn\first-impressions\train\jgyDXrhO3n4.003.mp4,train
C:\Users\athas\Downloads\Chalearn\first-impressions\train\Jh7Wk5fYeMk.001.mp4,train
C:\Users\athas\Downloads\Chalearn\first-impressions\train\Jh7Wk5fYeMk.002.mp4,train
C:\Users\athas\Downloads\Chalearn\first-impressions\train\JhdFmuwquHM.003.mp4,train
C:\Users\athas\Downloads\Chalearn\first-impressions\train\Jhz5ssCKaug.001.mp4,train
C:\Users\athas\Downloads\Chalearn\first-impressions\train\Jhz5ssCKaug.002.mp4,train
C:\Users\athas\Downloads\Chalearn\first-impressions\train\Jhz5ssCKaug.003.mp4,train
C:\Users\athas\Downloads\Chalearn\first-impressions\train\JIR4aPcyrn8.000.mp4,train
C:\Users\athas\Downloads\Chalearn\first-impressions\train\JIR4aPcyrn8.001.mp4,train
C:\Users\athas\Downloads\Chalearn\first-impressions\train\JiXJeI5_jGM.000.mp4,train
C:\Users\athas\Downloads\Chalearn\first-impressions\train\JiXJeI5_jGM.002.mp4,train
C:\Users\athas\Downloads\Chalearn\first-impressions\train\JiXJeI5_jGM.003.mp4,train
C:\Users\athas\Downloads\Chalearn\first-impressions\train\JiXJeI5_jGM.005.mp4,train
C:\Users\athas\Downloads\Chalearn\first-impressions\train\JIYZTruMpiI.000.mp4,train
C:\Users\athas\Downloads\Chalearn\first-impressions\train\JIYZTruMpiI.001.mp4,train
C:\Users\athas\Downloads\Chalearn\first-impressions\train\JIYZTruMpiI.003.mp4,train
C:\Users\athas\Downloads\Chalearn\first-impressions\train\JIYZTruMpiI.005.mp4,train
C:\Users\athas\Downloads\Chalearn\first-impressions\train\jjFzwsootdM.000.mp4,train
C:\Users\athas\Downloads\Chalearn\first-impressions\train\jjFzwsootdM.004.mp4,train
C:\Users\athas\Downloads\Chalearn\first-impressions\train\JJs_HTelie4.002.mp4,train
C:\Users\athas\Downloads\Chalearn\first-impressions\train\JKDEEwxZwrw.001.mp4,train
C:\Users\athas\Downloads\Chalearn\first-impressions\train\JKDEEwxZwrw.005.mp4,train
C:\Users\athas\Downloads\Chalearn\first-impressions\train\jKHaHWuaU14.001.mp4,train
C:\Users\athas\Downloads\Chalearn\first-impressions\train\jlDYn537Pd0.001.mp4,train
C:\Users\athas\Downloads\Chalearn\first-impressions\train\jlDYn537Pd0.002.mp4,train
C:\Users\athas\Downloads\Chalearn\first-impressions\train\jlDYn537Pd0.004.mp4,train
C:\Users\athas\Downloads\Chalearn\first-impressions\train\jlHKgXrxCu8.000.mp4,train
C:\Users\athas\Downloads\Chalearn\first-impressions\train\jlHKgXrxCu8.004.mp4,train
C:\Users\athas\Downloads\Chalearn\first-impressions\train\JlMPF03b8SM.001.mp4,train
C:\Users\athas\Downloads\Chalearn\first-impressions\train\JmAQlC-FEV8.003.mp4,train
C:\Users\athas\Downloads\Chalearn\first-impressions\train\jmbAPNTJ3Vk.002.mp4,train
C:\Users\athas\Downloads\Chalearn\first-impressions\train\jmbAPNTJ3Vk.003.mp4,train
C:\Users\athas\Downloads\Chalearn\first-impressions\train\jmbAPNTJ3Vk.005.mp4,train
C:\Users\athas\Downloads\Chalearn\first-impressions\train\Jn76eAPxjNA.002.mp4,train
C:\Users\athas\Downloads\Chalearn\first-impressions\train\Jn76eAPxjNA.003.mp4,train
C:\Users\athas\Downloads\Chalearn\first-impressions\train\Jn76eAPxjNA.005.mp4,train
C:\Users\athas\Downloads\Chalearn\first-impressions\train\jnEHHvlBgxE.002.mp4,train
C:\Users\athas\Downloads\Chalearn\first-impressions\train\JN_LH6fs868.005.mp4,train
C:\Users\athas\Downloads\Chalearn\first-impressions\train\JO44XCaQGVY.000.mp4,train
C:\Users\athas\Downloads\Chalearn\first-impressions\train\JO44XCaQGVY.003.mp4,train
C:\Users\athas\Downloads\Chalearn\first-impressions\train\JO44XCaQGVY.004.mp4,train
C:\Users\athas\Downloads\Chalearn\first-impressions\train\Jog1-pYOSD0.000.mp4,train
C:\Users\athas\Downloads\Chalearn\first-impressions\train\Jog1-pYOSD0.001.mp4,train
C:\Users\athas\Downloads\Chalearn\first-impressions\train\Jog1-pYOSD0.002.mp4,train
C:\Users\athas\Downloads\Chalearn\first-impressions\train\Jog1-pYOSD0.003.mp4,train
C:\Users\athas\Downloads\Chalearn\first-impressions\train\Jog1-pYOSD0.005.mp4,train
C:\Users\athas\Downloads\Chalearn\first-impressions\train\jolhoLhAurM.001.mp4,train
C:\Users\athas\Downloads\Chalearn\first-impressions\train\jolhoLhAurM.002.mp4,train
C:\Users\athas\Downloads\Chalearn\first-impressions\train\jolhoLhAurM.004.mp4,train
C:\Users\athas\Downloads\Chalearn\first-impressions\train\jolhoLhAurM.005.mp4,train
C:\Users\athas\Downloads\Chalearn\first-impressions\train\joOfhNyKRjE.004.mp4,train
C:\Users\athas\Downloads\Chalearn\first-impressions\train\JoQRNgGQCgY.000.mp4,train
C:\Users\athas\Downloads\Chalearn\first-impressions\train\JoQRNgGQCgY.002.mp4,train
C:\Users\athas\Downloads\Chalearn\first-impressions\train\JoQRNgGQCgY.003.mp4,train
C:\Users\athas\Downloads\Chalearn\first-impressions\train\JoQRNgGQCgY.004.mp4,train
C:\Users\athas\Downloads\Chalearn\first-impressions\train\jOTlJwOBSd4.002.mp4,train
C:\Users\athas\Downloads\Chalearn\first-impressions\train\jOTlJwOBSd4.003.mp4,train
C:\Users\athas\Downloads\Chalearn\first-impressions\train\jOTlJwOBSd4.004.mp4,train
C:\Users\athas\Downloads\Chalearn\first-impressions\train\jOTlJwOBSd4.005.mp4,train
C:\Users\athas\Downloads\Chalearn\first-impressions\train\Jp-Hu7yxqR8.000.mp4,train
C:\Users\athas\Downloads\Chalearn\first-impressions\train\jpbz8CA4RvI.000.mp4,train
C:\Users\athas\Downloads\Chalearn\first-impressions\train\jpbz8CA4RvI.004.mp4,train
C:\Users\athas\Downloads\Chalearn\first-impressions\train\jPpZkVzQywk.000.mp4,train
C:\Users\athas\Downloads\Chalearn\first-impressions\train\jPpZkVzQywk.001.mp4,train
C:\Users\athas\Downloads\Chalearn\first-impressions\train\jPpZkVzQywk.003.mp4,train
C:\Users\athas\Downloads\Chalearn\first-impressions\train\jpPZVmzleAo.001.mp4,train
C:\Users\athas\Downloads\Chalearn\first-impressions\train\jpPZVmzleAo.002.mp4,train
C:\Users\athas\Downloads\Chalearn\first-impressions\train\jpRnHWTLDUs.003.mp4,train
C:\Users\athas\Downloads\Chalearn\first-impressions\train\jpRnHWTLDUs.005.mp4,train
C:\Users\athas\Downloads\Chalearn\first-impressions\train\jpyU48DzGTY.001.mp4,train
C:\Users\athas\Downloads\Chalearn\first-impressions\train\jpyU48DzGTY.002.mp4,train
C:\Users\athas\Downloads\Chalearn\first-impressions\train\jpyU48DzGTY.004.mp4,train
C:\Users\athas\Downloads\Chalearn\first-impressions\train\jpyU48DzGTY.005.mp4,train
C:\Users\athas\Downloads\Chalearn\first-impressions\train\jq1dLOVUQJA.000.mp4,train
C:\Users\athas\Downloads\Chalearn\first-impressions\train\jQRFHBVs0dA.004.mp4,train
C:\Users\athas\Downloads\Chalearn\first-impressions\train\jQRFHBVs0dA.005.mp4,train
C:\Users\athas\Downloads\Chalearn\first-impressions\train\Jr6GmDtvTK0.000.mp4,train
C:\Users\athas\Downloads\Chalearn\first-impressions\train\jrhvXPaXo-0.000.mp4,train
C:\Users\athas\Downloads\Chalearn\first-impressions\train\jSw-grsJCnE.000.mp4,train
C:\Users\athas\Downloads\Chalearn\first-impressions\train\jSw-grsJCnE.003.mp4,train
C:\Users\athas\Downloads\Chalearn\first-impressions\train\jTkEWnuDnbA.001.mp4,train
C:\Users\athas\Downloads\Chalearn\first-impressions\train\jTkEWnuDnbA.002.mp4,train
C:\Users\athas\Downloads\Chalearn\first-impressions\train\jTkEWnuDnbA.004.mp4,train
C:\Users\athas\Downloads\Chalearn\first-impressions\train\JTmq4k4uQCY.000.mp4,train
C:\Users\athas\Downloads\Chalearn\first-impressions\train\JTmq4k4uQCY.001.mp4,train
C:\Users\athas\Downloads\Chalearn\first-impressions\train\JTmq4k4uQCY.002.mp4,train
C:\Users\athas\Downloads\Chalearn\first-impressions\train\JTmq4k4uQCY.003.mp4,train
C:\Users\athas\Downloads\Chalearn\first-impressions\train\ju7N5w4XZ4A.000.mp4,train
C:\Users\athas\Downloads\Chalearn\first-impressions\train\ju7N5w4XZ4A.002.mp4,train
C:\Users\athas\Downloads\Chalearn\first-impressions\train\jub-AHFTH_g.000.mp4,train
C:\Users\athas\Downloads\Chalearn\first-impressions\train\Jv2lyDcOmEM.001.mp4,train
C:\Users\athas\Downloads\Chalearn\first-impressions\train\Jv2lyDcOmEM.002.mp4,train
C:\Users\athas\Downloads\Chalearn\first-impressions\train\Jv2lyDcOmEM.003.mp4,train
C:\Users\athas\Downloads\Chalearn\first-impressions\train\Jv2lyDcOmEM.004.mp4,train
C:\Users\athas\Downloads\Chalearn\first-impressions\train\Jv2lyDcOmEM.005.mp4,train
C:\Users\athas\Downloads\Chalearn\first-impressions\train\jVGTEDAYWZ8.001.mp4,train
C:\Users\athas\Downloads\Chalearn\first-impressions\train\jVGTEDAYWZ8.003.mp4,train
C:\Users\athas\Downloads\Chalearn\first-impressions\train\jvHDFrgu9PA.005.mp4,train
C:\Users\athas\Downloads\Chalearn\first-impressions\train\JVzG-zy9CO0.004.mp4,train
C:\Users\athas\Downloads\Chalearn\first-impressions\train\jwbHWwySJW8.004.mp4,train
C:\Users\athas\Downloads\Chalearn\first-impressions\train\jwcSbw4NDn0.002.mp4,train
C:\Users\athas\Downloads\Chalearn\first-impressions\train\jwcSbw4NDn0.004.mp4,train
C:\Users\athas\Downloads\Chalearn\first-impressions\train\jwcSbw4NDn0.005.mp4,train
C:\Users\athas\Downloads\Chalearn\first-impressions\train\jwPTGuWAnSI.004.mp4,train
C:\Users\athas\Downloads\Chalearn\first-impressions\train\jxoOEkSq0uM.001.mp4,train
C:\Users\athas\Downloads\Chalearn\first-impressions\train\jxt1W2WRNHQ.000.mp4,train
C:\Users\athas\Downloads\Chalearn\first-impressions\train\jxt1W2WRNHQ.002.mp4,train
C:\Users\athas\Downloads\Chalearn\first-impressions\train\jxt1W2WRNHQ.003.mp4,train
C:\Users\athas\Downloads\Chalearn\first-impressions\train\jxt1W2WRNHQ.004.mp4,train
C:\Users\athas\Downloads\Chalearn\first-impressions\train\jxt1W2WRNHQ.005.mp4,train
C:\Users\athas\Downloads\Chalearn\first-impressions\train\JxxF9y61ujA.000.mp4,train
C:\Users\athas\Downloads\Chalearn\first-impressions\train\JxxF9y61ujA.003.mp4,train
C:\Users\athas\Downloads\Chalearn\first-impressions\train\JxxF9y61ujA.004.mp4,train
C:\Users\athas\Downloads\Chalearn\first-impressions\train\JxxF9y61ujA.005.mp4,train
C:\Users\athas\Downloads\Chalearn\first-impressions\train\jz9kgvYbBYA.003.mp4,train
C:\Users\athas\Downloads\Chalearn\first-impressions\train\jz9kgvYbBYA.005.mp4,train
C:\Users\athas\Downloads\Chalearn\first-impressions\train\jZDlFzVUZwY.001.mp4,train
C:\Users\athas\Downloads\Chalearn\first-impressions\train\jZDlFzVUZwY.002.mp4,train
C:\Users\athas\Downloads\Chalearn\first-impressions\train\jZDlFzVUZwY.003.mp4,train
C:\Users\athas\Downloads\Chalearn\first-impressions\train\jZDlFzVUZwY.005.mp4,train
C:\Users\athas\Downloads\Chalearn\first-impressions\train\jZhlaIUFMLc.000.mp4,train
C:\Users\athas\Downloads\Chalearn\first-impressions\train\jZhlaIUFMLc.001.mp4,train
C:\Users\athas\Downloads\Chalearn\first-impressions\train\jZhlaIUFMLc.003.mp4,train
C:\Users\athas\Downloads\Chalearn\first-impressions\train\jZhlaIUFMLc.004.mp4,train
C:\Users\athas\Downloads\Chalearn\first-impressions\train\jZhlaIUFMLc.005.mp4,train
C:\Users\athas\Downloads\Chalearn\first-impressions\train\jZl3Rq1MRQg.000.mp4,train
C:\Users\athas\Downloads\Chalearn\first-impressions\train\jZl3Rq1MRQg.003.mp4,train
C:\Users\athas\Downloads\Chalearn\first-impressions\train\JZNMxa3OKHY.005.mp4,train
C:\Users\athas\Downloads\Chalearn\first-impressions\train\JzXnxQDnwWE.002.mp4,train
C:\Users\athas\Downloads\Chalearn\first-impressions\train\K-fMyzPB7FI.005.mp4,train
C:\Users\athas\Downloads\Chalearn\first-impressions\train\K-iwJMxjyx4.000.mp4,train
C:\Users\athas\Downloads\Chalearn\first-impressions\train\K-iwJMxjyx4.001.mp4,train
C:\Users\athas\Downloads\Chalearn\first-impressions\train\K-iwJMxjyx4.003.mp4,train
C:\Users\athas\Downloads\Chalearn\first-impressions\train\K-iwJMxjyx4.004.mp4,train
C:\Users\athas\Downloads\Chalearn\first-impressions\train\K-iwJMxjyx4.005.mp4,train
C:\Users\athas\Downloads\Chalearn\first-impressions\train\K-Z_mLE8nlo.004.mp4,train
C:\Users\athas\Downloads\Chalearn\first-impressions\train\k1eXxMAfnIY.005.mp4,train
C:\Users\athas\Downloads\Chalearn\first-impressions\train\k2buv6xZ4_o.000.mp4,train
C:\Users\athas\Downloads\Chalearn\first-impressions\train\k2buv6xZ4_o.001.mp4,train
C:\Users\athas\Downloads\Chalearn\first-impressions\train\k2buv6xZ4_o.003.mp4,train
C:\Users\athas\Downloads\Chalearn\first-impressions\train\k2buv6xZ4_o.004.mp4,train
C:\Users\athas\Downloads\Chalearn\first-impressions\train\k2buv6xZ4_o.005.mp4,train
C:\Users\athas\Downloads\Chalearn\first-impressions\train\K3-YXXLR0Ho.000.mp4,train
C:\Users\athas\Downloads\Chalearn\first-impressions\train\k3iu-fhIkeI.000.mp4,train
C:\Users\athas\Downloads\Chalearn\first-impressions\train\k3iu-fhIkeI.002.mp4,train
C:\Users\athas\Downloads\Chalearn\first-impressions\train\k3iu-fhIkeI.003.mp4,train
C:\Users\athas\Downloads\Chalearn\first-impressions\train\k4eeYoHtnnI.000.mp4,train
C:\Users\athas\Downloads\Chalearn\first-impressions\train\k4eeYoHtnnI.001.mp4,train
C:\Users\athas\Downloads\Chalearn\first-impressions\train\k4eeYoHtnnI.004.mp4,train
C:\Users\athas\Downloads\Chalearn\first-impressions\train\k4QmzZuQl9s.003.mp4,train
C:\Users\athas\Downloads\Chalearn\first-impressions\train\k4QmzZuQl9s.004.mp4,train
C:\Users\athas\Downloads\Chalearn\first-impressions\train\K4UcCvZOxWo.001.mp4,train
C:\Users\athas\Downloads\Chalearn\first-impressions\train\K4UcCvZOxWo.004.mp4,train
C:\Users\athas\Downloads\Chalearn\first-impressions\train\K5WDz2jxtuI.000.mp4,train
C:\Users\athas\Downloads\Chalearn\first-impressions\train\K63T9l1xY7U.000.mp4,train
C:\Users\athas\Downloads\Chalearn\first-impressions\train\K63T9l1xY7U.001.mp4,train
C:\Users\athas\Downloads\Chalearn\first-impressions\train\K63T9l1xY7U.003.mp4,train
C:\Users\athas\Downloads\Chalearn\first-impressions\train\K7vBdKrcFKo.001.mp4,train
C:\Users\athas\Downloads\Chalearn\first-impressions\train\k99PI3FGEj0.000.mp4,train
C:\Users\athas\Downloads\Chalearn\first-impressions\train\K9h_wA30XgM.002.mp4,train
C:\Users\athas\Downloads\Chalearn\first-impressions\train\K9U_Z8GdGRo.001.mp4,train
C:\Users\athas\Downloads\Chalearn\first-impressions\train\K9U_Z8GdGRo.005.mp4,train
C:\Users\athas\Downloads\Chalearn\first-impressions\train\K9ZTOb6PbfQ.000.mp4,train
C:\Users\athas\Downloads\Chalearn\first-impressions\train\K9ZTOb6PbfQ.004.mp4,train
C:\Users\athas\Downloads\Chalearn\first-impressions\train\kAbMWBsPKR4.000.mp4,train
C:\Users\athas\Downloads\Chalearn\first-impressions\train\kAbMWBsPKR4.002.mp4,train
C:\Users\athas\Downloads\Chalearn\first-impressions\train\KAGTaM0Z9tA.001.mp4,train
C:\Users\athas\Downloads\Chalearn\first-impressions\train\KAGTaM0Z9tA.004.mp4,train
C:\Users\athas\Downloads\Chalearn\first-impressions\train\KAGTaM0Z9tA.005.mp4,train
C:\Users\athas\Downloads\Chalearn\first-impressions\train\KahSwziq8F0.000.mp4,train
C:\Users\athas\Downloads\Chalearn\first-impressions\train\KahSwziq8F0.001.mp4,train
C:\Users\athas\Downloads\Chalearn\first-impressions\train\KahSwziq8F0.002.mp4,train
C:\Users\athas\Downloads\Chalearn\first-impressions\train\KahSwziq8F0.003.mp4,train
C:\Users\athas\Downloads\Chalearn\first-impressions\train\KahSwziq8F0.004.mp4,train
C:\Users\athas\Downloads\Chalearn\first-impressions\train\kAjPHyfol4w.001.mp4,train
C:\Users\athas\Downloads\Chalearn\first-impressions\train\kAjPHyfol4w.004.mp4,train
C:\Users\athas\Downloads\Chalearn\first-impressions\train\kAjvzIWWrWA.002.mp4,train
C:\Users\athas\Downloads\Chalearn\first-impressions\train\kAjvzIWWrWA.003.mp4,train
C:\Users\athas\Downloads\Chalearn\first-impressions\train\kAjvzIWWrWA.005.mp4,train
C:\Users\athas\Downloads\Chalearn\first-impressions\train\kare8QF7vrE.000.mp4,train
C:\Users\athas\Downloads\Chalearn\first-impressions\train\KB09jENVJ_0.002.mp4,train
C:\Users\athas\Downloads\Chalearn\first-impressions\train\KB09jENVJ_0.004.mp4,train
C:\Users\athas\Downloads\Chalearn\first-impressions\train\Kbcvurfuvhk.000.mp4,train
C:\Users\athas\Downloads\Chalearn\first-impressions\train\Kbcvurfuvhk.002.mp4,train
C:\Users\athas\Downloads\Chalearn\first-impressions\train\Kbcvurfuvhk.004.mp4,train
C:\Users\athas\Downloads\Chalearn\first-impressions\train\kcHvO5ins50.002.mp4,train
C:\Users\athas\Downloads\Chalearn\first-impressions\train\kcHvO5ins50.003.mp4,train
C:\Users\athas\Downloads\Chalearn\first-impressions\train\KD9rExmTXcE.005.mp4,train
C:\Users\athas\Downloads\Chalearn\first-impressions\train\kDInh1O8p5w.005.mp4,train
C:\Users\athas\Downloads\Chalearn\first-impressions\train\kDJigDGDJTo.000.mp4,train
C:\Users\athas\Downloads\Chalearn\first-impressions\train\kDJigDGDJTo.001.mp4,train
C:\Users\athas\Downloads\Chalearn\first-impressions\train\kDJigDGDJTo.003.mp4,train
C:\Users\athas\Downloads\Chalearn\first-impressions\train\kDJigDGDJTo.005.mp4,train
C:\Users\athas\Downloads\Chalearn\first-impressions\train\KdMiQUWNByk.001.mp4,train
C:\Users\athas\Downloads\Chalearn\first-impressions\train\kDP6_hiBR0o.002.mp4,train
C:\Users\athas\Downloads\Chalearn\first-impressions\train\kDP6_hiBR0o.003.mp4,train
C:\Users\athas\Downloads\Chalearn\first-impressions\train\kDP6_hiBR0o.005.mp4,train
C:\Users\athas\Downloads\Chalearn\first-impressions\train\kdPRPO3wgg0.000.mp4,train
C:\Users\athas\Downloads\Chalearn\first-impressions\train\kdPRPO3wgg0.001.mp4,train
C:\Users\athas\Downloads\Chalearn\first-impressions\train\kdPRPO3wgg0.004.mp4,train
C:\Users\athas\Downloads\Chalearn\first-impressions\train\KDwpjQiIfjY.000.mp4,train
C:\Users\athas\Downloads\Chalearn\first-impressions\train\KDwpjQiIfjY.003.mp4,train
C:\Users\athas\Downloads\Chalearn\first-impressions\train\KDwpjQiIfjY.005.mp4,train
C:\Users\athas\Downloads\Chalearn\first-impressions\train\kDXYolv-8p8.000.mp4,train
C:\Users\athas\Downloads\Chalearn\first-impressions\train\kDXYolv-8p8.002.mp4,train
C:\Users\athas\Downloads\Chalearn\first-impressions\train\kDXYolv-8p8.003.mp4,train
C:\Users\athas\Downloads\Chalearn\first-impressions\train\kDXYolv-8p8.005.mp4,train
C:\Users\athas\Downloads\Chalearn\first-impressions\train\keGXYAcUXmA.001.mp4,train
C:\Users\athas\Downloads\Chalearn\first-impressions\train\keGXYAcUXmA.002.mp4,train
C:\Users\athas\Downloads\Chalearn\first-impressions\train\keGXYAcUXmA.005.mp4,train
C:\Users\athas\Downloads\Chalearn\first-impressions\train\keW8-eSiQ70.003.mp4,train
C:\Users\athas\Downloads\Chalearn\first-impressions\train\kFak4VnRnRM.001.mp4,train
C:\Users\athas\Downloads\Chalearn\first-impressions\train\kFak4VnRnRM.004.mp4,train
C:\Users\athas\Downloads\Chalearn\first-impressions\train\kFak4VnRnRM.005.mp4,train
C:\Users\athas\Downloads\Chalearn\first-impressions\train\KfurkMyjD-c.001.mp4,train
C:\Users\athas\Downloads\Chalearn\first-impressions\train\KfurkMyjD-c.002.mp4,train
C:\Users\athas\Downloads\Chalearn\first-impressions\train\KfurkMyjD-c.003.mp4,train
C:\Users\athas\Downloads\Chalearn\first-impressions\train\KfurkMyjD-c.004.mp4,train
C:\Users\athas\Downloads\Chalearn\first-impressions\train\Kga18VO9VwY.000.mp4,train
C:\Users\athas\Downloads\Chalearn\first-impressions\train\Kga18VO9VwY.002.mp4,train
C:\Users\athas\Downloads\Chalearn\first-impressions\train\KGRUaRe3r7I.001.mp4,train
C:\Users\athas\Downloads\Chalearn\first-impressions\train\KGRUaRe3r7I.002.mp4,train
C:\Users\athas\Downloads\Chalearn\first-impressions\train\KGRUaRe3r7I.005.mp4,train
C:\Users\athas\Downloads\Chalearn\first-impressions\train\khCsAN1Bk_I.000.mp4,train
C:\Users\athas\Downloads\Chalearn\first-impressions\train\khCsAN1Bk_I.001.mp4,train
C:\Users\athas\Downloads\Chalearn\first-impressions\train\khCsAN1Bk_I.002.mp4,train
C:\Users\athas\Downloads\Chalearn\first-impressions\train\kHK5PkwJS7Y.003.mp4,train
C:\Users\athas\Downloads\Chalearn\first-impressions\train\KhMsmtSC5Lg.000.mp4,train
C:\Users\athas\Downloads\Chalearn\first-impressions\train\KhMsmtSC5Lg.001.mp4,train
C:\Users\athas\Downloads\Chalearn\first-impressions\train\KhMsmtSC5Lg.005.mp4,train
C:\Users\athas\Downloads\Chalearn\first-impressions\train\KHQJhOzdrYo.002.mp4,train
C:\Users\athas\Downloads\Chalearn\first-impressions\train\KHQJhOzdrYo.003.mp4,train
C:\Users\athas\Downloads\Chalearn\first-impressions\train\KHQJhOzdrYo.004.mp4,train
C:\Users\athas\Downloads\Chalearn\first-impressions\train\KIhpjwf5uAA.000.mp4,train
C:\Users\athas\Downloads\Chalearn\first-impressions\train\KIhpjwf5uAA.001.mp4,train
C:\Users\athas\Downloads\Chalearn\first-impressions\train\KIhpjwf5uAA.002.mp4,train
C:\Users\athas\Downloads\Chalearn\first-impressions\train\KIhpjwf5uAA.003.mp4,train
C:\Users\athas\Downloads\Chalearn\first-impressions\train\KIJ9IYETe38.001.mp4,train
C:\Users\athas\Downloads\Chalearn\first-impressions\train\KIJ9IYETe38.002.mp4,train
C:\Users\athas\Downloads\Chalearn\first-impressions\train\KIJ9IYETe38.003.mp4,train
C:\Users\athas\Downloads\Chalearn\first-impressions\train\KiM9P_FJVHg.004.mp4,train
C:\Users\athas\Downloads\Chalearn\first-impressions\train\KiM9P_FJVHg.005.mp4,train
C:\Users\athas\Downloads\Chalearn\first-impressions\train\KJ643kfjqLY.001.mp4,train
C:\Users\athas\Downloads\Chalearn\first-impressions\train\KJ643kfjqLY.002.mp4,train
C:\Users\athas\Downloads\Chalearn\first-impressions\train\KJ643kfjqLY.003.mp4,train
C:\Users\athas\Downloads\Chalearn\first-impressions\train\kJLeYUobR0M.001.mp4,train
C:\Users\athas\Downloads\Chalearn\first-impressions\train\KJP4SKS2vtY.000.mp4,train
C:\Users\athas\Downloads\Chalearn\first-impressions\train\KJP4SKS2vtY.003.mp4,train
C:\Users\athas\Downloads\Chalearn\first-impressions\train\kK4QL7pOrhs.002.mp4,train
C:\Users\athas\Downloads\Chalearn\first-impressions\train\kK4QL7pOrhs.003.mp4,train
C:\Users\athas\Downloads\Chalearn\first-impressions\train\kK534gUcRF4.004.mp4,train
C:\Users\athas\Downloads\Chalearn\first-impressions\train\kKRc2aXzQyM.002.mp4,train
C:\Users\athas\Downloads\Chalearn\first-impressions\train\kKRc2aXzQyM.004.mp4,train
C:\Users\athas\Downloads\Chalearn\first-impressions\train\kL-CeaXG9jM.000.mp4,train
C:\Users\athas\Downloads\Chalearn\first-impressions\train\kL-CeaXG9jM.001.mp4,train
C:\Users\athas\Downloads\Chalearn\first-impressions\train\kL-CeaXG9jM.002.mp4,train
C:\Users\athas\Downloads\Chalearn\first-impressions\train\kL-CeaXG9jM.004.mp4,train
C:\Users\athas\Downloads\Chalearn\first-impressions\train\KLY518hfGhU.000.mp4,train
C:\Users\athas\Downloads\Chalearn\first-impressions\train\KLY518hfGhU.001.mp4,train
C:\Users\athas\Downloads\Chalearn\first-impressions\train\KLY518hfGhU.004.mp4,train
C:\Users\athas\Downloads\Chalearn\first-impressions\train\KLY518hfGhU.005.mp4,train
C:\Users\athas\Downloads\Chalearn\first-impressions\train\KM6Nc_VipyQ.001.mp4,train
C:\Users\athas\Downloads\Chalearn\first-impressions\train\KM6Nc_VipyQ.005.mp4,train
C:\Users\athas\Downloads\Chalearn\first-impressions\train\KmHe8urs3LI.002.mp4,train
C:\Users\athas\Downloads\Chalearn\first-impressions\train\KmHe8urs3LI.003.mp4,train
C:\Users\athas\Downloads\Chalearn\first-impressions\train\KmHe8urs3LI.005.mp4,train
C:\Users\athas\Downloads\Chalearn\first-impressions\train\Kmrd1MsZKmQ.000.mp4,train
C:\Users\athas\Downloads\Chalearn\first-impressions\train\Kmrd1MsZKmQ.001.mp4,train
C:\Users\athas\Downloads\Chalearn\first-impressions\train\Kmrd1MsZKmQ.002.mp4,train
C:\Users\athas\Downloads\Chalearn\first-impressions\train\Kmrd1MsZKmQ.003.mp4,train
C:\Users\athas\Downloads\Chalearn\first-impressions\train\kmV6Qtv0amA.001.mp4,train
C:\Users\athas\Downloads\Chalearn\first-impressions\train\kmV6Qtv0amA.003.mp4,train
C:\Users\athas\Downloads\Chalearn\first-impressions\train\kmV6Qtv0amA.005.mp4,train
C:\Users\athas\Downloads\Chalearn\first-impressions\train\kn6I8LdQFN0.004.mp4,train
C:\Users\athas\Downloads\Chalearn\first-impressions\train\kN9cs2nFhM4.002.mp4,train
C:\Users\athas\Downloads\Chalearn\first-impressions\train\kN9cs2nFhM4.003.mp4,train
C:\Users\athas\Downloads\Chalearn\first-impressions\train\kN9cs2nFhM4.004.mp4,train
C:\Users\athas\Downloads\Chalearn\first-impressions\train\kN9cs2nFhM4.005.mp4,train
C:\Users\athas\Downloads\Chalearn\first-impressions\train\KnbEca4Ibwk.000.mp4,train
C:\Users\athas\Downloads\Chalearn\first-impressions\train\KnbEca4Ibwk.002.mp4,train
C:\Users\athas\Downloads\Chalearn\first-impressions\train\KnbEca4Ibwk.005.mp4,train
C:\Users\athas\Downloads\Chalearn\first-impressions\train\knK0zyX8bS4.004.mp4,train
C:\Users\athas\Downloads\Chalearn\first-impressions\train\KNOHhnRMpSw.000.mp4,train
C:\Users\athas\Downloads\Chalearn\first-impressions\train\KNOHhnRMpSw.001.mp4,train
C:\Users\athas\Downloads\Chalearn\first-impressions\train\KNOHhnRMpSw.002.mp4,train
C:\Users\athas\Downloads\Chalearn\first-impressions\train\KNOHhnRMpSw.003.mp4,train
C:\Users\athas\Downloads\Chalearn\first-impressions\train\KNOHhnRMpSw.005.mp4,train
C:\Users\athas\Downloads\Chalearn\first-impressions\train\knpgk7LAMb0.000.mp4,train
C:\Users\athas\Downloads\Chalearn\first-impressions\train\knpgk7LAMb0.002.mp4,train
C:\Users\athas\Downloads\Chalearn\first-impressions\train\knpgk7LAMb0.005.mp4,train
C:\Users\athas\Downloads\Chalearn\first-impressions\train\kN_bFMVnfzY.001.mp4,train
C:\Users\athas\Downloads\Chalearn\first-impressions\train\KO7ZGXwPu-Y.000.mp4,train
C:\Users\athas\Downloads\Chalearn\first-impressions\train\KO7ZGXwPu-Y.002.mp4,train
C:\Users\athas\Downloads\Chalearn\first-impressions\train\kp3c66Igyr8.001.mp4,train
C:\Users\athas\Downloads\Chalearn\first-impressions\train\kp3c66Igyr8.002.mp4,train
C:\Users\athas\Downloads\Chalearn\first-impressions\train\kp3c66Igyr8.004.mp4,train
C:\Users\athas\Downloads\Chalearn\first-impressions\train\kp3c66Igyr8.005.mp4,train
C:\Users\athas\Downloads\Chalearn\first-impressions\train\kPife9TY9Pw.000.mp4,train
C:\Users\athas\Downloads\Chalearn\first-impressions\train\kPJzHs5jclg.001.mp4,train
C:\Users\athas\Downloads\Chalearn\first-impressions\train\KppCIwj0hC4.000.mp4,train
C:\Users\athas\Downloads\Chalearn\first-impressions\train\KppCIwj0hC4.002.mp4,train
C:\Users\athas\Downloads\Chalearn\first-impressions\train\KppCIwj0hC4.004.mp4,train
C:\Users\athas\Downloads\Chalearn\first-impressions\train\kppgmuWEv-A.000.mp4,train
C:\Users\athas\Downloads\Chalearn\first-impressions\train\kppgmuWEv-A.001.mp4,train
C:\Users\athas\Downloads\Chalearn\first-impressions\train\kppgmuWEv-A.003.mp4,train
C:\Users\athas\Downloads\Chalearn\first-impressions\train\kppgmuWEv-A.004.mp4,train
C:\Users\athas\Downloads\Chalearn\first-impressions\train\kppgmuWEv-A.005.mp4,train
C:\Users\athas\Downloads\Chalearn\first-impressions\train\KpTHRBaYny8.001.mp4,train
C:\Users\athas\Downloads\Chalearn\first-impressions\train\KpTHRBaYny8.005.mp4,train
C:\Users\athas\Downloads\Chalearn\first-impressions\train\Kpto8K_B-5A.002.mp4,train
C:\Users\athas\Downloads\Chalearn\first-impressions\train\Kpto8K_B-5A.004.mp4,train
C:\Users\athas\Downloads\Chalearn\first-impressions\train\Kpto8K_B-5A.005.mp4,train
C:\Users\athas\Downloads\Chalearn\first-impressions\train\kPXVZD3ac8s.005.mp4,train
C:\Users\athas\Downloads\Chalearn\first-impressions\train\Kq-c6lqGNlo.000.mp4,train
C:\Users\athas\Downloads\Chalearn\first-impressions\train\Kq-c6lqGNlo.001.mp4,train
C:\Users\athas\Downloads\Chalearn\first-impressions\train\Kq-c6lqGNlo.002.mp4,train
C:\Users\athas\Downloads\Chalearn\first-impressions\train\Kq-c6lqGNlo.004.mp4,train
C:\Users\athas\Downloads\Chalearn\first-impressions\train\Kq-c6lqGNlo.005.mp4,train
C:\Users\athas\Downloads\Chalearn\first-impressions\train\kQ8HhrysfaA.003.mp4,train
C:\Users\athas\Downloads\Chalearn\first-impressions\train\kQ8HhrysfaA.005.mp4,train
C:\Users\athas\Downloads\Chalearn\first-impressions\train\KRo-x2uoHUg.003.mp4,train
C:\Users\athas\Downloads\Chalearn\first-impressions\train\krTAAqQ8_A8.005.mp4,train
C:\Users\athas\Downloads\Chalearn\first-impressions\train\ksCoS_ghDfM.000.mp4,train
C:\Users\athas\Downloads\Chalearn\first-impressions\train\ksCoS_ghDfM.002.mp4,train
C:\Users\athas\Downloads\Chalearn\first-impressions\train\kSk-rf7a1Ig.000.mp4,train
C:\Users\athas\Downloads\Chalearn\first-impressions\train\kSk-rf7a1Ig.001.mp4,train
C:\Users\athas\Downloads\Chalearn\first-impressions\train\kSk-rf7a1Ig.003.mp4,train
C:\Users\athas\Downloads\Chalearn\first-impressions\train\KsToJAKi7xQ.000.mp4,train
C:\Users\athas\Downloads\Chalearn\first-impressions\train\KTdbKiGFzJY.000.mp4,train
C:\Users\athas\Downloads\Chalearn\first-impressions\train\KTdbKiGFzJY.003.mp4,train
C:\Users\athas\Downloads\Chalearn\first-impressions\train\KtY6C83o2rs.004.mp4,train
C:\Users\athas\Downloads\Chalearn\first-impressions\train\KtY6C83o2rs.005.mp4,train
C:\Users\athas\Downloads\Chalearn\first-impressions\train\kUpkeJDcxaE.000.mp4,train
C:\Users\athas\Downloads\Chalearn\first-impressions\train\kUpkeJDcxaE.002.mp4,train
C:\Users\athas\Downloads\Chalearn\first-impressions\train\kUpkeJDcxaE.003.mp4,train
C:\Users\athas\Downloads\Chalearn\first-impressions\train\kUv0BJQmKq0.000.mp4,train
C:\Users\athas\Downloads\Chalearn\first-impressions\train\kUv0BJQmKq0.001.mp4,train
C:\Users\athas\Downloads\Chalearn\first-impressions\train\kUv0BJQmKq0.002.mp4,train
C:\Users\athas\Downloads\Chalearn\first-impressions\train\kUv0BJQmKq0.003.mp4,train
C:\Users\athas\Downloads\Chalearn\first-impressions\train\Kv0kZgqZEM0.003.mp4,train
C:\Users\athas\Downloads\Chalearn\first-impressions\train\Kv0kZgqZEM0.004.mp4,train
C:\Users\athas\Downloads\Chalearn\first-impressions\train\kV7MFI2_ddo.000.mp4,train
C:\Users\athas\Downloads\Chalearn\first-impressions\train\kV7MFI2_ddo.002.mp4,train
C:\Users\athas\Downloads\Chalearn\first-impressions\train\kV7MFI2_ddo.005.mp4,train
C:\Users\athas\Downloads\Chalearn\first-impressions\train\KVepk_9iPEU.002.mp4,train
C:\Users\athas\Downloads\Chalearn\first-impressions\train\kwcpINU9LLk.001.mp4,train
C:\Users\athas\Downloads\Chalearn\first-impressions\train\kwcpINU9LLk.004.mp4,train
C:\Users\athas\Downloads\Chalearn\first-impressions\train\kX-o1qmgWvc.002.mp4,train
C:\Users\athas\Downloads\Chalearn\first-impressions\train\kX-o1qmgWvc.004.mp4,train
C:\Users\athas\Downloads\Chalearn\first-impressions\train\kxlqIrk0WnY.002.mp4,train
C:\Users\athas\Downloads\Chalearn\first-impressions\train\KXUERmhPyr8.002.mp4,train
C:\Users\athas\Downloads\Chalearn\first-impressions\train\KXUERmhPyr8.004.mp4,train
C:\Users\athas\Downloads\Chalearn\first-impressions\train\KXUERmhPyr8.005.mp4,train
C:\Users\athas\Downloads\Chalearn\first-impressions\train\KYkfjIZEScM.005.mp4,train
C:\Users\athas\Downloads\Chalearn\first-impressions\train\kyq-X4IFMtw.001.mp4,train
C:\Users\athas\Downloads\Chalearn\first-impressions\train\KYvbRwTCtaU.000.mp4,train
C:\Users\athas\Downloads\Chalearn\first-impressions\train\KYvbRwTCtaU.001.mp4,train
C:\Users\athas\Downloads\Chalearn\first-impressions\train\KYvbRwTCtaU.002.mp4,train
C:\Users\athas\Downloads\Chalearn\first-impressions\train\KYvbRwTCtaU.003.mp4,train
C:\Users\athas\Downloads\Chalearn\first-impressions\train\KYvbRwTCtaU.005.mp4,train
C:\Users\athas\Downloads\Chalearn\first-impressions\train\KYvMsMLNGvY.005.mp4,train
C:\Users\athas\Downloads\Chalearn\first-impressions\train\kY_4WyAXxrQ.000.mp4,train
C:\Users\athas\Downloads\Chalearn\first-impressions\train\kY_4WyAXxrQ.003.mp4,train
C:\Users\athas\Downloads\Chalearn\first-impressions\train\kY_4WyAXxrQ.004.mp4,train
C:\Users\athas\Downloads\Chalearn\first-impressions\train\kzDQXSGGomg.002.mp4,train
C:\Users\athas\Downloads\Chalearn\first-impressions\train\kzDQXSGGomg.004.mp4,train
C:\Users\athas\Downloads\Chalearn\first-impressions\train\kzDQXSGGomg.005.mp4,train
C:\Users\athas\Downloads\Chalearn\first-impressions\train\L-C1blPD_ec.000.mp4,train
C:\Users\athas\Downloads\Chalearn\first-impressions\train\L-C1blPD_ec.001.mp4,train
C:\Users\athas\Downloads\Chalearn\first-impressions\train\L-C1blPD_ec.004.mp4,train
C:\Users\athas\Downloads\Chalearn\first-impressions\train\L-C1blPD_ec.005.mp4,train
C:\Users\athas\Downloads\Chalearn\first-impressions\train\L-rmZZP_wj8.003.mp4,train
C:\Users\athas\Downloads\Chalearn\first-impressions\train\L-rmZZP_wj8.004.mp4,train
C:\Users\athas\Downloads\Chalearn\first-impressions\train\l-WgXcGLdZk.002.mp4,train
C:\Users\athas\Downloads\Chalearn\first-impressions\train\l-WgXcGLdZk.003.mp4,train
C:\Users\athas\Downloads\Chalearn\first-impressions\train\l-WgXcGLdZk.004.mp4,train
C:\Users\athas\Downloads\Chalearn\first-impressions\train\l-WgXcGLdZk.005.mp4,train
C:\Users\athas\Downloads\Chalearn\first-impressions\train\l0qApUuiDjo.005.mp4,train
C:\Users\athas\Downloads\Chalearn\first-impressions\train\l1L61qbiV2U.001.mp4,train
C:\Users\athas\Downloads\Chalearn\first-impressions\train\l1V-DuJ-WgU.000.mp4,train
C:\Users\athas\Downloads\Chalearn\first-impressions\train\l1V-DuJ-WgU.002.mp4,train
C:\Users\athas\Downloads\Chalearn\first-impressions\train\l1V-DuJ-WgU.004.mp4,train
C:\Users\athas\Downloads\Chalearn\first-impressions\train\l2YS_qsF7SQ.004.mp4,train
C:\Users\athas\Downloads\Chalearn\first-impressions\train\l3IoZ_QmOQo.001.mp4,train
C:\Users\athas\Downloads\Chalearn\first-impressions\train\l3IoZ_QmOQo.004.mp4,train
C:\Users\athas\Downloads\Chalearn\first-impressions\train\l3MXBCviqE8.004.mp4,train
C:\Users\athas\Downloads\Chalearn\first-impressions\train\l3RE0rN7oEg.001.mp4,train
C:\Users\athas\Downloads\Chalearn\first-impressions\train\l3RE0rN7oEg.003.mp4,train
C:\Users\athas\Downloads\Chalearn\first-impressions\train\L4Jlm0vGsvc.000.mp4,train
C:\Users\athas\Downloads\Chalearn\first-impressions\train\L4Jlm0vGsvc.002.mp4,train
C:\Users\athas\Downloads\Chalearn\first-impressions\train\L4Jlm0vGsvc.004.mp4,train
C:\Users\athas\Downloads\Chalearn\first-impressions\train\L5kpy0SA7os.000.mp4,train
C:\Users\athas\Downloads\Chalearn\first-impressions\train\L5kpy0SA7os.003.mp4,train
C:\Users\athas\Downloads\Chalearn\first-impressions\train\L5kpy0SA7os.005.mp4,train
C:\Users\athas\Downloads\Chalearn\first-impressions\train\L5PkZA1ErYY.002.mp4,train
C:\Users\athas\Downloads\Chalearn\first-impressions\train\L5PkZA1ErYY.005.mp4,train
C:\Users\athas\Downloads\Chalearn\first-impressions\train\L7HDCG2PsII.001.mp4,train
C:\Users\athas\Downloads\Chalearn\first-impressions\train\L7HDCG2PsII.003.mp4,train
C:\Users\athas\Downloads\Chalearn\first-impressions\train\l7U3YDIOE_s.000.mp4,train
C:\Users\athas\Downloads\Chalearn\first-impressions\train\l7U3YDIOE_s.003.mp4,train
C:\Users\athas\Downloads\Chalearn\first-impressions\train\l8weBJSCHbA.000.mp4,train
C:\Users\athas\Downloads\Chalearn\first-impressions\train\l8weBJSCHbA.001.mp4,train
C:\Users\athas\Downloads\Chalearn\first-impressions\train\l8weBJSCHbA.002.mp4,train
C:\Users\athas\Downloads\Chalearn\first-impressions\train\l8weBJSCHbA.003.mp4,train
C:\Users\athas\Downloads\Chalearn\first-impressions\train\l8weBJSCHbA.005.mp4,train
C:\Users\athas\Downloads\Chalearn\first-impressions\train\L9sG80PI1Gw.003.mp4,train
C:\Users\athas\Downloads\Chalearn\first-impressions\train\lAJWoIcgXlU.000.mp4,train
C:\Users\athas\Downloads\Chalearn\first-impressions\train\lAJWoIcgXlU.001.mp4,train
C:\Users\athas\Downloads\Chalearn\first-impressions\train\laPGbkC87us.004.mp4,train
C:\Users\athas\Downloads\Chalearn\first-impressions\train\LaxnVuOM6kE.002.mp4,train
C:\Users\athas\Downloads\Chalearn\first-impressions\train\lAy2z5PN80E.000.mp4,train
C:\Users\athas\Downloads\Chalearn\first-impressions\train\lAy2z5PN80E.001.mp4,train
C:\Users\athas\Downloads\Chalearn\first-impressions\train\LBKbubsgpE8.001.mp4,train
C:\Users\athas\Downloads\Chalearn\first-impressions\train\LBKbubsgpE8.003.mp4,train
C:\Users\athas\Downloads\Chalearn\first-impressions\train\LBrmHHzyIiY.000.mp4,train
C:\Users\athas\Downloads\Chalearn\first-impressions\train\LBrmHHzyIiY.001.mp4,train
C:\Users\athas\Downloads\Chalearn\first-impressions\train\LBrmHHzyIiY.002.mp4,train
C:\Users\athas\Downloads\Chalearn\first-impressions\train\LBrmHHzyIiY.003.mp4,train
C:\Users\athas\Downloads\Chalearn\first-impressions\train\LCafv-LfC3Y.000.mp4,train
C:\Users\athas\Downloads\Chalearn\first-impressions\train\LCafv-LfC3Y.001.mp4,train
C:\Users\athas\Downloads\Chalearn\first-impressions\train\LCafv-LfC3Y.003.mp4,train
C:\Users\athas\Downloads\Chalearn\first-impressions\train\LCafv-LfC3Y.004.mp4,train
C:\Users\athas\Downloads\Chalearn\first-impressions\train\lCWWjATDrRM.003.mp4,train
C:\Users\athas\Downloads\Chalearn\first-impressions\train\ld7mBR4v3yU.001.mp4,train
C:\Users\athas\Downloads\Chalearn\first-impressions\train\ld7mBR4v3yU.002.mp4,train
C:\Users\athas\Downloads\Chalearn\first-impressions\train\ldq15dfuaLg.001.mp4,train
C:\Users\athas\Downloads\Chalearn\first-impressions\train\LeQKH1vAVpg.001.mp4,train
C:\Users\athas\Downloads\Chalearn\first-impressions\train\LeQKH1vAVpg.003.mp4,train
C:\Users\athas\Downloads\Chalearn\first-impressions\train\LeQKH1vAVpg.004.mp4,train
C:\Users\athas\Downloads\Chalearn\first-impressions\train\LeQKH1vAVpg.005.mp4,train
C:\Users\athas\Downloads\Chalearn\first-impressions\train\lErjGxBb1Bk.002.mp4,train
C:\Users\athas\Downloads\Chalearn\first-impressions\train\lErjGxBb1Bk.004.mp4,train
C:\Users\athas\Downloads\Chalearn\first-impressions\train\leslBYwG8kc.002.mp4,train
C:\Users\athas\Downloads\Chalearn\first-impressions\train\LeuT6NgJ6N8.004.mp4,train
C:\Users\athas\Downloads\Chalearn\first-impressions\train\LfvTKoMYLEE.004.mp4,train
C:\Users\athas\Downloads\Chalearn\first-impressions\train\LGdzP-r_G3U.001.mp4,train
C:\Users\athas\Downloads\Chalearn\first-impressions\train\LGdzP-r_G3U.004.mp4,train
C:\Users\athas\Downloads\Chalearn\first-impressions\train\LGdzP-r_G3U.005.mp4,train
C:\Users\athas\Downloads\Chalearn\first-impressions\train\LGgx7RVdL2Y.000.mp4,train
C:\Users\athas\Downloads\Chalearn\first-impressions\train\LGgx7RVdL2Y.002.mp4,train
C:\Users\athas\Downloads\Chalearn\first-impressions\train\LGgx7RVdL2Y.004.mp4,train
C:\Users\athas\Downloads\Chalearn\first-impressions\train\LGgx7RVdL2Y.005.mp4,train
C:\Users\athas\Downloads\Chalearn\first-impressions\train\lGIHEaCvWEA.000.mp4,train
C:\Users\athas\Downloads\Chalearn\first-impressions\train\LglT6Gp5oQg.003.mp4,train
C:\Users\athas\Downloads\Chalearn\first-impressions\train\LGPm8ok6kVo.001.mp4,train
C:\Users\athas\Downloads\Chalearn\first-impressions\train\LHV4HNK35pM.001.mp4,train
C:\Users\athas\Downloads\Chalearn\first-impressions\train\LHV4HNK35pM.005.mp4,train
C:\Users\athas\Downloads\Chalearn\first-impressions\train\liRQoL7SsPw.001.mp4,train
C:\Users\athas\Downloads\Chalearn\first-impressions\train\Lj1WuMXFa-4.001.mp4,train
C:\Users\athas\Downloads\Chalearn\first-impressions\train\Lj1WuMXFa-4.002.mp4,train
C:\Users\athas\Downloads\Chalearn\first-impressions\train\Lj1WuMXFa-4.004.mp4,train
C:\Users\athas\Downloads\Chalearn\first-impressions\train\lK1HFH7j93c.000.mp4,train
C:\Users\athas\Downloads\Chalearn\first-impressions\train\Lk6Ts7y4OPY.000.mp4,train
C:\Users\athas\Downloads\Chalearn\first-impressions\train\LKBoLbWHJYI.002.mp4,train
C:\Users\athas\Downloads\Chalearn\first-impressions\train\LKBoLbWHJYI.003.mp4,train
C:\Users\athas\Downloads\Chalearn\first-impressions\train\LKc69Et2Jg8.004.mp4,train
C:\Users\athas\Downloads\Chalearn\first-impressions\train\lkdQjIunxSE.000.mp4,train
C:\Users\athas\Downloads\Chalearn\first-impressions\train\lkdQjIunxSE.002.mp4,train
C:\Users\athas\Downloads\Chalearn\first-impressions\train\lkdQjIunxSE.003.mp4,train
C:\Users\athas\Downloads\Chalearn\first-impressions\train\lKePJbjYiy0.000.mp4,train
C:\Users\athas\Downloads\Chalearn\first-impressions\train\lKePJbjYiy0.002.mp4,train
C:\Users\athas\Downloads\Chalearn\first-impressions\train\lkeXyB-3Gs0.001.mp4,train
C:\Users\athas\Downloads\Chalearn\first-impressions\train\LKqN07ryM5I.001.mp4,train
C:\Users\athas\Downloads\Chalearn\first-impressions\train\LKqN07ryM5I.004.mp4,train
C:\Users\athas\Downloads\Chalearn\first-impressions\train\LKqO2BhfAvM.002.mp4,train
C:\Users\athas\Downloads\Chalearn\first-impressions\train\LKvxVEI8uVA.001.mp4,train
C:\Users\athas\Downloads\Chalearn\first-impressions\train\LKvxVEI8uVA.004.mp4,train
C:\Users\athas\Downloads\Chalearn\first-impressions\train\lLKwlPLdYig.000.mp4,train
C:\Users\athas\Downloads\Chalearn\first-impressions\train\lLKwlPLdYig.001.mp4,train
C:\Users\athas\Downloads\Chalearn\first-impressions\train\lLObIVKYDUI.000.mp4,train
C:\Users\athas\Downloads\Chalearn\first-impressions\train\lLObIVKYDUI.004.mp4,train
C:\Users\athas\Downloads\Chalearn\first-impressions\train\lLObIVKYDUI.005.mp4,train
C:\Users\athas\Downloads\Chalearn\first-impressions\train\LLP-oZfo8oE.002.mp4,train
C:\Users\athas\Downloads\Chalearn\first-impressions\train\LLP-oZfo8oE.003.mp4,train
C:\Users\athas\Downloads\Chalearn\first-impressions\train\LLP-oZfo8oE.004.mp4,train
C:\Users\athas\Downloads\Chalearn\first-impressions\train\LLP-oZfo8oE.005.mp4,train
C:\Users\athas\Downloads\Chalearn\first-impressions\train\lLWOcztaIBI.000.mp4,train
C:\Users\athas\Downloads\Chalearn\first-impressions\train\lLWOcztaIBI.001.mp4,train
C:\Users\athas\Downloads\Chalearn\first-impressions\train\lLWOcztaIBI.002.mp4,train
C:\Users\athas\Downloads\Chalearn\first-impressions\train\lLWOcztaIBI.003.mp4,train
C:\Users\athas\Downloads\Chalearn\first-impressions\train\lLWOcztaIBI.004.mp4,train
C:\Users\athas\Downloads\Chalearn\first-impressions\train\ll_chn4R32Y.000.mp4,train
C:\Users\athas\Downloads\Chalearn\first-impressions\train\LmA23EIaXqg.000.mp4,train
C:\Users\athas\Downloads\Chalearn\first-impressions\train\LmA23EIaXqg.001.mp4,train
C:\Users\athas\Downloads\Chalearn\first-impressions\train\LmA23EIaXqg.003.mp4,train
C:\Users\athas\Downloads\Chalearn\first-impressions\train\LmA23EIaXqg.005.mp4,train
C:\Users\athas\Downloads\Chalearn\first-impressions\train\lmz3nj1VLzY.003.mp4,train
C:\Users\athas\Downloads\Chalearn\first-impressions\train\lnawWqnGpMc.000.mp4,train
C:\Users\athas\Downloads\Chalearn\first-impressions\train\lnawWqnGpMc.002.mp4,train
C:\Users\athas\Downloads\Chalearn\first-impressions\train\lnawWqnGpMc.004.mp4,train
C:\Users\athas\Downloads\Chalearn\first-impressions\train\lnawWqnGpMc.005.mp4,train
C:\Users\athas\Downloads\Chalearn\first-impressions\train\lNaZ4aJaiBU.000.mp4,train
C:\Users\athas\Downloads\Chalearn\first-impressions\train\LNiiKncirQA.000.mp4,train
C:\Users\athas\Downloads\Chalearn\first-impressions\train\LNM1i-a9q_A.002.mp4,train
C:\Users\athas\Downloads\Chalearn\first-impressions\train\LNM1i-a9q_A.004.mp4,train
C:\Users\athas\Downloads\Chalearn\first-impressions\train\lNY0BdE4NqY.000.mp4,train
C:\Users\athas\Downloads\Chalearn\first-impressions\train\lNY0BdE4NqY.004.mp4,train
C:\Users\athas\Downloads\Chalearn\first-impressions\train\LP5N5uPfTdA.004.mp4,train
C:\Users\athas\Downloads\Chalearn\first-impressions\train\LP5N5uPfTdA.005.mp4,train
C:\Users\athas\Downloads\Chalearn\first-impressions\train\Lq4uvcHNiy8.000.mp4,train
C:\Users\athas\Downloads\Chalearn\first-impressions\train\Lq4uvcHNiy8.001.mp4,train
C:\Users\athas\Downloads\Chalearn\first-impressions\train\Lq4uvcHNiy8.002.mp4,train
C:\Users\athas\Downloads\Chalearn\first-impressions\train\Lq4uvcHNiy8.003.mp4,train
C:\Users\athas\Downloads\Chalearn\first-impressions\train\LqtBNNM2jIw.004.mp4,train
C:\Users\athas\Downloads\Chalearn\first-impressions\train\LRczShwIVbM.004.mp4,train
C:\Users\athas\Downloads\Chalearn\first-impressions\train\LRczShwIVbM.005.mp4,train
C:\Users\athas\Downloads\Chalearn\first-impressions\train\LRU4jLhKaak.003.mp4,train
C:\Users\athas\Downloads\Chalearn\first-impressions\train\LsPKxJgefks.003.mp4,train
C:\Users\athas\Downloads\Chalearn\first-impressions\train\LsPKxJgefks.004.mp4,train
C:\Users\athas\Downloads\Chalearn\first-impressions\train\LsqAIHhFpLE.002.mp4,train
C:\Users\athas\Downloads\Chalearn\first-impressions\train\LSqijVxP0EM.000.mp4,train
C:\Users\athas\Downloads\Chalearn\first-impressions\train\LSqijVxP0EM.001.mp4,train
C:\Users\athas\Downloads\Chalearn\first-impressions\train\LSqijVxP0EM.002.mp4,train
C:\Users\athas\Downloads\Chalearn\first-impressions\train\LSqijVxP0EM.004.mp4,train
C:\Users\athas\Downloads\Chalearn\first-impressions\train\lsVwEApsljU.003.mp4,train
C:\Users\athas\Downloads\Chalearn\first-impressions\train\lsVwEApsljU.005.mp4,train
C:\Users\athas\Downloads\Chalearn\first-impressions\train\lsXw8u4QXIU.001.mp4,train
C:\Users\athas\Downloads\Chalearn\first-impressions\train\Lt89YrQHF_w.002.mp4,train
C:\Users\athas\Downloads\Chalearn\first-impressions\train\Lt89YrQHF_w.004.mp4,train
C:\Users\athas\Downloads\Chalearn\first-impressions\train\Lt89YrQHF_w.005.mp4,train
C:\Users\athas\Downloads\Chalearn\first-impressions\train\LtBYojIGYEc.000.mp4,train
C:\Users\athas\Downloads\Chalearn\first-impressions\train\LtBYojIGYEc.001.mp4,train
C:\Users\athas\Downloads\Chalearn\first-impressions\train\LtBYojIGYEc.003.mp4,train
C:\Users\athas\Downloads\Chalearn\first-impressions\train\Lu9UNCSpQZM.003.mp4,train
C:\Users\athas\Downloads\Chalearn\first-impressions\train\Lu9UNCSpQZM.004.mp4,train
C:\Users\athas\Downloads\Chalearn\first-impressions\train\luH2RoZW-eY.001.mp4,train
C:\Users\athas\Downloads\Chalearn\first-impressions\train\luH2RoZW-eY.003.mp4,train
C:\Users\athas\Downloads\Chalearn\first-impressions\train\LuLUAwn0aWU.000.mp4,train
C:\Users\athas\Downloads\Chalearn\first-impressions\train\LuLUAwn0aWU.001.mp4,train
C:\Users\athas\Downloads\Chalearn\first-impressions\train\LuLUAwn0aWU.002.mp4,train
C:\Users\athas\Downloads\Chalearn\first-impressions\train\LuLUAwn0aWU.003.mp4,train
C:\Users\athas\Downloads\Chalearn\first-impressions\train\LuLUAwn0aWU.004.mp4,train
C:\Users\athas\Downloads\Chalearn\first-impressions\train\LuLUAwn0aWU.005.mp4,train
C:\Users\athas\Downloads\Chalearn\first-impressions\train\lvae9lRUugE.000.mp4,train
C:\Users\athas\Downloads\Chalearn\first-impressions\train\lvae9lRUugE.003.mp4,train
C:\Users\athas\Downloads\Chalearn\first-impressions\train\lvae9lRUugE.004.mp4,train
C:\Users\athas\Downloads\Chalearn\first-impressions\train\lvae9lRUugE.005.mp4,train
C:\Users\athas\Downloads\Chalearn\first-impressions\train\LvpUVPQKWcQ.005.mp4,train
C:\Users\athas\Downloads\Chalearn\first-impressions\train\LWO2ZhalAEY.004.mp4,train
C:\Users\athas\Downloads\Chalearn\first-impressions\train\LWO2ZhalAEY.005.mp4,train
C:\Users\athas\Downloads\Chalearn\first-impressions\train\LWylAwr9kJI.001.mp4,train
C:\Users\athas\Downloads\Chalearn\first-impressions\train\LWylAwr9kJI.002.mp4,train
C:\Users\athas\Downloads\Chalearn\first-impressions\train\LWylAwr9kJI.004.mp4,train
C:\Users\athas\Downloads\Chalearn\first-impressions\train\lWz3uSk1qms.000.mp4,train
C:\Users\athas\Downloads\Chalearn\first-impressions\train\lx6A8s_Ega8.000.mp4,train
C:\Users\athas\Downloads\Chalearn\first-impressions\train\lx6A8s_Ega8.003.mp4,train
C:\Users\athas\Downloads\Chalearn\first-impressions\train\LXmwDq89LdA.000.mp4,train
C:\Users\athas\Downloads\Chalearn\first-impressions\train\LXmwDq89LdA.002.mp4,train
C:\Users\athas\Downloads\Chalearn\first-impressions\train\LXmwDq89LdA.005.mp4,train
C:\Users\athas\Downloads\Chalearn\first-impressions\train\lxnV9X8T2Zc.000.mp4,train
C:\Users\athas\Downloads\Chalearn\first-impressions\train\lxnV9X8T2Zc.003.mp4,train
C:\Users\athas\Downloads\Chalearn\first-impressions\train\lxnV9X8T2Zc.004.mp4,train
C:\Users\athas\Downloads\Chalearn\first-impressions\train\lyznxF-Pj6g.001.mp4,train
C:\Users\athas\Downloads\Chalearn\first-impressions\train\lyZZSU1ziCQ.001.mp4,train
C:\Users\athas\Downloads\Chalearn\first-impressions\train\lyZZSU1ziCQ.002.mp4,train
C:\Users\athas\Downloads\Chalearn\first-impressions\train\lyZZSU1ziCQ.003.mp4,train
C:\Users\athas\Downloads\Chalearn\first-impressions\train\lyZZSU1ziCQ.005.mp4,train
C:\Users\athas\Downloads\Chalearn\first-impressions\train\ly_0m16694Q.000.mp4,train
C:\Users\athas\Downloads\Chalearn\first-impressions\train\ly_0m16694Q.003.mp4,train
C:\Users\athas\Downloads\Chalearn\first-impressions\train\Lz3hYPF6aIM.000.mp4,train
C:\Users\athas\Downloads\Chalearn\first-impressions\train\Lz3hYPF6aIM.003.mp4,train
C:\Users\athas\Downloads\Chalearn\first-impressions\train\Lz3hYPF6aIM.004.mp4,train
C:\Users\athas\Downloads\Chalearn\first-impressions\train\Lz3hYPF6aIM.005.mp4,train
C:\Users\athas\Downloads\Chalearn\first-impressions\train\Lz3suTodXQM.002.mp4,train
C:\Users\athas\Downloads\Chalearn\first-impressions\train\Lz3suTodXQM.005.mp4,train
C:\Users\athas\Downloads\Chalearn\first-impressions\train\LzT4m85N17o.002.mp4,train
C:\Users\athas\Downloads\Chalearn\first-impressions\train\L_gmlaz-0s4.001.mp4,train
C:\Users\athas\Downloads\Chalearn\first-impressions\train\L_gmlaz-0s4.003.mp4,train
C:\Users\athas\Downloads\Chalearn\first-impressions\train\L_gmlaz-0s4.005.mp4,train
C:\Users\athas\Downloads\Chalearn\first-impressions\train\M-SuraqmC9s.000.mp4,train
C:\Users\athas\Downloads\Chalearn\first-impressions\train\m04e9ylCoK0.000.mp4,train
C:\Users\athas\Downloads\Chalearn\first-impressions\train\m04e9ylCoK0.003.mp4,train
C:\Users\athas\Downloads\Chalearn\first-impressions\train\m0iznoJi8hw.001.mp4,train
C:\Users\athas\Downloads\Chalearn\first-impressions\train\m0iznoJi8hw.002.mp4,train
C:\Users\athas\Downloads\Chalearn\first-impressions\train\m0iznoJi8hw.003.mp4,train
C:\Users\athas\Downloads\Chalearn\first-impressions\train\M0O87_LiyMw.001.mp4,train
C:\Users\athas\Downloads\Chalearn\first-impressions\train\M0O87_LiyMw.002.mp4,train
C:\Users\athas\Downloads\Chalearn\first-impressions\train\M0O87_LiyMw.004.mp4,train
C:\Users\athas\Downloads\Chalearn\first-impressions\train\M0O87_LiyMw.005.mp4,train
C:\Users\athas\Downloads\Chalearn\first-impressions\train\m0tNIKbEwHE.003.mp4,train
C:\Users\athas\Downloads\Chalearn\first-impressions\train\m0tNIKbEwHE.004.mp4,train
C:\Users\athas\Downloads\Chalearn\first-impressions\train\M0U48Lm33A8.000.mp4,train
C:\Users\athas\Downloads\Chalearn\first-impressions\train\M0U48Lm33A8.001.mp4,train
C:\Users\athas\Downloads\Chalearn\first-impressions\train\M0U48Lm33A8.002.mp4,train
C:\Users\athas\Downloads\Chalearn\first-impressions\train\M0U48Lm33A8.003.mp4,train
C:\Users\athas\Downloads\Chalearn\first-impressions\train\M0U48Lm33A8.004.mp4,train
C:\Users\athas\Downloads\Chalearn\first-impressions\train\M0U48Lm33A8.005.mp4,train
C:\Users\athas\Downloads\Chalearn\first-impressions\train\M20gRMBy-4I.000.mp4,train
C:\Users\athas\Downloads\Chalearn\first-impressions\train\m2uxFfpb5xU.001.mp4,train
C:\Users\athas\Downloads\Chalearn\first-impressions\train\m2uxFfpb5xU.005.mp4,train
C:\Users\athas\Downloads\Chalearn\first-impressions\train\M39PNQ8Omhc.001.mp4,train
C:\Users\athas\Downloads\Chalearn\first-impressions\train\M39PNQ8Omhc.005.mp4,train
C:\Users\athas\Downloads\Chalearn\first-impressions\train\m3z_a0l0FRk.000.mp4,train
C:\Users\athas\Downloads\Chalearn\first-impressions\train\m3z_a0l0FRk.002.mp4,train
C:\Users\athas\Downloads\Chalearn\first-impressions\train\m4-vvEeWP8s.000.mp4,train
C:\Users\athas\Downloads\Chalearn\first-impressions\train\m4-vvEeWP8s.001.mp4,train
C:\Users\athas\Downloads\Chalearn\first-impressions\train\m4-vvEeWP8s.002.mp4,train
C:\Users\athas\Downloads\Chalearn\first-impressions\train\m4KKYcD6CZw.002.mp4,train
C:\Users\athas\Downloads\Chalearn\first-impressions\train\m4KKYcD6CZw.003.mp4,train
C:\Users\athas\Downloads\Chalearn\first-impressions\train\m4ZmRZCv6VA.005.mp4,train
C:\Users\athas\Downloads\Chalearn\first-impressions\train\m536hegSuKI.002.mp4,train
C:\Users\athas\Downloads\Chalearn\first-impressions\train\m536hegSuKI.004.mp4,train
C:\Users\athas\Downloads\Chalearn\first-impressions\train\M56UFrEgXnI.004.mp4,train
C:\Users\athas\Downloads\Chalearn\first-impressions\train\m5kTITzj1bY.001.mp4,train
C:\Users\athas\Downloads\Chalearn\first-impressions\train\m5kTITzj1bY.005.mp4,train
C:\Users\athas\Downloads\Chalearn\first-impressions\train\M5_x5J-H2I0.001.mp4,train
C:\Users\athas\Downloads\Chalearn\first-impressions\train\M5_x5J-H2I0.003.mp4,train
C:\Users\athas\Downloads\Chalearn\first-impressions\train\m6JOFpKvkE0.001.mp4,train
C:\Users\athas\Downloads\Chalearn\first-impressions\train\m7zdWVDT-34.001.mp4,train
C:\Users\athas\Downloads\Chalearn\first-impressions\train\m7zdWVDT-34.002.mp4,train
C:\Users\athas\Downloads\Chalearn\first-impressions\train\m7zdWVDT-34.004.mp4,train
C:\Users\athas\Downloads\Chalearn\first-impressions\train\m7zdWVDT-34.005.mp4,train
C:\Users\athas\Downloads\Chalearn\first-impressions\train\M9nVAfSPOZ8.005.mp4,train
C:\Users\athas\Downloads\Chalearn\first-impressions\train\maDObxiOQRo.000.mp4,train
C:\Users\athas\Downloads\Chalearn\first-impressions\train\maDObxiOQRo.003.mp4,train
C:\Users\athas\Downloads\Chalearn\first-impressions\train\MajYvFTkKnk.002.mp4,train
C:\Users\athas\Downloads\Chalearn\first-impressions\train\MajYvFTkKnk.003.mp4,train
C:\Users\athas\Downloads\Chalearn\first-impressions\train\MajYvFTkKnk.004.mp4,train
C:\Users\athas\Downloads\Chalearn\first-impressions\train\MajYvFTkKnk.005.mp4,train
C:\Users\athas\Downloads\Chalearn\first-impressions\train\mBdVuEXRlfQ.000.mp4,train
C:\Users\athas\Downloads\Chalearn\first-impressions\train\mBdVuEXRlfQ.001.mp4,train
C:\Users\athas\Downloads\Chalearn\first-impressions\train\MBgwyWKYWVM.002.mp4,train
C:\Users\athas\Downloads\Chalearn\first-impressions\train\mBJTwQsDC4M.002.mp4,train
C:\Users\athas\Downloads\Chalearn\first-impressions\train\mBJTwQsDC4M.003.mp4,train
C:\Users\athas\Downloads\Chalearn\first-impressions\train\MbufNmC0JL0.004.mp4,train
C:\Users\athas\Downloads\Chalearn\first-impressions\train\MbunPsukPnQ.001.mp4,train
C:\Users\athas\Downloads\Chalearn\first-impressions\train\MCr6FmFAhak.001.mp4,train
C:\Users\athas\Downloads\Chalearn\first-impressions\train\MCr6FmFAhak.004.mp4,train
C:\Users\athas\Downloads\Chalearn\first-impressions\train\mcxi2vtevb4.000.mp4,train
C:\Users\athas\Downloads\Chalearn\first-impressions\train\MD9yyz-OSRs.002.mp4,train
C:\Users\athas\Downloads\Chalearn\first-impressions\train\MD9yyz-OSRs.004.mp4,train
C:\Users\athas\Downloads\Chalearn\first-impressions\train\MD9yyz-OSRs.005.mp4,train
C:\Users\athas\Downloads\Chalearn\first-impressions\train\MDoZUDTSayc.000.mp4,train
C:\Users\athas\Downloads\Chalearn\first-impressions\train\MDoZUDTSayc.003.mp4,train
C:\Users\athas\Downloads\Chalearn\first-impressions\train\me15sHPOjKo.002.mp4,train
C:\Users\athas\Downloads\Chalearn\first-impressions\train\me15sHPOjKo.005.mp4,train
C:\Users\athas\Downloads\Chalearn\first-impressions\train\Me22JENkhJA.000.mp4,train
C:\Users\athas\Downloads\Chalearn\first-impressions\train\Me22JENkhJA.005.mp4,train
C:\Users\athas\Downloads\Chalearn\first-impressions\train\me5UoRny6NU.005.mp4,train
C:\Users\athas\Downloads\Chalearn\first-impressions\train\ME6JLtAM160.001.mp4,train
C:\Users\athas\Downloads\Chalearn\first-impressions\train\mEQBB6XsJFk.001.mp4,train
C:\Users\athas\Downloads\Chalearn\first-impressions\train\mEQBB6XsJFk.005.mp4,train
C:\Users\athas\Downloads\Chalearn\first-impressions\train\merppcmY6y0.000.mp4,train
C:\Users\athas\Downloads\Chalearn\first-impressions\train\merppcmY6y0.002.mp4,train
C:\Users\athas\Downloads\Chalearn\first-impressions\train\merppcmY6y0.003.mp4,train
C:\Users\athas\Downloads\Chalearn\first-impressions\train\merppcmY6y0.004.mp4,train
C:\Users\athas\Downloads\Chalearn\first-impressions\train\mf0LqiLJYr0.001.mp4,train
C:\Users\athas\Downloads\Chalearn\first-impressions\train\MFGGMnNE6Q0.000.mp4,train
C:\Users\athas\Downloads\Chalearn\first-impressions\train\MFGGMnNE6Q0.002.mp4,train
C:\Users\athas\Downloads\Chalearn\first-impressions\train\mfGhtr0zy3k.001.mp4,train
C:\Users\athas\Downloads\Chalearn\first-impressions\train\mfGhtr0zy3k.002.mp4,train
C:\Users\athas\Downloads\Chalearn\first-impressions\train\mflgXFsGU9w.000.mp4,train
C:\Users\athas\Downloads\Chalearn\first-impressions\train\mflgXFsGU9w.002.mp4,train
C:\Users\athas\Downloads\Chalearn\first-impressions\train\mflgXFsGU9w.003.mp4,train
C:\Users\athas\Downloads\Chalearn\first-impressions\train\mflgXFsGU9w.004.mp4,train
C:\Users\athas\Downloads\Chalearn\first-impressions\train\mFz5Fbs97QA.002.mp4,train
C:\Users\athas\Downloads\Chalearn\first-impressions\train\mFz5Fbs97QA.003.mp4,train
C:\Users\athas\Downloads\Chalearn\first-impressions\train\mGWS0Akp08E.000.mp4,train
C:\Users\athas\Downloads\Chalearn\first-impressions\train\mGWS0Akp08E.001.mp4,train
C:\Users\athas\Downloads\Chalearn\first-impressions\train\mhF4kYTlVUE.000.mp4,train
C:\Users\athas\Downloads\Chalearn\first-impressions\train\mhF4kYTlVUE.001.mp4,train
C:\Users\athas\Downloads\Chalearn\first-impressions\train\mhF4kYTlVUE.002.mp4,train
C:\Users\athas\Downloads\Chalearn\first-impressions\train\mhF4kYTlVUE.003.mp4,train
C:\Users\athas\Downloads\Chalearn\first-impressions\train\mhF4kYTlVUE.004.mp4,train
C:\Users\athas\Downloads\Chalearn\first-impressions\train\mhvkJjOAjYI.004.mp4,train
C:\Users\athas\Downloads\Chalearn\first-impressions\train\mhvkJjOAjYI.005.mp4,train
C:\Users\athas\Downloads\Chalearn\first-impressions\train\mIcktEhNxRo.003.mp4,train
C:\Users\athas\Downloads\Chalearn\first-impressions\train\mIQnQ8Nmj-c.001.mp4,train
C:\Users\athas\Downloads\Chalearn\first-impressions\train\mIQnQ8Nmj-c.005.mp4,train
C:\Users\athas\Downloads\Chalearn\first-impressions\train\mIxTz3tOgmQ.000.mp4,train
C:\Users\athas\Downloads\Chalearn\first-impressions\train\MI_GQLbnoew.000.mp4,train
C:\Users\athas\Downloads\Chalearn\first-impressions\train\MI_GQLbnoew.001.mp4,train
C:\Users\athas\Downloads\Chalearn\first-impressions\train\MK7KveAeb6Y.000.mp4,train
C:\Users\athas\Downloads\Chalearn\first-impressions\train\MK7KveAeb6Y.002.mp4,train
C:\Users\athas\Downloads\Chalearn\first-impressions\train\MK7KveAeb6Y.004.mp4,train
C:\Users\athas\Downloads\Chalearn\first-impressions\train\mK8ebTJyrCI.002.mp4,train
C:\Users\athas\Downloads\Chalearn\first-impressions\train\mkJjaOADfj4.001.mp4,train
C:\Users\athas\Downloads\Chalearn\first-impressions\train\mkJjaOADfj4.002.mp4,train
C:\Users\athas\Downloads\Chalearn\first-impressions\train\mkJjaOADfj4.003.mp4,train
C:\Users\athas\Downloads\Chalearn\first-impressions\train\mkJjaOADfj4.005.mp4,train
C:\Users\athas\Downloads\Chalearn\first-impressions\train\mKsGK9nCTxw.000.mp4,train
C:\Users\athas\Downloads\Chalearn\first-impressions\train\mKsGK9nCTxw.001.mp4,train
C:\Users\athas\Downloads\Chalearn\first-impressions\train\MkVsl0hdphE.000.mp4,train
C:\Users\athas\Downloads\Chalearn\first-impressions\train\MkVsl0hdphE.003.mp4,train
C:\Users\athas\Downloads\Chalearn\first-impressions\train\mkWfG-4vvGc.000.mp4,train
C:\Users\athas\Downloads\Chalearn\first-impressions\train\mkWfG-4vvGc.003.mp4,train
C:\Users\athas\Downloads\Chalearn\first-impressions\train\mkWfG-4vvGc.004.mp4,train
C:\Users\athas\Downloads\Chalearn\first-impressions\train\mKWscEow1U8.000.mp4,train
C:\Users\athas\Downloads\Chalearn\first-impressions\train\mKWscEow1U8.002.mp4,train
C:\Users\athas\Downloads\Chalearn\first-impressions\train\MLCIfM5jYlI.000.mp4,train
C:\Users\athas\Downloads\Chalearn\first-impressions\train\mlsiYewUwO0.002.mp4,train
C:\Users\athas\Downloads\Chalearn\first-impressions\train\mlsiYewUwO0.003.mp4,train
C:\Users\athas\Downloads\Chalearn\first-impressions\train\mlsiYewUwO0.005.mp4,train
C:\Users\athas\Downloads\Chalearn\first-impressions\train\mlXZQ8dO0nQ.004.mp4,train
C:\Users\athas\Downloads\Chalearn\first-impressions\train\mlXZQ8dO0nQ.005.mp4,train
C:\Users\athas\Downloads\Chalearn\first-impressions\train\mLZw7Hf8AYI.004.mp4,train
C:\Users\athas\Downloads\Chalearn\first-impressions\train\mM6QbrCrdLo.000.mp4,train
C:\Users\athas\Downloads\Chalearn\first-impressions\train\mMNjlGNWsZA.001.mp4,train
C:\Users\athas\Downloads\Chalearn\first-impressions\train\mmTbHy5iftA.002.mp4,train
C:\Users\athas\Downloads\Chalearn\first-impressions\train\MnARi5OWW9Q.000.mp4,train
C:\Users\athas\Downloads\Chalearn\first-impressions\train\MnARi5OWW9Q.002.mp4,train
C:\Users\athas\Downloads\Chalearn\first-impressions\train\mnRuiwFx_Z8.000.mp4,train
C:\Users\athas\Downloads\Chalearn\first-impressions\train\mnRuiwFx_Z8.002.mp4,train
C:\Users\athas\Downloads\Chalearn\first-impressions\train\mnRuiwFx_Z8.005.mp4,train
C:\Users\athas\Downloads\Chalearn\first-impressions\train\modNfUPt3F4.000.mp4,train
C:\Users\athas\Downloads\Chalearn\first-impressions\train\modNfUPt3F4.005.mp4,train
C:\Users\athas\Downloads\Chalearn\first-impressions\train\MOobNUpfWiY.000.mp4,train
C:\Users\athas\Downloads\Chalearn\first-impressions\train\MOobNUpfWiY.002.mp4,train
C:\Users\athas\Downloads\Chalearn\first-impressions\train\MOobNUpfWiY.004.mp4,train
C:\Users\athas\Downloads\Chalearn\first-impressions\train\MOobNUpfWiY.005.mp4,train
C:\Users\athas\Downloads\Chalearn\first-impressions\train\MOXPVzRBDPo.002.mp4,train
C:\Users\athas\Downloads\Chalearn\first-impressions\train\MOXPVzRBDPo.004.mp4,train
C:\Users\athas\Downloads\Chalearn\first-impressions\train\mpk5Ubw2fj8.000.mp4,train
C:\Users\athas\Downloads\Chalearn\first-impressions\train\mpk5Ubw2fj8.004.mp4,train
C:\Users\athas\Downloads\Chalearn\first-impressions\train\mpXOSY5dW7c.000.mp4,train
C:\Users\athas\Downloads\Chalearn\first-impressions\train\mpXOSY5dW7c.002.mp4,train
C:\Users\athas\Downloads\Chalearn\first-impressions\train\mpXOSY5dW7c.004.mp4,train
C:\Users\athas\Downloads\Chalearn\first-impressions\train\mpXOSY5dW7c.005.mp4,train
C:\Users\athas\Downloads\Chalearn\first-impressions\train\mq9NNKmKYdk.000.mp4,train
C:\Users\athas\Downloads\Chalearn\first-impressions\train\mq9NNKmKYdk.003.mp4,train
C:\Users\athas\Downloads\Chalearn\first-impressions\train\mq9NNKmKYdk.004.mp4,train
C:\Users\athas\Downloads\Chalearn\first-impressions\train\mq9NNKmKYdk.005.mp4,train
C:\Users\athas\Downloads\Chalearn\first-impressions\train\mqDv8688ztg.004.mp4,train
C:\Users\athas\Downloads\Chalearn\first-impressions\train\mQpNe8f5xA8.003.mp4,train
C:\Users\athas\Downloads\Chalearn\first-impressions\train\mQTBqDY71dU.002.mp4,train
C:\Users\athas\Downloads\Chalearn\first-impressions\train\MrfJ1qDJAwo.001.mp4,train
C:\Users\athas\Downloads\Chalearn\first-impressions\train\MrfJ1qDJAwo.002.mp4,train
C:\Users\athas\Downloads\Chalearn\first-impressions\train\MrfJ1qDJAwo.003.mp4,train
C:\Users\athas\Downloads\Chalearn\first-impressions\train\MrfJ1qDJAwo.004.mp4,train
C:\Users\athas\Downloads\Chalearn\first-impressions\train\MrfJ1qDJAwo.005.mp4,train
C:\Users\athas\Downloads\Chalearn\first-impressions\train\mRfkHyx__4w.000.mp4,train
C:\Users\athas\Downloads\Chalearn\first-impressions\train\mRKGI6hq4UU.003.mp4,train
C:\Users\athas\Downloads\Chalearn\first-impressions\train\mRKGI6hq4UU.004.mp4,train
C:\Users\athas\Downloads\Chalearn\first-impressions\train\MRquWhqw4Jw.000.mp4,train
C:\Users\athas\Downloads\Chalearn\first-impressions\train\MRquWhqw4Jw.004.mp4,train
C:\Users\athas\Downloads\Chalearn\first-impressions\train\MrYEK0nvnAo.001.mp4,train
C:\Users\athas\Downloads\Chalearn\first-impressions\train\MrYEK0nvnAo.002.mp4,train
C:\Users\athas\Downloads\Chalearn\first-impressions\train\MrYEK0nvnAo.003.mp4,train
C:\Users\athas\Downloads\Chalearn\first-impressions\train\MswJxdf-3Fc.002.mp4,train
C:\Users\athas\Downloads\Chalearn\first-impressions\train\MswJxdf-3Fc.005.mp4,train
C:\Users\athas\Downloads\Chalearn\first-impressions\train\MT3tOBpG5II.000.mp4,train
C:\Users\athas\Downloads\Chalearn\first-impressions\train\MT3tOBpG5II.004.mp4,train
C:\Users\athas\Downloads\Chalearn\first-impressions\train\muKwyr-hrkc.001.mp4,train
C:\Users\athas\Downloads\Chalearn\first-impressions\train\muLgzV1gGao.001.mp4,train
C:\Users\athas\Downloads\Chalearn\first-impressions\train\muLgzV1gGao.004.mp4,train
C:\Users\athas\Downloads\Chalearn\first-impressions\train\muLgzV1gGao.005.mp4,train
C:\Users\athas\Downloads\Chalearn\first-impressions\train\MuYYY3XaJ7Q.002.mp4,train
C:\Users\athas\Downloads\Chalearn\first-impressions\train\MuYYY3XaJ7Q.003.mp4,train
C:\Users\athas\Downloads\Chalearn\first-impressions\train\MuYYY3XaJ7Q.004.mp4,train
C:\Users\athas\Downloads\Chalearn\first-impressions\train\MuYYY3XaJ7Q.005.mp4,train
C:\Users\athas\Downloads\Chalearn\first-impressions\train\MvWDky9ZaWU.000.mp4,train
C:\Users\athas\Downloads\Chalearn\first-impressions\train\MvWDky9ZaWU.003.mp4,train
C:\Users\athas\Downloads\Chalearn\first-impressions\train\MvWDky9ZaWU.005.mp4,train
C:\Users\athas\Downloads\Chalearn\first-impressions\train\MVwxnf6L8po.004.mp4,train
C:\Users\athas\Downloads\Chalearn\first-impressions\train\mXaI17Dx7u0.000.mp4,train
C:\Users\athas\Downloads\Chalearn\first-impressions\train\mXaI17Dx7u0.001.mp4,train
C:\Users\athas\Downloads\Chalearn\first-impressions\train\mXaI17Dx7u0.003.mp4,train
C:\Users\athas\Downloads\Chalearn\first-impressions\train\mXgUV0o6a20.000.mp4,train
C:\Users\athas\Downloads\Chalearn\first-impressions\train\mXgUV0o6a20.001.mp4,train
C:\Users\athas\Downloads\Chalearn\first-impressions\train\mxLRr3YqgMU.000.mp4,train
C:\Users\athas\Downloads\Chalearn\first-impressions\train\mxLRr3YqgMU.001.mp4,train
C:\Users\athas\Downloads\Chalearn\first-impressions\train\mxLRr3YqgMU.004.mp4,train
C:\Users\athas\Downloads\Chalearn\first-impressions\train\mY1ZTvNVkSA.002.mp4,train
C:\Users\athas\Downloads\Chalearn\first-impressions\train\mY1ZTvNVkSA.003.mp4,train
C:\Users\athas\Downloads\Chalearn\first-impressions\train\mY1ZTvNVkSA.005.mp4,train
C:\Users\athas\Downloads\Chalearn\first-impressions\train\myhEW1aZRg4.000.mp4,train
C:\Users\athas\Downloads\Chalearn\first-impressions\train\mZ2CHgzwDt0.000.mp4,train
C:\Users\athas\Downloads\Chalearn\first-impressions\train\mZ2CHgzwDt0.001.mp4,train
C:\Users\athas\Downloads\Chalearn\first-impressions\train\mZ2CHgzwDt0.002.mp4,train
C:\Users\athas\Downloads\Chalearn\first-impressions\train\mZ2CHgzwDt0.003.mp4,train
C:\Users\athas\Downloads\Chalearn\first-impressions\train\mZ3vypXAfHg.000.mp4,train
C:\Users\athas\Downloads\Chalearn\first-impressions\train\mZ3vypXAfHg.003.mp4,train
C:\Users\athas\Downloads\Chalearn\first-impressions\train\MZkDsB04kt8.000.mp4,train
C:\Users\athas\Downloads\Chalearn\first-impressions\train\MZkDsB04kt8.004.mp4,train
C:\Users\athas\Downloads\Chalearn\first-impressions\train\mZQP06F94u8.003.mp4,train
C:\Users\athas\Downloads\Chalearn\first-impressions\train\mZQP06F94u8.004.mp4,train
C:\Users\athas\Downloads\Chalearn\first-impressions\train\mZzWhUI0CP0.005.mp4,train
C:\Users\athas\Downloads\Chalearn\first-impressions\train\m_2k0dL8CRM.001.mp4,train
C:\Users\athas\Downloads\Chalearn\first-impressions\train\m_9aygJNij8.004.mp4,train
C:\Users\athas\Downloads\Chalearn\first-impressions\train\M_OpMKBEOyU.000.mp4,train
C:\Users\athas\Downloads\Chalearn\first-impressions\train\M_OpMKBEOyU.001.mp4,train
C:\Users\athas\Downloads\Chalearn\first-impressions\train\M_OpMKBEOyU.002.mp4,train
C:\Users\athas\Downloads\Chalearn\first-impressions\train\M_OpMKBEOyU.003.mp4,train
C:\Users\athas\Downloads\Chalearn\first-impressions\train\M_OpMKBEOyU.004.mp4,train
C:\Users\athas\Downloads\Chalearn\first-impressions\train\n0acEDmc0mA.000.mp4,train
C:\Users\athas\Downloads\Chalearn\first-impressions\train\N0QizgPLLbs.000.mp4,train
C:\Users\athas\Downloads\Chalearn\first-impressions\train\N0QizgPLLbs.005.mp4,train
C:\Users\athas\Downloads\Chalearn\first-impressions\train\N0s2M3bJkUk.002.mp4,train
C:\Users\athas\Downloads\Chalearn\first-impressions\train\N0s2M3bJkUk.003.mp4,train
C:\Users\athas\Downloads\Chalearn\first-impressions\train\N0s2M3bJkUk.005.mp4,train
C:\Users\athas\Downloads\Chalearn\first-impressions\train\N0UweTwwQqQ.000.mp4,train
C:\Users\athas\Downloads\Chalearn\first-impressions\train\N1ZOAktFbI0.001.mp4,train
C:\Users\athas\Downloads\Chalearn\first-impressions\train\N1ZOAktFbI0.002.mp4,train
C:\Users\athas\Downloads\Chalearn\first-impressions\train\N1ZOAktFbI0.004.mp4,train
C:\Users\athas\Downloads\Chalearn\first-impressions\train\n2BuwHbdilY.002.mp4,train
C:\Users\athas\Downloads\Chalearn\first-impressions\train\n4NkVZ1_dfk.000.mp4,train
C:\Users\athas\Downloads\Chalearn\first-impressions\train\n4NkVZ1_dfk.003.mp4,train
C:\Users\athas\Downloads\Chalearn\first-impressions\train\n4NkVZ1_dfk.004.mp4,train
C:\Users\athas\Downloads\Chalearn\first-impressions\train\n4NkVZ1_dfk.005.mp4,train
C:\Users\athas\Downloads\Chalearn\first-impressions\train\N4tuu9aCXkw.003.mp4,train
C:\Users\athas\Downloads\Chalearn\first-impressions\train\N4tuu9aCXkw.004.mp4,train
C:\Users\athas\Downloads\Chalearn\first-impressions\train\n5Jeeqfj2_U.000.mp4,train
C:\Users\athas\Downloads\Chalearn\first-impressions\train\n5Jeeqfj2_U.005.mp4,train
C:\Users\athas\Downloads\Chalearn\first-impressions\train\N5nIQZMW_ig.003.mp4,train
C:\Users\athas\Downloads\Chalearn\first-impressions\train\n6JNJurop2U.000.mp4,train
C:\Users\athas\Downloads\Chalearn\first-impressions\train\n6JNJurop2U.003.mp4,train
C:\Users\athas\Downloads\Chalearn\first-impressions\train\N7oR6_oMBFk.000.mp4,train
C:\Users\athas\Downloads\Chalearn\first-impressions\train\N7oR6_oMBFk.004.mp4,train
C:\Users\athas\Downloads\Chalearn\first-impressions\train\n8IiQJyqjiE.000.mp4,train
C:\Users\athas\Downloads\Chalearn\first-impressions\train\n8IiQJyqjiE.001.mp4,train
C:\Users\athas\Downloads\Chalearn\first-impressions\train\n8IiQJyqjiE.003.mp4,train
C:\Users\athas\Downloads\Chalearn\first-impressions\train\n8IiQJyqjiE.004.mp4,train
C:\Users\athas\Downloads\Chalearn\first-impressions\train\naAGy30bnwA.000.mp4,train
C:\Users\athas\Downloads\Chalearn\first-impressions\train\naAGy30bnwA.005.mp4,train
C:\Users\athas\Downloads\Chalearn\first-impressions\train\nB-fPmvZg3U.005.mp4,train
C:\Users\athas\Downloads\Chalearn\first-impressions\train\NBacfF-K2eQ.000.mp4,train
C:\Users\athas\Downloads\Chalearn\first-impressions\train\NBacfF-K2eQ.001.mp4,train
C:\Users\athas\Downloads\Chalearn\first-impressions\train\NBacfF-K2eQ.004.mp4,train
C:\Users\athas\Downloads\Chalearn\first-impressions\train\nBjBfN9SbpM.001.mp4,train
C:\Users\athas\Downloads\Chalearn\first-impressions\train\nBjBfN9SbpM.002.mp4,train
C:\Users\athas\Downloads\Chalearn\first-impressions\train\nBjBfN9SbpM.003.mp4,train
C:\Users\athas\Downloads\Chalearn\first-impressions\train\nBjBfN9SbpM.004.mp4,train
C:\Users\athas\Downloads\Chalearn\first-impressions\train\nBjBfN9SbpM.005.mp4,train
C:\Users\athas\Downloads\Chalearn\first-impressions\train\nCc8XfmSvf8.001.mp4,train
C:\Users\athas\Downloads\Chalearn\first-impressions\train\nClvfVFYzbM.000.mp4,train
C:\Users\athas\Downloads\Chalearn\first-impressions\train\nClvfVFYzbM.003.mp4,train
C:\Users\athas\Downloads\Chalearn\first-impressions\train\nClvfVFYzbM.005.mp4,train
C:\Users\athas\Downloads\Chalearn\first-impressions\train\NCm736FngNo.000.mp4,train
C:\Users\athas\Downloads\Chalearn\first-impressions\train\ncmnmmmWEpU.000.mp4,train
C:\Users\athas\Downloads\Chalearn\first-impressions\train\ncmnmmmWEpU.004.mp4,train
C:\Users\athas\Downloads\Chalearn\first-impressions\train\ncmnmmmWEpU.005.mp4,train
C:\Users\athas\Downloads\Chalearn\first-impressions\train\nCWEEoJfjgE.000.mp4,train
C:\Users\athas\Downloads\Chalearn\first-impressions\train\nCWEEoJfjgE.002.mp4,train
C:\Users\athas\Downloads\Chalearn\first-impressions\train\nCWEEoJfjgE.004.mp4,train
C:\Users\athas\Downloads\Chalearn\first-impressions\train\nCWEEoJfjgE.005.mp4,train
C:\Users\athas\Downloads\Chalearn\first-impressions\train\NdAJGXf8aos.002.mp4,train
C:\Users\athas\Downloads\Chalearn\first-impressions\train\NdAJGXf8aos.005.mp4,train
C:\Users\athas\Downloads\Chalearn\first-impressions\train\NDBCrVvp0Vg.000.mp4,train
C:\Users\athas\Downloads\Chalearn\first-impressions\train\NDBCrVvp0Vg.003.mp4,train
C:\Users\athas\Downloads\Chalearn\first-impressions\train\NDC375coN1o.001.mp4,train
C:\Users\athas\Downloads\Chalearn\first-impressions\train\NDC375coN1o.002.mp4,train
C:\Users\athas\Downloads\Chalearn\first-impressions\train\NDC375coN1o.005.mp4,train
C:\Users\athas\Downloads\Chalearn\first-impressions\train\nDcl8Jo2tYg.002.mp4,train
C:\Users\athas\Downloads\Chalearn\first-impressions\train\ndLtwmvPpr8.000.mp4,train
C:\Users\athas\Downloads\Chalearn\first-impressions\train\ndLtwmvPpr8.003.mp4,train
C:\Users\athas\Downloads\Chalearn\first-impressions\train\nDsTSmE73M0.000.mp4,train
C:\Users\athas\Downloads\Chalearn\first-impressions\train\nDsTSmE73M0.005.mp4,train
C:\Users\athas\Downloads\Chalearn\first-impressions\train\nEm44UpCKmA.000.mp4,train
C:\Users\athas\Downloads\Chalearn\first-impressions\train\nex61B854Ms.003.mp4,train
C:\Users\athas\Downloads\Chalearn\first-impressions\train\nex61B854Ms.004.mp4,train
C:\Users\athas\Downloads\Chalearn\first-impressions\train\nex61B854Ms.005.mp4,train
C:\Users\athas\Downloads\Chalearn\first-impressions\train\NF8nb3SQPNg.002.mp4,train
C:\Users\athas\Downloads\Chalearn\first-impressions\train\NFAlff6GUpA.000.mp4,train
C:\Users\athas\Downloads\Chalearn\first-impressions\train\NFAlff6GUpA.003.mp4,train
C:\Users\athas\Downloads\Chalearn\first-impressions\train\NFAlff6GUpA.005.mp4,train
C:\Users\athas\Downloads\Chalearn\first-impressions\train\nfEhF5GBQpo.000.mp4,train
C:\Users\athas\Downloads\Chalearn\first-impressions\train\nfN9qJSVank.000.mp4,train
C:\Users\athas\Downloads\Chalearn\first-impressions\train\nfN9qJSVank.002.mp4,train
C:\Users\athas\Downloads\Chalearn\first-impressions\train\nfN9qJSVank.003.mp4,train
C:\Users\athas\Downloads\Chalearn\first-impressions\train\nfN9qJSVank.004.mp4,train
C:\Users\athas\Downloads\Chalearn\first-impressions\train\nfN9qJSVank.005.mp4,train
C:\Users\athas\Downloads\Chalearn\first-impressions\train\nFP7EEgz0Xg.002.mp4,train
C:\Users\athas\Downloads\Chalearn\first-impressions\train\Ng2E0E5tiZQ.003.mp4,train
C:\Users\athas\Downloads\Chalearn\first-impressions\train\Ng2E0E5tiZQ.005.mp4,train
C:\Users\athas\Downloads\Chalearn\first-impressions\train\ng42eoHytOA.001.mp4,train
C:\Users\athas\Downloads\Chalearn\first-impressions\train\ng42eoHytOA.002.mp4,train
C:\Users\athas\Downloads\Chalearn\first-impressions\train\ng42eoHytOA.003.mp4,train
C:\Users\athas\Downloads\Chalearn\first-impressions\train\ng42eoHytOA.005.mp4,train
C:\Users\athas\Downloads\Chalearn\first-impressions\train\NG8qWulkRM4.000.mp4,train
C:\Users\athas\Downloads\Chalearn\first-impressions\train\NG8qWulkRM4.001.mp4,train
C:\Users\athas\Downloads\Chalearn\first-impressions\train\NG8qWulkRM4.002.mp4,train
C:\Users\athas\Downloads\Chalearn\first-impressions\train\NG8qWulkRM4.005.mp4,train
C:\Users\athas\Downloads\Chalearn\first-impressions\train\nGe8dIc-ecc.000.mp4,train
C:\Users\athas\Downloads\Chalearn\first-impressions\train\nGe8dIc-ecc.002.mp4,train
C:\Users\athas\Downloads\Chalearn\first-impressions\train\nGe8dIc-ecc.003.mp4,train
C:\Users\athas\Downloads\Chalearn\first-impressions\train\nGe8dIc-ecc.005.mp4,train
C:\Users\athas\Downloads\Chalearn\first-impressions\train\nGGtTu6dSJE.000.mp4,train
C:\Users\athas\Downloads\Chalearn\first-impressions\train\nghDz0el8iI.000.mp4,train
C:\Users\athas\Downloads\Chalearn\first-impressions\train\nghDz0el8iI.001.mp4,train
C:\Users\athas\Downloads\Chalearn\first-impressions\train\NhyVkwcZbTA.002.mp4,train
C:\Users\athas\Downloads\Chalearn\first-impressions\train\NhyVkwcZbTA.003.mp4,train
C:\Users\athas\Downloads\Chalearn\first-impressions\train\NhyVkwcZbTA.004.mp4,train
C:\Users\athas\Downloads\Chalearn\first-impressions\train\NhyVkwcZbTA.005.mp4,train
C:\Users\athas\Downloads\Chalearn\first-impressions\train\NI-tZF3gfes.002.mp4,train
C:\Users\athas\Downloads\Chalearn\first-impressions\train\NI-tZF3gfes.003.mp4,train
C:\Users\athas\Downloads\Chalearn\first-impressions\train\NI-tZF3gfes.004.mp4,train
C:\Users\athas\Downloads\Chalearn\first-impressions\train\nI6qUE8N8hk.000.mp4,train
C:\Users\athas\Downloads\Chalearn\first-impressions\train\nIwFocnmRFY.000.mp4,train
C:\Users\athas\Downloads\Chalearn\first-impressions\train\nIwFocnmRFY.003.mp4,train
C:\Users\athas\Downloads\Chalearn\first-impressions\train\niWi1hcuSmo.005.mp4,train
C:\Users\athas\Downloads\Chalearn\first-impressions\train\NkFJuN8fBDU.000.mp4,train
C:\Users\athas\Downloads\Chalearn\first-impressions\train\NkFJuN8fBDU.001.mp4,train
C:\Users\athas\Downloads\Chalearn\first-impressions\train\NkFJuN8fBDU.004.mp4,train
C:\Users\athas\Downloads\Chalearn\first-impressions\train\nKLhatlbqEw.000.mp4,train
C:\Users\athas\Downloads\Chalearn\first-impressions\train\nKLhatlbqEw.001.mp4,train
C:\Users\athas\Downloads\Chalearn\first-impressions\train\nKLhatlbqEw.002.mp4,train
C:\Users\athas\Downloads\Chalearn\first-impressions\train\nKLhatlbqEw.005.mp4,train
C:\Users\athas\Downloads\Chalearn\first-impressions\train\nkmYbzMmrYw.001.mp4,train
C:\Users\athas\Downloads\Chalearn\first-impressions\train\nkmYbzMmrYw.003.mp4,train
C:\Users\athas\Downloads\Chalearn\first-impressions\train\nkmYbzMmrYw.004.mp4,train
C:\Users\athas\Downloads\Chalearn\first-impressions\train\nKx64KH7Xks.001.mp4,train
C:\Users\athas\Downloads\Chalearn\first-impressions\train\nKx64KH7Xks.002.mp4,train
C:\Users\athas\Downloads\Chalearn\first-impressions\train\nKx64KH7Xks.003.mp4,train
C:\Users\athas\Downloads\Chalearn\first-impressions\train\nKx64KH7Xks.004.mp4,train
C:\Users\athas\Downloads\Chalearn\first-impressions\train\nKx64KH7Xks.005.mp4,train
C:\Users\athas\Downloads\Chalearn\first-impressions\train\nLB29nx1Jp4.001.mp4,train
C:\Users\athas\Downloads\Chalearn\first-impressions\train\nlIrqbcvqLk.001.mp4,train
C:\Users\athas\Downloads\Chalearn\first-impressions\train\nLuAoNAOGcQ.000.mp4,train
C:\Users\athas\Downloads\Chalearn\first-impressions\train\nmZRXxKPPuQ.002.mp4,train
C:\Users\athas\Downloads\Chalearn\first-impressions\train\nmZRXxKPPuQ.005.mp4,train
C:\Users\athas\Downloads\Chalearn\first-impressions\train\nndDX4RgU1w.000.mp4,train
C:\Users\athas\Downloads\Chalearn\first-impressions\train\nOCSTnpB_F4.001.mp4,train
C:\Users\athas\Downloads\Chalearn\first-impressions\train\nOCSTnpB_F4.002.mp4,train
C:\Users\athas\Downloads\Chalearn\first-impressions\train\noepjVnUVFY.000.mp4,train
C:\Users\athas\Downloads\Chalearn\first-impressions\train\noepjVnUVFY.001.mp4,train
C:\Users\athas\Downloads\Chalearn\first-impressions\train\nOFHZ_s7Et4.001.mp4,train
C:\Users\athas\Downloads\Chalearn\first-impressions\train\nOFHZ_s7Et4.005.mp4,train
C:\Users\athas\Downloads\Chalearn\first-impressions\train\NoHext7JXYU.000.mp4,train
C:\Users\athas\Downloads\Chalearn\first-impressions\train\NoHext7JXYU.003.mp4,train
C:\Users\athas\Downloads\Chalearn\first-impressions\train\NOrjfF0-pQ4.004.mp4,train
C:\Users\athas\Downloads\Chalearn\first-impressions\train\NOrjfF0-pQ4.005.mp4,train
C:\Users\athas\Downloads\Chalearn\first-impressions\train\NpiglwrZzsA.001.mp4,train
C:\Users\athas\Downloads\Chalearn\first-impressions\train\NpiglwrZzsA.002.mp4,train
C:\Users\athas\Downloads\Chalearn\first-impressions\train\NpiglwrZzsA.004.mp4,train
C:\Users\athas\Downloads\Chalearn\first-impressions\train\nQtiqrceBhg.001.mp4,train
C:\Users\athas\Downloads\Chalearn\first-impressions\train\nQtiqrceBhg.003.mp4,train
C:\Users\athas\Downloads\Chalearn\first-impressions\train\nQxTTYWy7pA.001.mp4,train
C:\Users\athas\Downloads\Chalearn\first-impressions\train\nQxTTYWy7pA.002.mp4,train
C:\Users\athas\Downloads\Chalearn\first-impressions\train\nR0h3WFbPfA.000.mp4,train
C:\Users\athas\Downloads\Chalearn\first-impressions\train\nR0h3WFbPfA.001.mp4,train
C:\Users\athas\Downloads\Chalearn\first-impressions\train\nR0h3WFbPfA.003.mp4,train
C:\Users\athas\Downloads\Chalearn\first-impressions\train\nR0h3WFbPfA.004.mp4,train
C:\Users\athas\Downloads\Chalearn\first-impressions\train\nskJh7v6v1U.002.mp4,train
C:\Users\athas\Downloads\Chalearn\first-impressions\train\nskJh7v6v1U.004.mp4,train
C:\Users\athas\Downloads\Chalearn\first-impressions\train\nskJh7v6v1U.005.mp4,train
C:\Users\athas\Downloads\Chalearn\first-impressions\train\NTATNIs2sSc.001.mp4,train
C:\Users\athas\Downloads\Chalearn\first-impressions\train\NTSMogqhvBg.001.mp4,train
C:\Users\athas\Downloads\Chalearn\first-impressions\train\NTSMogqhvBg.002.mp4,train
C:\Users\athas\Downloads\Chalearn\first-impressions\train\NTxMChSejQE.001.mp4,train
C:\Users\athas\Downloads\Chalearn\first-impressions\train\nUazOUcW_AM.004.mp4,train
C:\Users\athas\Downloads\Chalearn\first-impressions\train\nUazOUcW_AM.005.mp4,train
C:\Users\athas\Downloads\Chalearn\first-impressions\train\nUbhRInpVbA.001.mp4,train
C:\Users\athas\Downloads\Chalearn\first-impressions\train\nUbhRInpVbA.004.mp4,train
C:\Users\athas\Downloads\Chalearn\first-impressions\train\nUbhRInpVbA.005.mp4,train
C:\Users\athas\Downloads\Chalearn\first-impressions\train\Nv0-x4K9YFI.000.mp4,train
C:\Users\athas\Downloads\Chalearn\first-impressions\train\Nv0-x4K9YFI.001.mp4,train
C:\Users\athas\Downloads\Chalearn\first-impressions\train\Nv0-x4K9YFI.002.mp4,train
C:\Users\athas\Downloads\Chalearn\first-impressions\train\Nv0-x4K9YFI.004.mp4,train
C:\Users\athas\Downloads\Chalearn\first-impressions\train\Nv0-x4K9YFI.005.mp4,train
C:\Users\athas\Downloads\Chalearn\first-impressions\train\NvJ4jRPUuS0.001.mp4,train
C:\Users\athas\Downloads\Chalearn\first-impressions\train\nvlqJbHk_Lc.000.mp4,train
C:\Users\athas\Downloads\Chalearn\first-impressions\train\NVvKBE5FTMk.005.mp4,train
C:\Users\athas\Downloads\Chalearn\first-impressions\train\NvwD448H-40.001.mp4,train
C:\Users\athas\Downloads\Chalearn\first-impressions\train\NWlCdMyKlE0.000.mp4,train
C:\Users\athas\Downloads\Chalearn\first-impressions\train\NWlCdMyKlE0.001.mp4,train
C:\Users\athas\Downloads\Chalearn\first-impressions\train\NWlCdMyKlE0.002.mp4,train
C:\Users\athas\Downloads\Chalearn\first-impressions\train\NWlCdMyKlE0.003.mp4,train
C:\Users\athas\Downloads\Chalearn\first-impressions\train\NXG4n1pr4Ok.001.mp4,train
C:\Users\athas\Downloads\Chalearn\first-impressions\train\NXG4n1pr4Ok.002.mp4,train
C:\Users\athas\Downloads\Chalearn\first-impressions\train\NXG4n1pr4Ok.004.mp4,train
C:\Users\athas\Downloads\Chalearn\first-impressions\train\NYlFsljF0VM.003.mp4,train
C:\Users\athas\Downloads\Chalearn\first-impressions\train\NYlFsljF0VM.005.mp4,train
C:\Users\athas\Downloads\Chalearn\first-impressions\train\nZC82V87Pm0.002.mp4,train
C:\Users\athas\Downloads\Chalearn\first-impressions\train\nZC82V87Pm0.004.mp4,train
C:\Users\athas\Downloads\Chalearn\first-impressions\train\nZC82V87Pm0.005.mp4,train
C:\Users\athas\Downloads\Chalearn\first-impressions\train\NzCflfxgvwo.003.mp4,train
C:\Users\athas\Downloads\Chalearn\first-impressions\train\NZXtEENlWL4.003.mp4,train
C:\Users\athas\Downloads\Chalearn\first-impressions\train\nZz1hK90gwA.002.mp4,train
C:\Users\athas\Downloads\Chalearn\first-impressions\train\nZz1hK90gwA.003.mp4,train
C:\Users\athas\Downloads\Chalearn\first-impressions\train\nZz1hK90gwA.004.mp4,train
C:\Users\athas\Downloads\Chalearn\first-impressions\train\n_4vw3RKaog.002.mp4,train
C:\Users\athas\Downloads\Chalearn\first-impressions\train\N_PICgkFxAM.002.mp4,train
C:\Users\athas\Downloads\Chalearn\first-impressions\train\o-fNF5QVMNo.004.mp4,train
C:\Users\athas\Downloads\Chalearn\first-impressions\train\o-fNF5QVMNo.005.mp4,train
C:\Users\athas\Downloads\Chalearn\first-impressions\train\o0zIPrIQY4o.005.mp4,train
C:\Users\athas\Downloads\Chalearn\first-impressions\train\O14mSiNfYDo.001.mp4,train
C:\Users\athas\Downloads\Chalearn\first-impressions\train\O14mSiNfYDo.002.mp4,train
C:\Users\athas\Downloads\Chalearn\first-impressions\train\O14mSiNfYDo.005.mp4,train
C:\Users\athas\Downloads\Chalearn\first-impressions\train\o1mTIo1vPas.000.mp4,train
C:\Users\athas\Downloads\Chalearn\first-impressions\train\o2iolmvadac.002.mp4,train
C:\Users\athas\Downloads\Chalearn\first-impressions\train\O2J_3ScUCUQ.004.mp4,train
C:\Users\athas\Downloads\Chalearn\first-impressions\train\o2lu6rkd5-Y.001.mp4,train
C:\Users\athas\Downloads\Chalearn\first-impressions\train\o2lu6rkd5-Y.004.mp4,train
C:\Users\athas\Downloads\Chalearn\first-impressions\train\O2wMPdp2-Is.002.mp4,train
C:\Users\athas\Downloads\Chalearn\first-impressions\train\o2wtRccAgjE.003.mp4,train
C:\Users\athas\Downloads\Chalearn\first-impressions\train\O3_j0d7mq7k.001.mp4,train
C:\Users\athas\Downloads\Chalearn\first-impressions\train\O3_j0d7mq7k.002.mp4,train
C:\Users\athas\Downloads\Chalearn\first-impressions\train\O3_j0d7mq7k.004.mp4,train
C:\Users\athas\Downloads\Chalearn\first-impressions\train\o5eCmKiomvo.001.mp4,train
C:\Users\athas\Downloads\Chalearn\first-impressions\train\o5eCmKiomvo.002.mp4,train
C:\Users\athas\Downloads\Chalearn\first-impressions\train\o6JCQlOC3oE.002.mp4,train
C:\Users\athas\Downloads\Chalearn\first-impressions\train\O7h-kf7hPIU.001.mp4,train
C:\Users\athas\Downloads\Chalearn\first-impressions\train\O7h-kf7hPIU.005.mp4,train
C:\Users\athas\Downloads\Chalearn\first-impressions\train\o7J2fWIJndQ.005.mp4,train
C:\Users\athas\Downloads\Chalearn\first-impressions\train\O7ke1Wjb1ZM.003.mp4,train
C:\Users\athas\Downloads\Chalearn\first-impressions\train\O8L2pHEIcuo.004.mp4,train
C:\Users\athas\Downloads\Chalearn\first-impressions\train\OACoHiwOdXQ.002.mp4,train
C:\Users\athas\Downloads\Chalearn\first-impressions\train\OACoHiwOdXQ.003.mp4,train
C:\Users\athas\Downloads\Chalearn\first-impressions\train\OACoHiwOdXQ.005.mp4,train
C:\Users\athas\Downloads\Chalearn\first-impressions\train\oANKg9_grdA.004.mp4,train
C:\Users\athas\Downloads\Chalearn\first-impressions\train\oBE9f5xD9rk.000.mp4,train
C:\Users\athas\Downloads\Chalearn\first-impressions\train\oBE9f5xD9rk.002.mp4,train
C:\Users\athas\Downloads\Chalearn\first-impressions\train\oBE9f5xD9rk.004.mp4,train
C:\Users\athas\Downloads\Chalearn\first-impressions\train\oBE9f5xD9rk.005.mp4,train
C:\Users\athas\Downloads\Chalearn\first-impressions\train\obr7ktzX8w8.001.mp4,train
C:\Users\athas\Downloads\Chalearn\first-impressions\train\obr7ktzX8w8.003.mp4,train
C:\Users\athas\Downloads\Chalearn\first-impressions\train\obr7ktzX8w8.004.mp4,train
C:\Users\athas\Downloads\Chalearn\first-impressions\train\oC-qxnrmJws.000.mp4,train
C:\Users\athas\Downloads\Chalearn\first-impressions\train\oC-qxnrmJws.002.mp4,train
C:\Users\athas\Downloads\Chalearn\first-impressions\train\oC-qxnrmJws.003.mp4,train
C:\Users\athas\Downloads\Chalearn\first-impressions\train\oC-qxnrmJws.005.mp4,train
C:\Users\athas\Downloads\Chalearn\first-impressions\train\oCb9DK3M1DU.000.mp4,train
C:\Users\athas\Downloads\Chalearn\first-impressions\train\oCb9DK3M1DU.001.mp4,train
C:\Users\athas\Downloads\Chalearn\first-impressions\train\oCb9DK3M1DU.002.mp4,train
C:\Users\athas\Downloads\Chalearn\first-impressions\train\oCb9DK3M1DU.003.mp4,train
C:\Users\athas\Downloads\Chalearn\first-impressions\train\oCb9DK3M1DU.004.mp4,train
C:\Users\athas\Downloads\Chalearn\first-impressions\train\oCb9DK3M1DU.005.mp4,train
C:\Users\athas\Downloads\Chalearn\first-impressions\train\OckL7z_nBGg.002.mp4,train
C:\Users\athas\Downloads\Chalearn\first-impressions\train\OckL7z_nBGg.003.mp4,train
C:\Users\athas\Downloads\Chalearn\first-impressions\train\OckL7z_nBGg.004.mp4,train
C:\Users\athas\Downloads\Chalearn\first-impressions\train\OckL7z_nBGg.005.mp4,train
C:\Users\athas\Downloads\Chalearn\first-impressions\train\OCMseWyLuBQ.001.mp4,train
C:\Users\athas\Downloads\Chalearn\first-impressions\train\oCN_9daCssU.002.mp4,train
C:\Users\athas\Downloads\Chalearn\first-impressions\train\OcS4H_dFeOc.001.mp4,train
C:\Users\athas\Downloads\Chalearn\first-impressions\train\OD3cfWeJaOY.003.mp4,train
C:\Users\athas\Downloads\Chalearn\first-impressions\train\OD3cfWeJaOY.004.mp4,train
C:\Users\athas\Downloads\Chalearn\first-impressions\train\OD3cfWeJaOY.005.mp4,train
C:\Users\athas\Downloads\Chalearn\first-impressions\train\ODDGS0hTcUc.000.mp4,train
C:\Users\athas\Downloads\Chalearn\first-impressions\train\ODDGS0hTcUc.001.mp4,train
C:\Users\athas\Downloads\Chalearn\first-impressions\train\ODDGS0hTcUc.004.mp4,train
C:\Users\athas\Downloads\Chalearn\first-impressions\train\odHogR_36Dc.000.mp4,train
C:\Users\athas\Downloads\Chalearn\first-impressions\train\odHogR_36Dc.002.mp4,train
C:\Users\athas\Downloads\Chalearn\first-impressions\train\odHogR_36Dc.003.mp4,train
C:\Users\athas\Downloads\Chalearn\first-impressions\train\oDOoG0vX-7U.005.mp4,train
C:\Users\athas\Downloads\Chalearn\first-impressions\train\odRqijkG28U.000.mp4,train
C:\Users\athas\Downloads\Chalearn\first-impressions\train\odRqijkG28U.001.mp4,train
C:\Users\athas\Downloads\Chalearn\first-impressions\train\odRqijkG28U.004.mp4,train
C:\Users\athas\Downloads\Chalearn\first-impressions\train\OdwK_oMdfSU.000.mp4,train
C:\Users\athas\Downloads\Chalearn\first-impressions\train\OdwK_oMdfSU.002.mp4,train
C:\Users\athas\Downloads\Chalearn\first-impressions\train\OdwK_oMdfSU.003.mp4,train
C:\Users\athas\Downloads\Chalearn\first-impressions\train\OdwK_oMdfSU.005.mp4,train
C:\Users\athas\Downloads\Chalearn\first-impressions\train\OD_gyCYpR8U.002.mp4,train
C:\Users\athas\Downloads\Chalearn\first-impressions\train\oe1PZxExhzc.001.mp4,train
C:\Users\athas\Downloads\Chalearn\first-impressions\train\oe1PZxExhzc.003.mp4,train
C:\Users\athas\Downloads\Chalearn\first-impressions\train\oe6q_ZByIxQ.000.mp4,train
C:\Users\athas\Downloads\Chalearn\first-impressions\train\Oe7ItP7gS4w.000.mp4,train
C:\Users\athas\Downloads\Chalearn\first-impressions\train\Oe7ItP7gS4w.002.mp4,train
C:\Users\athas\Downloads\Chalearn\first-impressions\train\Oe7ItP7gS4w.004.mp4,train
C:\Users\athas\Downloads\Chalearn\first-impressions\train\OeGMd58Wgsk.000.mp4,train
C:\Users\athas\Downloads\Chalearn\first-impressions\train\OeGMd58Wgsk.003.mp4,train
C:\Users\athas\Downloads\Chalearn\first-impressions\train\OEKg-Tvwcbk.000.mp4,train
C:\Users\athas\Downloads\Chalearn\first-impressions\train\OEKg-Tvwcbk.003.mp4,train
C:\Users\athas\Downloads\Chalearn\first-impressions\train\OeT6Skotv7g.004.mp4,train
C:\Users\athas\Downloads\Chalearn\first-impressions\train\oG84VxrGfj0.001.mp4,train
C:\Users\athas\Downloads\Chalearn\first-impressions\train\og8vtyRh_bc.000.mp4,train
C:\Users\athas\Downloads\Chalearn\first-impressions\train\og8vtyRh_bc.001.mp4,train
C:\Users\athas\Downloads\Chalearn\first-impressions\train\og8vtyRh_bc.003.mp4,train
C:\Users\athas\Downloads\Chalearn\first-impressions\train\oGa05H9UXxU.002.mp4,train
C:\Users\athas\Downloads\Chalearn\first-impressions\train\oGa05H9UXxU.004.mp4,train
C:\Users\athas\Downloads\Chalearn\first-impressions\train\OgPC4wnLJR0.001.mp4,train
C:\Users\athas\Downloads\Chalearn\first-impressions\train\OgPC4wnLJR0.002.mp4,train
C:\Users\athas\Downloads\Chalearn\first-impressions\train\OgPC4wnLJR0.003.mp4,train
C:\Users\athas\Downloads\Chalearn\first-impressions\train\OgPC4wnLJR0.004.mp4,train
C:\Users\athas\Downloads\Chalearn\first-impressions\train\OgPC4wnLJR0.005.mp4,train
C:\Users\athas\Downloads\Chalearn\first-impressions\train\ogSLrHVeqLI.003.mp4,train
C:\Users\athas\Downloads\Chalearn\first-impressions\train\OhHg1lyxe4I.000.mp4,train
C:\Users\athas\Downloads\Chalearn\first-impressions\train\OhHg1lyxe4I.001.mp4,train
C:\Users\athas\Downloads\Chalearn\first-impressions\train\OhHg1lyxe4I.002.mp4,train
C:\Users\athas\Downloads\Chalearn\first-impressions\train\oHudDVcT5Lg.002.mp4,train
C:\Users\athas\Downloads\Chalearn\first-impressions\train\oHudDVcT5Lg.004.mp4,train
C:\Users\athas\Downloads\Chalearn\first-impressions\train\oHudDVcT5Lg.005.mp4,train
C:\Users\athas\Downloads\Chalearn\first-impressions\train\OIRq4d8IyKc.002.mp4,train
C:\Users\athas\Downloads\Chalearn\first-impressions\train\OIRq4d8IyKc.003.mp4,train
C:\Users\athas\Downloads\Chalearn\first-impressions\train\oJPdfhG4hT0.001.mp4,train
C:\Users\athas\Downloads\Chalearn\first-impressions\train\oJPdfhG4hT0.002.mp4,train
C:\Users\athas\Downloads\Chalearn\first-impressions\train\okdZnQbLnf8.001.mp4,train
C:\Users\athas\Downloads\Chalearn\first-impressions\train\okdZnQbLnf8.002.mp4,train
C:\Users\athas\Downloads\Chalearn\first-impressions\train\okdZnQbLnf8.004.mp4,train
C:\Users\athas\Downloads\Chalearn\first-impressions\train\okl467xvgOw.001.mp4,train
C:\Users\athas\Downloads\Chalearn\first-impressions\train\okSmKH2k5lE.002.mp4,train
C:\Users\athas\Downloads\Chalearn\first-impressions\train\OLFhKCgexRU.000.mp4,train
C:\Users\athas\Downloads\Chalearn\first-impressions\train\OLFhKCgexRU.001.mp4,train
C:\Users\athas\Downloads\Chalearn\first-impressions\train\OLFhKCgexRU.002.mp4,train
C:\Users\athas\Downloads\Chalearn\first-impressions\train\OLFhKCgexRU.004.mp4,train
C:\Users\athas\Downloads\Chalearn\first-impressions\train\oLO05QNhhGg.000.mp4,train
C:\Users\athas\Downloads\Chalearn\first-impressions\train\oLO05QNhhGg.001.mp4,train
C:\Users\athas\Downloads\Chalearn\first-impressions\train\oLO05QNhhGg.002.mp4,train
C:\Users\athas\Downloads\Chalearn\first-impressions\train\oLO05QNhhGg.003.mp4,train
C:\Users\athas\Downloads\Chalearn\first-impressions\train\oLO05QNhhGg.004.mp4,train
C:\Users\athas\Downloads\Chalearn\first-impressions\train\oLO05QNhhGg.005.mp4,train
C:\Users\athas\Downloads\Chalearn\first-impressions\train\om-9kFEKJIs.000.mp4,train
C:\Users\athas\Downloads\Chalearn\first-impressions\train\om-9kFEKJIs.001.mp4,train
C:\Users\athas\Downloads\Chalearn\first-impressions\train\om-9kFEKJIs.004.mp4,train
C:\Users\athas\Downloads\Chalearn\first-impressions\train\omeHsKF7InA.000.mp4,train
C:\Users\athas\Downloads\Chalearn\first-impressions\train\omeHsKF7InA.001.mp4,train
C:\Users\athas\Downloads\Chalearn\first-impressions\train\OMHlfDF99Mw.000.mp4,train
C:\Users\athas\Downloads\Chalearn\first-impressions\train\OMHlfDF99Mw.003.mp4,train
C:\Users\athas\Downloads\Chalearn\first-impressions\train\OMHlfDF99Mw.004.mp4,train
C:\Users\athas\Downloads\Chalearn\first-impressions\train\omQ5CGXJKS8.001.mp4,train
C:\Users\athas\Downloads\Chalearn\first-impressions\train\omQ5CGXJKS8.002.mp4,train
C:\Users\athas\Downloads\Chalearn\first-impressions\train\OmXuhT4yJpo.000.mp4,train
C:\Users\athas\Downloads\Chalearn\first-impressions\train\OmXuhT4yJpo.005.mp4,train
C:\Users\athas\Downloads\Chalearn\first-impressions\train\On2c_8sU8Vw.001.mp4,train
C:\Users\athas\Downloads\Chalearn\first-impressions\train\On2c_8sU8Vw.002.mp4,train
C:\Users\athas\Downloads\Chalearn\first-impressions\train\On2c_8sU8Vw.004.mp4,train
C:\Users\athas\Downloads\Chalearn\first-impressions\train\onbyz01BC_Y.003.mp4,train
C:\Users\athas\Downloads\Chalearn\first-impressions\train\OovRk5U9_GY.000.mp4,train
C:\Users\athas\Downloads\Chalearn\first-impressions\train\OovRk5U9_GY.004.mp4,train
C:\Users\athas\Downloads\Chalearn\first-impressions\train\OoxYhDbzWwg.002.mp4,train
C:\Users\athas\Downloads\Chalearn\first-impressions\train\OoxYhDbzWwg.005.mp4,train
C:\Users\athas\Downloads\Chalearn\first-impressions\train\opEoJBrcmbI.001.mp4,train
C:\Users\athas\Downloads\Chalearn\first-impressions\train\opEoJBrcmbI.002.mp4,train
C:\Users\athas\Downloads\Chalearn\first-impressions\train\opEoJBrcmbI.003.mp4,train
C:\Users\athas\Downloads\Chalearn\first-impressions\train\opEoJBrcmbI.005.mp4,train
C:\Users\athas\Downloads\Chalearn\first-impressions\train\opqoflph5ZE.004.mp4,train
C:\Users\athas\Downloads\Chalearn\first-impressions\train\opyTSeVCYtE.002.mp4,train
C:\Users\athas\Downloads\Chalearn\first-impressions\train\opyTSeVCYtE.003.mp4,train
C:\Users\athas\Downloads\Chalearn\first-impressions\train\opyTSeVCYtE.005.mp4,train
C:\Users\athas\Downloads\Chalearn\first-impressions\train\oQOvtrP52As.002.mp4,train
C:\Users\athas\Downloads\Chalearn\first-impressions\train\oqXx6ipHfUE.000.mp4,train
C:\Users\athas\Downloads\Chalearn\first-impressions\train\oqXx6ipHfUE.005.mp4,train
C:\Users\athas\Downloads\Chalearn\first-impressions\train\oq_v2yocx34.004.mp4,train
C:\Users\athas\Downloads\Chalearn\first-impressions\train\Or2_bP4lWYI.000.mp4,train
C:\Users\athas\Downloads\Chalearn\first-impressions\train\Or2_bP4lWYI.001.mp4,train
C:\Users\athas\Downloads\Chalearn\first-impressions\train\Or2_bP4lWYI.002.mp4,train
C:\Users\athas\Downloads\Chalearn\first-impressions\train\Or2_bP4lWYI.004.mp4,train
C:\Users\athas\Downloads\Chalearn\first-impressions\train\Or2_bP4lWYI.005.mp4,train
C:\Users\athas\Downloads\Chalearn\first-impressions\train\orlXEgAepGo.000.mp4,train
C:\Users\athas\Downloads\Chalearn\first-impressions\train\orlXEgAepGo.002.mp4,train
C:\Users\athas\Downloads\Chalearn\first-impressions\train\orlXEgAepGo.003.mp4,train
C:\Users\athas\Downloads\Chalearn\first-impressions\train\Os7L5C-i9Fw.000.mp4,train
C:\Users\athas\Downloads\Chalearn\first-impressions\train\Os7L5C-i9Fw.003.mp4,train
C:\Users\athas\Downloads\Chalearn\first-impressions\train\Os7L5C-i9Fw.004.mp4,train
C:\Users\athas\Downloads\Chalearn\first-impressions\train\OSDlyk5ZgAk.004.mp4,train
C:\Users\athas\Downloads\Chalearn\first-impressions\train\osqQpQsJNPQ.000.mp4,train
C:\Users\athas\Downloads\Chalearn\first-impressions\train\osqQpQsJNPQ.001.mp4,train
C:\Users\athas\Downloads\Chalearn\first-impressions\train\osqQpQsJNPQ.004.mp4,train
C:\Users\athas\Downloads\Chalearn\first-impressions\train\OtGJDbI9qkM.000.mp4,train
C:\Users\athas\Downloads\Chalearn\first-impressions\train\OtGJDbI9qkM.002.mp4,train
C:\Users\athas\Downloads\Chalearn\first-impressions\train\OtGJDbI9qkM.004.mp4,train
C:\Users\athas\Downloads\Chalearn\first-impressions\train\OtGJDbI9qkM.005.mp4,train
C:\Users\athas\Downloads\Chalearn\first-impressions\train\OTXGM3Guxy4.000.mp4,train
C:\Users\athas\Downloads\Chalearn\first-impressions\train\OTXGM3Guxy4.003.mp4,train
C:\Users\athas\Downloads\Chalearn\first-impressions\train\OTXGM3Guxy4.004.mp4,train
C:\Users\athas\Downloads\Chalearn\first-impressions\train\OTXGM3Guxy4.005.mp4,train
C:\Users\athas\Downloads\Chalearn\first-impressions\train\oU7zAWm_01o.000.mp4,train
C:\Users\athas\Downloads\Chalearn\first-impressions\train\oU7zAWm_01o.002.mp4,train
C:\Users\athas\Downloads\Chalearn\first-impressions\train\oU7zAWm_01o.003.mp4,train
C:\Users\athas\Downloads\Chalearn\first-impressions\train\oU7zAWm_01o.004.mp4,train
C:\Users\athas\Downloads\Chalearn\first-impressions\train\OuE91U_n04E.000.mp4,train
C:\Users\athas\Downloads\Chalearn\first-impressions\train\OuE91U_n04E.001.mp4,train
C:\Users\athas\Downloads\Chalearn\first-impressions\train\OugdInDyt9s.000.mp4,train
C:\Users\athas\Downloads\Chalearn\first-impressions\train\OugdInDyt9s.003.mp4,train
C:\Users\athas\Downloads\Chalearn\first-impressions\train\OugdInDyt9s.005.mp4,train
C:\Users\athas\Downloads\Chalearn\first-impressions\train\outvbZgNX58.000.mp4,train
C:\Users\athas\Downloads\Chalearn\first-impressions\train\outvbZgNX58.002.mp4,train
C:\Users\athas\Downloads\Chalearn\first-impressions\train\outvbZgNX58.004.mp4,train
C:\Users\athas\Downloads\Chalearn\first-impressions\train\ouYYWCY__5A.000.mp4,train
C:\Users\athas\Downloads\Chalearn\first-impressions\train\ouYYWCY__5A.001.mp4,train
C:\Users\athas\Downloads\Chalearn\first-impressions\train\ouYYWCY__5A.005.mp4,train
C:\Users\athas\Downloads\Chalearn\first-impressions\train\oVSMxtPpQ0M.002.mp4,train
C:\Users\athas\Downloads\Chalearn\first-impressions\train\oVSMxtPpQ0M.003.mp4,train
C:\Users\athas\Downloads\Chalearn\first-impressions\train\oVSMxtPpQ0M.005.mp4,train
C:\Users\athas\Downloads\Chalearn\first-impressions\train\oWDh03tstic.002.mp4,train
C:\Users\athas\Downloads\Chalearn\first-impressions\train\OwI3Q-qUqDw.000.mp4,train
C:\Users\athas\Downloads\Chalearn\first-impressions\train\OwI3Q-qUqDw.001.mp4,train
C:\Users\athas\Downloads\Chalearn\first-impressions\train\OwI3Q-qUqDw.002.mp4,train
C:\Users\athas\Downloads\Chalearn\first-impressions\train\OwI3Q-qUqDw.005.mp4,train
C:\Users\athas\Downloads\Chalearn\first-impressions\train\OwlFAiE0Qrg.000.mp4,train
C:\Users\athas\Downloads\Chalearn\first-impressions\train\OwlFAiE0Qrg.002.mp4,train
C:\Users\athas\Downloads\Chalearn\first-impressions\train\owRKOW0ymCM.002.mp4,train
C:\Users\athas\Downloads\Chalearn\first-impressions\train\owRKOW0ymCM.003.mp4,train
C:\Users\athas\Downloads\Chalearn\first-impressions\train\OWZ-qVZG14A.000.mp4,train
C:\Users\athas\Downloads\Chalearn\first-impressions\train\OWZ-qVZG14A.002.mp4,train
C:\Users\athas\Downloads\Chalearn\first-impressions\train\OWZ-qVZG14A.003.mp4,train
C:\Users\athas\Downloads\Chalearn\first-impressions\train\OWZ-qVZG14A.004.mp4,train
C:\Users\athas\Downloads\Chalearn\first-impressions\train\OWZ-qVZG14A.005.mp4,train
C:\Users\athas\Downloads\Chalearn\first-impressions\train\ox-qZvCLtls.005.mp4,train
C:\Users\athas\Downloads\Chalearn\first-impressions\train\OxaBanUE6KE.001.mp4,train
C:\Users\athas\Downloads\Chalearn\first-impressions\train\OxaBanUE6KE.002.mp4,train
C:\Users\athas\Downloads\Chalearn\first-impressions\train\OxaBanUE6KE.004.mp4,train
C:\Users\athas\Downloads\Chalearn\first-impressions\train\OXkDmd3nA94.000.mp4,train
C:\Users\athas\Downloads\Chalearn\first-impressions\train\OXkDmd3nA94.002.mp4,train
C:\Users\athas\Downloads\Chalearn\first-impressions\train\OXkDmd3nA94.003.mp4,train
C:\Users\athas\Downloads\Chalearn\first-impressions\train\OXkDmd3nA94.004.mp4,train
C:\Users\athas\Downloads\Chalearn\first-impressions\train\oXRhk1PUPcQ.002.mp4,train
C:\Users\athas\Downloads\Chalearn\first-impressions\train\oxw3nT9LSsg.000.mp4,train
C:\Users\athas\Downloads\Chalearn\first-impressions\train\oYhWw97JYyU.000.mp4,train
C:\Users\athas\Downloads\Chalearn\first-impressions\train\oYhWw97JYyU.001.mp4,train
C:\Users\athas\Downloads\Chalearn\first-impressions\train\oYiWW-Qc0rs.000.mp4,train
C:\Users\athas\Downloads\Chalearn\first-impressions\train\oYiWW-Qc0rs.001.mp4,train
C:\Users\athas\Downloads\Chalearn\first-impressions\train\oYiWW-Qc0rs.002.mp4,train
C:\Users\athas\Downloads\Chalearn\first-impressions\train\oYiWW-Qc0rs.005.mp4,train
C:\Users\athas\Downloads\Chalearn\first-impressions\train\OZaP2T74bLI.000.mp4,train
C:\Users\athas\Downloads\Chalearn\first-impressions\train\OZaP2T74bLI.001.mp4,train
C:\Users\athas\Downloads\Chalearn\first-impressions\train\OZaP2T74bLI.004.mp4,train
C:\Users\athas\Downloads\Chalearn\first-impressions\train\OZaP2T74bLI.005.mp4,train
C:\Users\athas\Downloads\Chalearn\first-impressions\train\OZlpENU9h28.000.mp4,train
C:\Users\athas\Downloads\Chalearn\first-impressions\train\OZlpENU9h28.002.mp4,train
C:\Users\athas\Downloads\Chalearn\first-impressions\train\OZlpENU9h28.003.mp4,train
C:\Users\athas\Downloads\Chalearn\first-impressions\train\OZlpENU9h28.005.mp4,train
C:\Users\athas\Downloads\Chalearn\first-impressions\train\o_kTWEEjtyw.001.mp4,train
C:\Users\athas\Downloads\Chalearn\first-impressions\train\o_kTWEEjtyw.003.mp4,train
C:\Users\athas\Downloads\Chalearn\first-impressions\train\o_kTWEEjtyw.005.mp4,train
C:\Users\athas\Downloads\Chalearn\first-impressions\train\p-OcwNFQB0U.001.mp4,train
C:\Users\athas\Downloads\Chalearn\first-impressions\train\p-OcwNFQB0U.002.mp4,train
C:\Users\athas\Downloads\Chalearn\first-impressions\train\p-OcwNFQB0U.005.mp4,train
C:\Users\athas\Downloads\Chalearn\first-impressions\train\p-V78q8dtYo.001.mp4,train
C:\Users\athas\Downloads\Chalearn\first-impressions\train\p-V78q8dtYo.005.mp4,train
C:\Users\athas\Downloads\Chalearn\first-impressions\train\P0a209IS614.002.mp4,train
C:\Users\athas\Downloads\Chalearn\first-impressions\train\P0a209IS614.004.mp4,train
C:\Users\athas\Downloads\Chalearn\first-impressions\train\P0a209IS614.005.mp4,train
C:\Users\athas\Downloads\Chalearn\first-impressions\train\P0ZzjnS8E24.000.mp4,train
C:\Users\athas\Downloads\Chalearn\first-impressions\train\p1ORMiJ0fPU.002.mp4,train
C:\Users\athas\Downloads\Chalearn\first-impressions\train\p1ORMiJ0fPU.003.mp4,train
C:\Users\athas\Downloads\Chalearn\first-impressions\train\p1qyJ_mE-2U.002.mp4,train
C:\Users\athas\Downloads\Chalearn\first-impressions\train\p5QXPhJS8Ks.000.mp4,train
C:\Users\athas\Downloads\Chalearn\first-impressions\train\p5QXPhJS8Ks.005.mp4,train
C:\Users\athas\Downloads\Chalearn\first-impressions\train\p5v75vAZ7F0.003.mp4,train
C:\Users\athas\Downloads\Chalearn\first-impressions\train\p5v75vAZ7F0.005.mp4,train
C:\Users\athas\Downloads\Chalearn\first-impressions\train\P63CUj9KnSw.001.mp4,train
C:\Users\athas\Downloads\Chalearn\first-impressions\train\P63CUj9KnSw.004.mp4,train
C:\Users\athas\Downloads\Chalearn\first-impressions\train\P6g1mZ3f76U.001.mp4,train
C:\Users\athas\Downloads\Chalearn\first-impressions\train\P6g1mZ3f76U.002.mp4,train
C:\Users\athas\Downloads\Chalearn\first-impressions\train\P6g1mZ3f76U.003.mp4,train
C:\Users\athas\Downloads\Chalearn\first-impressions\train\p6jjj6jn2fM.003.mp4,train
C:\Users\athas\Downloads\Chalearn\first-impressions\train\p6UMx8dwHZQ.000.mp4,train
C:\Users\athas\Downloads\Chalearn\first-impressions\train\p6UMx8dwHZQ.001.mp4,train
C:\Users\athas\Downloads\Chalearn\first-impressions\train\p6UMx8dwHZQ.002.mp4,train
C:\Users\athas\Downloads\Chalearn\first-impressions\train\p6UMx8dwHZQ.003.mp4,train
C:\Users\athas\Downloads\Chalearn\first-impressions\train\p6UMx8dwHZQ.004.mp4,train
C:\Users\athas\Downloads\Chalearn\first-impressions\train\p7-JUvStF4w.000.mp4,train
C:\Users\athas\Downloads\Chalearn\first-impressions\train\p7-JUvStF4w.002.mp4,train
C:\Users\athas\Downloads\Chalearn\first-impressions\train\p7-JUvStF4w.003.mp4,train
C:\Users\athas\Downloads\Chalearn\first-impressions\train\p7-JUvStF4w.004.mp4,train
C:\Users\athas\Downloads\Chalearn\first-impressions\train\p7-JUvStF4w.005.mp4,train
C:\Users\athas\Downloads\Chalearn\first-impressions\train\p7aNK5GKwEc.000.mp4,train
C:\Users\athas\Downloads\Chalearn\first-impressions\train\P7poMmhYnM0.001.mp4,train
C:\Users\athas\Downloads\Chalearn\first-impressions\train\p7_MVQ3uGJc.003.mp4,train
C:\Users\athas\Downloads\Chalearn\first-impressions\train\p8ce3grr9XE.001.mp4,train
C:\Users\athas\Downloads\Chalearn\first-impressions\train\p9l1MBw-5ic.002.mp4,train
C:\Users\athas\Downloads\Chalearn\first-impressions\train\p9tAC-RqZPI.002.mp4,train
C:\Users\athas\Downloads\Chalearn\first-impressions\train\P9WDAY-MFzk.000.mp4,train
C:\Users\athas\Downloads\Chalearn\first-impressions\train\P9WDAY-MFzk.002.mp4,train
C:\Users\athas\Downloads\Chalearn\first-impressions\train\P9WDAY-MFzk.003.mp4,train
C:\Users\athas\Downloads\Chalearn\first-impressions\train\Pb7aNc6Kd40.001.mp4,train
C:\Users\athas\Downloads\Chalearn\first-impressions\train\Pb7aNc6Kd40.003.mp4,train
C:\Users\athas\Downloads\Chalearn\first-impressions\train\Pb7aNc6Kd40.005.mp4,train
C:\Users\athas\Downloads\Chalearn\first-impressions\train\Pb9GhzCRnqs.001.mp4,train
C:\Users\athas\Downloads\Chalearn\first-impressions\train\Pc-oQQwkIv8.000.mp4,train
C:\Users\athas\Downloads\Chalearn\first-impressions\train\Pc-oQQwkIv8.001.mp4,train
C:\Users\athas\Downloads\Chalearn\first-impressions\train\Pc-oQQwkIv8.003.mp4,train
C:\Users\athas\Downloads\Chalearn\first-impressions\train\Pc-oQQwkIv8.004.mp4,train
C:\Users\athas\Downloads\Chalearn\first-impressions\train\Pc3NjyhtVd0.003.mp4,train
C:\Users\athas\Downloads\Chalearn\first-impressions\train\PCmec_zcu_w.002.mp4,train
C:\Users\athas\Downloads\Chalearn\first-impressions\train\pDih4zWqYQw.001.mp4,train
C:\Users\athas\Downloads\Chalearn\first-impressions\train\pDt0F4zFfBs.003.mp4,train
C:\Users\athas\Downloads\Chalearn\first-impressions\train\pDt0F4zFfBs.005.mp4,train
C:\Users\athas\Downloads\Chalearn\first-impressions\train\pEr7WTIPW64.000.mp4,train
C:\Users\athas\Downloads\Chalearn\first-impressions\train\pEr7WTIPW64.005.mp4,train
C:\Users\athas\Downloads\Chalearn\first-impressions\train\pEYFpmjwKC0.001.mp4,train
C:\Users\athas\Downloads\Chalearn\first-impressions\train\pEYFpmjwKC0.002.mp4,train
C:\Users\athas\Downloads\Chalearn\first-impressions\train\pEYFpmjwKC0.003.mp4,train
C:\Users\athas\Downloads\Chalearn\first-impressions\train\pEYFpmjwKC0.004.mp4,train
C:\Users\athas\Downloads\Chalearn\first-impressions\train\PgpMUHH8lEI.000.mp4,train
C:\Users\athas\Downloads\Chalearn\first-impressions\train\PgpMUHH8lEI.002.mp4,train
C:\Users\athas\Downloads\Chalearn\first-impressions\train\PgpMUHH8lEI.003.mp4,train
C:\Users\athas\Downloads\Chalearn\first-impressions\train\PgpMUHH8lEI.004.mp4,train
C:\Users\athas\Downloads\Chalearn\first-impressions\train\PgpMUHH8lEI.005.mp4,train
C:\Users\athas\Downloads\Chalearn\first-impressions\train\pHCPbKprJGY.001.mp4,train
C:\Users\athas\Downloads\Chalearn\first-impressions\train\pHCPbKprJGY.003.mp4,train
C:\Users\athas\Downloads\Chalearn\first-impressions\train\phjVMKGYBKs.005.mp4,train
C:\Users\athas\Downloads\Chalearn\first-impressions\train\PHmkN1cPl10.003.mp4,train
C:\Users\athas\Downloads\Chalearn\first-impressions\train\PHmkN1cPl10.005.mp4,train
C:\Users\athas\Downloads\Chalearn\first-impressions\train\PHUlL5ZzX5U.001.mp4,train
C:\Users\athas\Downloads\Chalearn\first-impressions\train\PHUlL5ZzX5U.005.mp4,train
C:\Users\athas\Downloads\Chalearn\first-impressions\train\PHv6CzBIC5E.001.mp4,train
C:\Users\athas\Downloads\Chalearn\first-impressions\train\PHv6CzBIC5E.002.mp4,train
C:\Users\athas\Downloads\Chalearn\first-impressions\train\PHv6CzBIC5E.004.mp4,train
C:\Users\athas\Downloads\Chalearn\first-impressions\train\PHv6CzBIC5E.005.mp4,train
C:\Users\athas\Downloads\Chalearn\first-impressions\train\PHZQmf82HvA.002.mp4,train
C:\Users\athas\Downloads\Chalearn\first-impressions\train\PHZQmf82HvA.005.mp4,train
C:\Users\athas\Downloads\Chalearn\first-impressions\train\pJGLxS81YBc.004.mp4,train
C:\Users\athas\Downloads\Chalearn\first-impressions\train\PJxgOFaaUZM.004.mp4,train
C:\Users\athas\Downloads\Chalearn\first-impressions\train\PkEzIErhYZ8.002.mp4,train
C:\Users\athas\Downloads\Chalearn\first-impressions\train\Pkgi4--hwfo.005.mp4,train
C:\Users\athas\Downloads\Chalearn\first-impressions\train\PKtzsEqLGx4.000.mp4,train
C:\Users\athas\Downloads\Chalearn\first-impressions\train\PKtzsEqLGx4.001.mp4,train
C:\Users\athas\Downloads\Chalearn\first-impressions\train\PKtzsEqLGx4.005.mp4,train
C:\Users\athas\Downloads\Chalearn\first-impressions\train\pkwzo1OkEmY.002.mp4,train
C:\Users\athas\Downloads\Chalearn\first-impressions\train\pkwzo1OkEmY.005.mp4,train
C:\Users\athas\Downloads\Chalearn\first-impressions\train\PKYh4sungwI.002.mp4,train
C:\Users\athas\Downloads\Chalearn\first-impressions\train\PKYh4sungwI.003.mp4,train
C:\Users\athas\Downloads\Chalearn\first-impressions\train\PKyqjYem0dY.003.mp4,train
C:\Users\athas\Downloads\Chalearn\first-impressions\train\PKyqjYem0dY.004.mp4,train
C:\Users\athas\Downloads\Chalearn\first-impressions\train\pljK0DEusA0.003.mp4,train
C:\Users\athas\Downloads\Chalearn\first-impressions\train\PmJw3uI1qBE.000.mp4,train
C:\Users\athas\Downloads\Chalearn\first-impressions\train\Pn_LNsSsm58.000.mp4,train
C:\Users\athas\Downloads\Chalearn\first-impressions\train\Pn_LNsSsm58.001.mp4,train
C:\Users\athas\Downloads\Chalearn\first-impressions\train\Pn_LNsSsm58.004.mp4,train
C:\Users\athas\Downloads\Chalearn\first-impressions\train\Pn_LNsSsm58.005.mp4,train
C:\Users\athas\Downloads\Chalearn\first-impressions\train\Po4UGCJbCbw.002.mp4,train
C:\Users\athas\Downloads\Chalearn\first-impressions\train\pOBn7AuGIuI.002.mp4,train
C:\Users\athas\Downloads\Chalearn\first-impressions\train\pOBn7AuGIuI.003.mp4,train
C:\Users\athas\Downloads\Chalearn\first-impressions\train\pOBn7AuGIuI.005.mp4,train
C:\Users\athas\Downloads\Chalearn\first-impressions\train\PoF3lxFDggQ.000.mp4,train
C:\Users\athas\Downloads\Chalearn\first-impressions\train\PoF3lxFDggQ.004.mp4,train
C:\Users\athas\Downloads\Chalearn\first-impressions\train\PoF3lxFDggQ.005.mp4,train
C:\Users\athas\Downloads\Chalearn\first-impressions\train\PooFvZH6fK0.001.mp4,train
C:\Users\athas\Downloads\Chalearn\first-impressions\train\PooFvZH6fK0.003.mp4,train
C:\Users\athas\Downloads\Chalearn\first-impressions\train\pOtWKOF07iU.000.mp4,train
C:\Users\athas\Downloads\Chalearn\first-impressions\train\pOtWKOF07iU.002.mp4,train
C:\Users\athas\Downloads\Chalearn\first-impressions\train\pOtWKOF07iU.003.mp4,train
C:\Users\athas\Downloads\Chalearn\first-impressions\train\pOtWKOF07iU.004.mp4,train
C:\Users\athas\Downloads\Chalearn\first-impressions\train\PoVizBmIHy0.000.mp4,train
C:\Users\athas\Downloads\Chalearn\first-impressions\train\PpJ4S8ZM8mQ.000.mp4,train
C:\Users\athas\Downloads\Chalearn\first-impressions\train\PpJ4S8ZM8mQ.002.mp4,train
C:\Users\athas\Downloads\Chalearn\first-impressions\train\pPtzEnf5afw.000.mp4,train
C:\Users\athas\Downloads\Chalearn\first-impressions\train\pPtzEnf5afw.003.mp4,train
C:\Users\athas\Downloads\Chalearn\first-impressions\train\pPtzEnf5afw.005.mp4,train
C:\Users\athas\Downloads\Chalearn\first-impressions\train\PQBGDxYGaXU.001.mp4,train
C:\Users\athas\Downloads\Chalearn\first-impressions\train\pQy4omHIf7o.000.mp4,train
C:\Users\athas\Downloads\Chalearn\first-impressions\train\pQy4omHIf7o.001.mp4,train
C:\Users\athas\Downloads\Chalearn\first-impressions\train\pQy4omHIf7o.002.mp4,train
C:\Users\athas\Downloads\Chalearn\first-impressions\train\pQy4omHIf7o.003.mp4,train
C:\Users\athas\Downloads\Chalearn\first-impressions\train\pQy4omHIf7o.004.mp4,train
C:\Users\athas\Downloads\Chalearn\first-impressions\train\Pr-RpZ4gYCM.001.mp4,train
C:\Users\athas\Downloads\Chalearn\first-impressions\train\Pr7CHWFkWew.001.mp4,train
C:\Users\athas\Downloads\Chalearn\first-impressions\train\PReOtefm17s.002.mp4,train
C:\Users\athas\Downloads\Chalearn\first-impressions\train\PReOtefm17s.005.mp4,train
C:\Users\athas\Downloads\Chalearn\first-impressions\train\PRplbrM70sg.001.mp4,train
C:\Users\athas\Downloads\Chalearn\first-impressions\train\PRplbrM70sg.004.mp4,train
C:\Users\athas\Downloads\Chalearn\first-impressions\train\pru5ut4lxkQ.000.mp4,train
C:\Users\athas\Downloads\Chalearn\first-impressions\train\pru5ut4lxkQ.004.mp4,train
C:\Users\athas\Downloads\Chalearn\first-impressions\train\Ps55vHez10c.000.mp4,train
C:\Users\athas\Downloads\Chalearn\first-impressions\train\Psahy1Vju4A.000.mp4,train
C:\Users\athas\Downloads\Chalearn\first-impressions\train\Psahy1Vju4A.002.mp4,train
C:\Users\athas\Downloads\Chalearn\first-impressions\train\Psahy1Vju4A.003.mp4,train
C:\Users\athas\Downloads\Chalearn\first-impressions\train\Psahy1Vju4A.005.mp4,train
C:\Users\athas\Downloads\Chalearn\first-impressions\train\PsHb4YHooKM.003.mp4,train
C:\Users\athas\Downloads\Chalearn\first-impressions\train\PsqpkFKX8co.001.mp4,train
C:\Users\athas\Downloads\Chalearn\first-impressions\train\PsqpkFKX8co.002.mp4,train
C:\Users\athas\Downloads\Chalearn\first-impressions\train\pT8nyxks1Q4.005.mp4,train
C:\Users\athas\Downloads\Chalearn\first-impressions\train\PtA7yAu9-VE.000.mp4,train
C:\Users\athas\Downloads\Chalearn\first-impressions\train\PtA7yAu9-VE.004.mp4,train
C:\Users\athas\Downloads\Chalearn\first-impressions\train\PtA7yAu9-VE.005.mp4,train
C:\Users\athas\Downloads\Chalearn\first-impressions\train\PTV5TBVRHxo.000.mp4,train
C:\Users\athas\Downloads\Chalearn\first-impressions\train\PTV5TBVRHxo.002.mp4,train
C:\Users\athas\Downloads\Chalearn\first-impressions\train\puJ_NbKzRTE.003.mp4,train
C:\Users\athas\Downloads\Chalearn\first-impressions\train\puLXzqUvm_U.000.mp4,train
C:\Users\athas\Downloads\Chalearn\first-impressions\train\puLXzqUvm_U.001.mp4,train
C:\Users\athas\Downloads\Chalearn\first-impressions\train\puLXzqUvm_U.003.mp4,train
C:\Users\athas\Downloads\Chalearn\first-impressions\train\puLXzqUvm_U.004.mp4,train
C:\Users\athas\Downloads\Chalearn\first-impressions\train\PuVy3akfzNI.000.mp4,train
C:\Users\athas\Downloads\Chalearn\first-impressions\train\PuVy3akfzNI.002.mp4,train
C:\Users\athas\Downloads\Chalearn\first-impressions\train\PVm7Om88BSw.001.mp4,train
C:\Users\athas\Downloads\Chalearn\first-impressions\train\PVm7Om88BSw.003.mp4,train
C:\Users\athas\Downloads\Chalearn\first-impressions\train\pvvff396Rqg.004.mp4,train
C:\Users\athas\Downloads\Chalearn\first-impressions\train\pvvff396Rqg.005.mp4,train
C:\Users\athas\Downloads\Chalearn\first-impressions\train\PWAe9M2SxT8.001.mp4,train
C:\Users\athas\Downloads\Chalearn\first-impressions\train\PWAe9M2SxT8.003.mp4,train
C:\Users\athas\Downloads\Chalearn\first-impressions\train\PWAe9M2SxT8.004.mp4,train
C:\Users\athas\Downloads\Chalearn\first-impressions\train\PWM-bKcs2p8.001.mp4,train
C:\Users\athas\Downloads\Chalearn\first-impressions\train\PWM-bKcs2p8.004.mp4,train
C:\Users\athas\Downloads\Chalearn\first-impressions\train\pwvQaSwgso8.000.mp4,train
C:\Users\athas\Downloads\Chalearn\first-impressions\train\pwvQaSwgso8.001.mp4,train
C:\Users\athas\Downloads\Chalearn\first-impressions\train\pwvQaSwgso8.002.mp4,train
C:\Users\athas\Downloads\Chalearn\first-impressions\train\PxkMDzORBPE.005.mp4,train
C:\Users\athas\Downloads\Chalearn\first-impressions\train\PxpbeM9VavA.001.mp4,train
C:\Users\athas\Downloads\Chalearn\first-impressions\train\PxpbeM9VavA.003.mp4,train
C:\Users\athas\Downloads\Chalearn\first-impressions\train\PYL8BGJKu20.001.mp4,train
C:\Users\athas\Downloads\Chalearn\first-impressions\train\PyPFJWirPjs.000.mp4,train
C:\Users\athas\Downloads\Chalearn\first-impressions\train\PyPFJWirPjs.001.mp4,train
C:\Users\athas\Downloads\Chalearn\first-impressions\train\PYYC0Jiwfdg.000.mp4,train
C:\Users\athas\Downloads\Chalearn\first-impressions\train\PYYC0Jiwfdg.002.mp4,train
C:\Users\athas\Downloads\Chalearn\first-impressions\train\PYYC0Jiwfdg.004.mp4,train
C:\Users\athas\Downloads\Chalearn\first-impressions\train\pzfDth6nFQE.000.mp4,train
C:\Users\athas\Downloads\Chalearn\first-impressions\train\pzfDth6nFQE.003.mp4,train
C:\Users\athas\Downloads\Chalearn\first-impressions\train\pzfDth6nFQE.004.mp4,train
C:\Users\athas\Downloads\Chalearn\first-impressions\train\pzfDth6nFQE.005.mp4,train
C:\Users\athas\Downloads\Chalearn\first-impressions\train\pzG2VeUbefw.001.mp4,train
C:\Users\athas\Downloads\Chalearn\first-impressions\train\pzG2VeUbefw.003.mp4,train
C:\Users\athas\Downloads\Chalearn\first-impressions\train\pzG2VeUbefw.005.mp4,train
C:\Users\athas\Downloads\Chalearn\first-impressions\train\pZxqWp0e-Ik.000.mp4,train
C:\Users\athas\Downloads\Chalearn\first-impressions\train\pZxqWp0e-Ik.004.mp4,train
C:\Users\athas\Downloads\Chalearn\first-impressions\train\pZxqWp0e-Ik.005.mp4,train
C:\Users\athas\Downloads\Chalearn\first-impressions\train\p_kPnCD7WzU.002.mp4,train
C:\Users\athas\Downloads\Chalearn\first-impressions\train\P_wDFLJnW-o.000.mp4,train
C:\Users\athas\Downloads\Chalearn\first-impressions\train\P_wDFLJnW-o.001.mp4,train
C:\Users\athas\Downloads\Chalearn\first-impressions\train\P_wDFLJnW-o.004.mp4,train
C:\Users\athas\Downloads\Chalearn\first-impressions\train\p_Z4QGqu4Qo.001.mp4,train
C:\Users\athas\Downloads\Chalearn\first-impressions\train\p_Z4QGqu4Qo.004.mp4,train
C:\Users\athas\Downloads\Chalearn\first-impressions\train\Q-cZz-M17PE.000.mp4,train
C:\Users\athas\Downloads\Chalearn\first-impressions\train\Q0C0OU-j4DA.001.mp4,train
C:\Users\athas\Downloads\Chalearn\first-impressions\train\Q0C0OU-j4DA.002.mp4,train
C:\Users\athas\Downloads\Chalearn\first-impressions\train\Q0C0OU-j4DA.003.mp4,train
C:\Users\athas\Downloads\Chalearn\first-impressions\train\Q0C0OU-j4DA.004.mp4,train
C:\Users\athas\Downloads\Chalearn\first-impressions\train\Q0C0OU-j4DA.005.mp4,train
C:\Users\athas\Downloads\Chalearn\first-impressions\train\Q2AI4XpApFs.000.mp4,train
C:\Users\athas\Downloads\Chalearn\first-impressions\train\Q2AI4XpApFs.001.mp4,train
C:\Users\athas\Downloads\Chalearn\first-impressions\train\Q2AI4XpApFs.002.mp4,train
C:\Users\athas\Downloads\Chalearn\first-impressions\train\Q2AI4XpApFs.005.mp4,train
C:\Users\athas\Downloads\Chalearn\first-impressions\train\Q43qO4HC6mA.000.mp4,train
C:\Users\athas\Downloads\Chalearn\first-impressions\train\Q4z4GRUtccE.000.mp4,train
C:\Users\athas\Downloads\Chalearn\first-impressions\train\Q4z4GRUtccE.002.mp4,train
C:\Users\athas\Downloads\Chalearn\first-impressions\train\Q4z4GRUtccE.005.mp4,train
C:\Users\athas\Downloads\Chalearn\first-impressions\train\q5eIfoGdPWw.004.mp4,train
C:\Users\athas\Downloads\Chalearn\first-impressions\train\Q5h34e5xM0Q.000.mp4,train
C:\Users\athas\Downloads\Chalearn\first-impressions\train\q6au1xn_wIE.001.mp4,train
C:\Users\athas\Downloads\Chalearn\first-impressions\train\Q6We7dJplls.002.mp4,train
C:\Users\athas\Downloads\Chalearn\first-impressions\train\Q6We7dJplls.005.mp4,train
C:\Users\athas\Downloads\Chalearn\first-impressions\train\qAisk1lgv2I.003.mp4,train
C:\Users\athas\Downloads\Chalearn\first-impressions\train\qBG1mjC7Zgg.000.mp4,train
C:\Users\athas\Downloads\Chalearn\first-impressions\train\qBG1mjC7Zgg.004.mp4,train
C:\Users\athas\Downloads\Chalearn\first-impressions\train\qBG1mjC7Zgg.005.mp4,train
C:\Users\athas\Downloads\Chalearn\first-impressions\train\QBZieJiOl1w.001.mp4,train
C:\Users\athas\Downloads\Chalearn\first-impressions\train\QBZieJiOl1w.003.mp4,train
C:\Users\athas\Downloads\Chalearn\first-impressions\train\QBZieJiOl1w.004.mp4,train
C:\Users\athas\Downloads\Chalearn\first-impressions\train\qCFFW1dM8V8.001.mp4,train
C:\Users\athas\Downloads\Chalearn\first-impressions\train\qCFFW1dM8V8.002.mp4,train
C:\Users\athas\Downloads\Chalearn\first-impressions\train\qCFFW1dM8V8.003.mp4,train
C:\Users\athas\Downloads\Chalearn\first-impressions\train\qCFFW1dM8V8.004.mp4,train
C:\Users\athas\Downloads\Chalearn\first-impressions\train\qCFFW1dM8V8.005.mp4,train
C:\Users\athas\Downloads\Chalearn\first-impressions\train\qcq5oIRJFUI.004.mp4,train
C:\Users\athas\Downloads\Chalearn\first-impressions\train\qD15qWMepxU.003.mp4,train
C:\Users\athas\Downloads\Chalearn\first-impressions\train\QdafN9Y_j-Y.001.mp4,train
C:\Users\athas\Downloads\Chalearn\first-impressions\train\QDd2AfQEAqs.001.mp4,train
C:\Users\athas\Downloads\Chalearn\first-impressions\train\Qe7q8SFJ71E.004.mp4,train
C:\Users\athas\Downloads\Chalearn\first-impressions\train\qfL0ml0f84g.003.mp4,train
C:\Users\athas\Downloads\Chalearn\first-impressions\train\qfL0ml0f84g.004.mp4,train
C:\Users\athas\Downloads\Chalearn\first-impressions\train\QfU5JsVMjfI.000.mp4,train
C:\Users\athas\Downloads\Chalearn\first-impressions\train\QfU5JsVMjfI.001.mp4,train
C:\Users\athas\Downloads\Chalearn\first-impressions\train\QfU5JsVMjfI.003.mp4,train
C:\Users\athas\Downloads\Chalearn\first-impressions\train\qFYgMFMal_s.005.mp4,train
C:\Users\athas\Downloads\Chalearn\first-impressions\train\QiPb8vlGDFo.000.mp4,train
C:\Users\athas\Downloads\Chalearn\first-impressions\train\QiPb8vlGDFo.001.mp4,train
C:\Users\athas\Downloads\Chalearn\first-impressions\train\QiPb8vlGDFo.002.mp4,train
C:\Users\athas\Downloads\Chalearn\first-impressions\train\QiPb8vlGDFo.003.mp4,train
C:\Users\athas\Downloads\Chalearn\first-impressions\train\QiPb8vlGDFo.004.mp4,train
C:\Users\athas\Downloads\Chalearn\first-impressions\train\QipgesEKSNA.000.mp4,train
C:\Users\athas\Downloads\Chalearn\first-impressions\train\QipgesEKSNA.001.mp4,train
C:\Users\athas\Downloads\Chalearn\first-impressions\train\QipgesEKSNA.002.mp4,train
C:\Users\athas\Downloads\Chalearn\first-impressions\train\QipgesEKSNA.004.mp4,train
C:\Users\athas\Downloads\Chalearn\first-impressions\train\QiR6yJbFCfM.005.mp4,train
C:\Users\athas\Downloads\Chalearn\first-impressions\train\qj-3b8snKho.002.mp4,train
C:\Users\athas\Downloads\Chalearn\first-impressions\train\qJ6_xSx9kCM.002.mp4,train
C:\Users\athas\Downloads\Chalearn\first-impressions\train\QJcc95Y0XPw.002.mp4,train
C:\Users\athas\Downloads\Chalearn\first-impressions\train\qjU3GX3jgSY.002.mp4,train
C:\Users\athas\Downloads\Chalearn\first-impressions\train\qjU3GX3jgSY.003.mp4,train
C:\Users\athas\Downloads\Chalearn\first-impressions\train\qjU3GX3jgSY.004.mp4,train
C:\Users\athas\Downloads\Chalearn\first-impressions\train\qjWi69HY2Fc.000.mp4,train
C:\Users\athas\Downloads\Chalearn\first-impressions\train\Qkao4XiSflU.003.mp4,train
C:\Users\athas\Downloads\Chalearn\first-impressions\train\QKcx5msA7iA.000.mp4,train
C:\Users\athas\Downloads\Chalearn\first-impressions\train\QKcx5msA7iA.003.mp4,train
C:\Users\athas\Downloads\Chalearn\first-impressions\train\QKcx5msA7iA.004.mp4,train
C:\Users\athas\Downloads\Chalearn\first-impressions\train\QKlawwZQK9M.000.mp4,train
C:\Users\athas\Downloads\Chalearn\first-impressions\train\QKlawwZQK9M.001.mp4,train
C:\Users\athas\Downloads\Chalearn\first-impressions\train\QKluS-uQIaM.002.mp4,train
C:\Users\athas\Downloads\Chalearn\first-impressions\train\qkmEt0ofGq8.002.mp4,train
C:\Users\athas\Downloads\Chalearn\first-impressions\train\qkmEt0ofGq8.003.mp4,train
C:\Users\athas\Downloads\Chalearn\first-impressions\train\qkmEt0ofGq8.004.mp4,train
C:\Users\athas\Downloads\Chalearn\first-impressions\train\qktahyrtrFs.000.mp4,train
C:\Users\athas\Downloads\Chalearn\first-impressions\train\qktahyrtrFs.001.mp4,train
C:\Users\athas\Downloads\Chalearn\first-impressions\train\QlBgvZjbX30.000.mp4,train
C:\Users\athas\Downloads\Chalearn\first-impressions\train\QlBgvZjbX30.002.mp4,train
C:\Users\athas\Downloads\Chalearn\first-impressions\train\qLbOPbx33dk.001.mp4,train
C:\Users\athas\Downloads\Chalearn\first-impressions\train\QlkTEWrSCBs.000.mp4,train
C:\Users\athas\Downloads\Chalearn\first-impressions\train\qLV1a_611kA.004.mp4,train
C:\Users\athas\Downloads\Chalearn\first-impressions\train\qMARpi60Hhs.000.mp4,train
C:\Users\athas\Downloads\Chalearn\first-impressions\train\qMARpi60Hhs.004.mp4,train
C:\Users\athas\Downloads\Chalearn\first-impressions\train\qmiBcHJpKR0.000.mp4,train
C:\Users\athas\Downloads\Chalearn\first-impressions\train\qmiBcHJpKR0.003.mp4,train
C:\Users\athas\Downloads\Chalearn\first-impressions\train\QMRAbwZCTfI.005.mp4,train
C:\Users\athas\Downloads\Chalearn\first-impressions\train\QNVsr2mGwGs.001.mp4,train
C:\Users\athas\Downloads\Chalearn\first-impressions\train\QNVsr2mGwGs.004.mp4,train
C:\Users\athas\Downloads\Chalearn\first-impressions\train\QNVsr2mGwGs.005.mp4,train
C:\Users\athas\Downloads\Chalearn\first-impressions\train\QovE6L-C9VY.000.mp4,train
C:\Users\athas\Downloads\Chalearn\first-impressions\train\qoztP0w5-Vo.000.mp4,train
C:\Users\athas\Downloads\Chalearn\first-impressions\train\qoztP0w5-Vo.005.mp4,train
C:\Users\athas\Downloads\Chalearn\first-impressions\train\qoZwA4ESb7g.000.mp4,train
C:\Users\athas\Downloads\Chalearn\first-impressions\train\qoZwA4ESb7g.001.mp4,train
C:\Users\athas\Downloads\Chalearn\first-impressions\train\qoZwA4ESb7g.003.mp4,train
C:\Users\athas\Downloads\Chalearn\first-impressions\train\qP1UtCbMaW4.003.mp4,train
C:\Users\athas\Downloads\Chalearn\first-impressions\train\qP8YzH6LT9c.001.mp4,train
C:\Users\athas\Downloads\Chalearn\first-impressions\train\QpA0gj1y6KE.000.mp4,train
C:\Users\athas\Downloads\Chalearn\first-impressions\train\qpwcdPnPeFM.004.mp4,train
C:\Users\athas\Downloads\Chalearn\first-impressions\train\qPzzmcuf-VI.000.mp4,train
C:\Users\athas\Downloads\Chalearn\first-impressions\train\qPzzmcuf-VI.004.mp4,train
C:\Users\athas\Downloads\Chalearn\first-impressions\train\qPzzmcuf-VI.005.mp4,train
C:\Users\athas\Downloads\Chalearn\first-impressions\train\Qqc1539E6rs.002.mp4,train
C:\Users\athas\Downloads\Chalearn\first-impressions\train\Qqc1539E6rs.003.mp4,train
C:\Users\athas\Downloads\Chalearn\first-impressions\train\Qqc1539E6rs.005.mp4,train
C:\Users\athas\Downloads\Chalearn\first-impressions\train\QqTw0lnrtBo.002.mp4,train
C:\Users\athas\Downloads\Chalearn\first-impressions\train\QqTw0lnrtBo.004.mp4,train
C:\Users\athas\Downloads\Chalearn\first-impressions\train\QQzeQOoqO20.001.mp4,train
C:\Users\athas\Downloads\Chalearn\first-impressions\train\QQzeQOoqO20.005.mp4,train
C:\Users\athas\Downloads\Chalearn\first-impressions\train\qr1C43Ylavg.001.mp4,train
C:\Users\athas\Downloads\Chalearn\first-impressions\train\qr1C43Ylavg.004.mp4,train
C:\Users\athas\Downloads\Chalearn\first-impressions\train\qr1C43Ylavg.005.mp4,train
C:\Users\athas\Downloads\Chalearn\first-impressions\train\qrjx2kxg6M4.002.mp4,train
C:\Users\athas\Downloads\Chalearn\first-impressions\train\qRtKUGgULL8.000.mp4,train
C:\Users\athas\Downloads\Chalearn\first-impressions\train\qRtKUGgULL8.002.mp4,train
C:\Users\athas\Downloads\Chalearn\first-impressions\train\qRtKUGgULL8.005.mp4,train
C:\Users\athas\Downloads\Chalearn\first-impressions\train\QS7TwjzkYiU.004.mp4,train
C:\Users\athas\Downloads\Chalearn\first-impressions\train\qsb1j9bEENs.000.mp4,train
C:\Users\athas\Downloads\Chalearn\first-impressions\train\qsb1j9bEENs.002.mp4,train
C:\Users\athas\Downloads\Chalearn\first-impressions\train\qsd4GdeN_eY.001.mp4,train
C:\Users\athas\Downloads\Chalearn\first-impressions\train\QsUj_OlGQ-0.000.mp4,train
C:\Users\athas\Downloads\Chalearn\first-impressions\train\QsUj_OlGQ-0.002.mp4,train
C:\Users\athas\Downloads\Chalearn\first-impressions\train\QsUj_OlGQ-0.004.mp4,train
C:\Users\athas\Downloads\Chalearn\first-impressions\train\QsUj_OlGQ-0.005.mp4,train
C:\Users\athas\Downloads\Chalearn\first-impressions\train\qtB-CogljAo.000.mp4,train
C:\Users\athas\Downloads\Chalearn\first-impressions\train\qtB-CogljAo.001.mp4,train
C:\Users\athas\Downloads\Chalearn\first-impressions\train\qtB-CogljAo.002.mp4,train
C:\Users\athas\Downloads\Chalearn\first-impressions\train\qtB-CogljAo.003.mp4,train
C:\Users\athas\Downloads\Chalearn\first-impressions\train\qtB-CogljAo.005.mp4,train
C:\Users\athas\Downloads\Chalearn\first-impressions\train\QTtTAFqT-no.004.mp4,train
C:\Users\athas\Downloads\Chalearn\first-impressions\train\Qu81v9Aybv4.000.mp4,train
C:\Users\athas\Downloads\Chalearn\first-impressions\train\Qu81v9Aybv4.002.mp4,train
C:\Users\athas\Downloads\Chalearn\first-impressions\train\Qu81v9Aybv4.003.mp4,train
C:\Users\athas\Downloads\Chalearn\first-impressions\train\Qu81v9Aybv4.004.mp4,train
C:\Users\athas\Downloads\Chalearn\first-impressions\train\Qu81v9Aybv4.005.mp4,train
C:\Users\athas\Downloads\Chalearn\first-impressions\train\QuwVzi2tQrQ.005.mp4,train
C:\Users\athas\Downloads\Chalearn\first-impressions\train\qVcw5-mm31s.000.mp4,train
C:\Users\athas\Downloads\Chalearn\first-impressions\train\qVcw5-mm31s.004.mp4,train
C:\Users\athas\Downloads\Chalearn\first-impressions\train\qVcw5-mm31s.005.mp4,train
C:\Users\athas\Downloads\Chalearn\first-impressions\train\qVrXROy4Ais.000.mp4,train
C:\Users\athas\Downloads\Chalearn\first-impressions\train\qVrXROy4Ais.001.mp4,train
C:\Users\athas\Downloads\Chalearn\first-impressions\train\qVrXROy4Ais.004.mp4,train
C:\Users\athas\Downloads\Chalearn\first-impressions\train\qW0TYVtzq5A.000.mp4,train
C:\Users\athas\Downloads\Chalearn\first-impressions\train\qW0TYVtzq5A.001.mp4,train
C:\Users\athas\Downloads\Chalearn\first-impressions\train\qW0TYVtzq5A.002.mp4,train
C:\Users\athas\Downloads\Chalearn\first-impressions\train\qW0TYVtzq5A.003.mp4,train
C:\Users\athas\Downloads\Chalearn\first-impressions\train\QXFRE_pjrAE.000.mp4,train
C:\Users\athas\Downloads\Chalearn\first-impressions\train\QXFRE_pjrAE.001.mp4,train
C:\Users\athas\Downloads\Chalearn\first-impressions\train\QXFRE_pjrAE.003.mp4,train
C:\Users\athas\Downloads\Chalearn\first-impressions\train\QyVTG0sGKg0.001.mp4,train
C:\Users\athas\Downloads\Chalearn\first-impressions\train\QyVTG0sGKg0.002.mp4,train
C:\Users\athas\Downloads\Chalearn\first-impressions\train\qyzuaettjU8.001.mp4,train
C:\Users\athas\Downloads\Chalearn\first-impressions\train\qyzuaettjU8.004.mp4,train
C:\Users\athas\Downloads\Chalearn\first-impressions\train\Qzu9b49qvKo.003.mp4,train
C:\Users\athas\Downloads\Chalearn\first-impressions\train\Qz_cjgCtDcM.001.mp4,train
C:\Users\athas\Downloads\Chalearn\first-impressions\train\Qz_cjgCtDcM.003.mp4,train
C:\Users\athas\Downloads\Chalearn\first-impressions\train\Qz_cjgCtDcM.005.mp4,train
C:\Users\athas\Downloads\Chalearn\first-impressions\train\Q_YyIgxj6HE.001.mp4,train
C:\Users\athas\Downloads\Chalearn\first-impressions\train\R-qB2FX7ZbE.001.mp4,train
C:\Users\athas\Downloads\Chalearn\first-impressions\train\R-qB2FX7ZbE.004.mp4,train
C:\Users\athas\Downloads\Chalearn\first-impressions\train\R-vly7LKotQ.003.mp4,train
C:\Users\athas\Downloads\Chalearn\first-impressions\train\R0RURVpmU9M.004.mp4,train
C:\Users\athas\Downloads\Chalearn\first-impressions\train\r1v6EmZv7-o.001.mp4,train
C:\Users\athas\Downloads\Chalearn\first-impressions\train\r1v6EmZv7-o.002.mp4,train
C:\Users\athas\Downloads\Chalearn\first-impressions\train\r1v6EmZv7-o.004.mp4,train
C:\Users\athas\Downloads\Chalearn\first-impressions\train\r1v6EmZv7-o.005.mp4,train
C:\Users\athas\Downloads\Chalearn\first-impressions\train\r1YAW67aevY.000.mp4,train
C:\Users\athas\Downloads\Chalearn\first-impressions\train\r1YAW67aevY.003.mp4,train
C:\Users\athas\Downloads\Chalearn\first-impressions\train\r1YAW67aevY.005.mp4,train
C:\Users\athas\Downloads\Chalearn\first-impressions\train\r2BoxB3kgYk.000.mp4,train
C:\Users\athas\Downloads\Chalearn\first-impressions\train\r2BoxB3kgYk.001.mp4,train
C:\Users\athas\Downloads\Chalearn\first-impressions\train\r2BoxB3kgYk.003.mp4,train
C:\Users\athas\Downloads\Chalearn\first-impressions\train\r2HcJYjGK5s.001.mp4,train
C:\Users\athas\Downloads\Chalearn\first-impressions\train\r2HcJYjGK5s.003.mp4,train
C:\Users\athas\Downloads\Chalearn\first-impressions\train\r2HcJYjGK5s.004.mp4,train
C:\Users\athas\Downloads\Chalearn\first-impressions\train\r2HcJYjGK5s.005.mp4,train
C:\Users\athas\Downloads\Chalearn\first-impressions\train\R42dmIPCXwo.001.mp4,train
C:\Users\athas\Downloads\Chalearn\first-impressions\train\R42dmIPCXwo.003.mp4,train
C:\Users\athas\Downloads\Chalearn\first-impressions\train\r4BGKIXrD9c.003.mp4,train
C:\Users\athas\Downloads\Chalearn\first-impressions\train\r4BGKIXrD9c.005.mp4,train
C:\Users\athas\Downloads\Chalearn\first-impressions\train\R5uXsQsO6Uo.002.mp4,train
C:\Users\athas\Downloads\Chalearn\first-impressions\train\R6NTuhZtOks.003.mp4,train
C:\Users\athas\Downloads\Chalearn\first-impressions\train\R6NTuhZtOks.005.mp4,train
C:\Users\athas\Downloads\Chalearn\first-impressions\train\R8Gpa-rRywc.001.mp4,train
C:\Users\athas\Downloads\Chalearn\first-impressions\train\r93dLeVRk3U.002.mp4,train
C:\Users\athas\Downloads\Chalearn\first-impressions\train\r93dLeVRk3U.003.mp4,train
C:\Users\athas\Downloads\Chalearn\first-impressions\train\r9TaaVTo8Y8.000.mp4,train
C:\Users\athas\Downloads\Chalearn\first-impressions\train\r9TaaVTo8Y8.001.mp4,train
C:\Users\athas\Downloads\Chalearn\first-impressions\train\r9TaaVTo8Y8.002.mp4,train
C:\Users\athas\Downloads\Chalearn\first-impressions\train\r9TaaVTo8Y8.003.mp4,train
C:\Users\athas\Downloads\Chalearn\first-impressions\train\r9TaaVTo8Y8.004.mp4,train
C:\Users\athas\Downloads\Chalearn\first-impressions\train\RB9vu-0Y_Fk.001.mp4,train
C:\Users\athas\Downloads\Chalearn\first-impressions\train\RbX4q4KceVk.000.mp4,train
C:\Users\athas\Downloads\Chalearn\first-impressions\train\RbX4q4KceVk.003.mp4,train
C:\Users\athas\Downloads\Chalearn\first-impressions\train\RbX4q4KceVk.004.mp4,train
C:\Users\athas\Downloads\Chalearn\first-impressions\train\RbX4q4KceVk.005.mp4,train
C:\Users\athas\Downloads\Chalearn\first-impressions\train\rBxWZzkEncE.002.mp4,train
C:\Users\athas\Downloads\Chalearn\first-impressions\train\rBxWZzkEncE.003.mp4,train
C:\Users\athas\Downloads\Chalearn\first-impressions\train\rBxWZzkEncE.004.mp4,train
C:\Users\athas\Downloads\Chalearn\first-impressions\train\RCr48dXuZYE.002.mp4,train
C:\Users\athas\Downloads\Chalearn\first-impressions\train\rCxlfusNJlY.000.mp4,train
C:\Users\athas\Downloads\Chalearn\first-impressions\train\rCxlfusNJlY.001.mp4,train
C:\Users\athas\Downloads\Chalearn\first-impressions\train\rCxlfusNJlY.002.mp4,train
C:\Users\athas\Downloads\Chalearn\first-impressions\train\rD6NViDdyOU.001.mp4,train
C:\Users\athas\Downloads\Chalearn\first-impressions\train\rD6NViDdyOU.002.mp4,train
C:\Users\athas\Downloads\Chalearn\first-impressions\train\rD6NViDdyOU.005.mp4,train
C:\Users\athas\Downloads\Chalearn\first-impressions\train\RdHnu7ZxjzI.000.mp4,train
C:\Users\athas\Downloads\Chalearn\first-impressions\train\RdHnu7ZxjzI.002.mp4,train
C:\Users\athas\Downloads\Chalearn\first-impressions\train\RDOngWykAQU.000.mp4,train
C:\Users\athas\Downloads\Chalearn\first-impressions\train\RDOngWykAQU.002.mp4,train
C:\Users\athas\Downloads\Chalearn\first-impressions\train\RDOngWykAQU.003.mp4,train
C:\Users\athas\Downloads\Chalearn\first-impressions\train\REAxeTWo1QM.002.mp4,train
C:\Users\athas\Downloads\Chalearn\first-impressions\train\rFs0AC2qV6o.000.mp4,train
C:\Users\athas\Downloads\Chalearn\first-impressions\train\rFs0AC2qV6o.001.mp4,train
C:\Users\athas\Downloads\Chalearn\first-impressions\train\rG8D-A2F8xg.003.mp4,train
C:\Users\athas\Downloads\Chalearn\first-impressions\train\rG8D-A2F8xg.004.mp4,train
C:\Users\athas\Downloads\Chalearn\first-impressions\train\rG8D-A2F8xg.005.mp4,train
C:\Users\athas\Downloads\Chalearn\first-impressions\train\rGNeR3p1jKU.000.mp4,train
C:\Users\athas\Downloads\Chalearn\first-impressions\train\rGNeR3p1jKU.001.mp4,train
C:\Users\athas\Downloads\Chalearn\first-impressions\train\rGTn2uaCAT0.002.mp4,train
C:\Users\athas\Downloads\Chalearn\first-impressions\train\rGTn2uaCAT0.003.mp4,train
C:\Users\athas\Downloads\Chalearn\first-impressions\train\rGTn2uaCAT0.004.mp4,train
C:\Users\athas\Downloads\Chalearn\first-impressions\train\rGTn2uaCAT0.005.mp4,train
C:\Users\athas\Downloads\Chalearn\first-impressions\train\RGuHfwIRKpA.000.mp4,train
C:\Users\athas\Downloads\Chalearn\first-impressions\train\RGuHfwIRKpA.001.mp4,train
C:\Users\athas\Downloads\Chalearn\first-impressions\train\RgZTZIf8K8g.000.mp4,train
C:\Users\athas\Downloads\Chalearn\first-impressions\train\RgZTZIf8K8g.001.mp4,train
C:\Users\athas\Downloads\Chalearn\first-impressions\train\RgZTZIf8K8g.002.mp4,train
C:\Users\athas\Downloads\Chalearn\first-impressions\train\RgZTZIf8K8g.003.mp4,train
C:\Users\athas\Downloads\Chalearn\first-impressions\train\RHEkTC8UfME.000.mp4,train
C:\Users\athas\Downloads\Chalearn\first-impressions\train\RHEkTC8UfME.003.mp4,train
C:\Users\athas\Downloads\Chalearn\first-impressions\train\RhFPotjd0hM.002.mp4,train
C:\Users\athas\Downloads\Chalearn\first-impressions\train\RhFPotjd0hM.003.mp4,train
C:\Users\athas\Downloads\Chalearn\first-impressions\train\RhFPotjd0hM.004.mp4,train
C:\Users\athas\Downloads\Chalearn\first-impressions\train\rhKVPhhWHko.002.mp4,train
C:\Users\athas\Downloads\Chalearn\first-impressions\train\RhSWpef2e6s.000.mp4,train
C:\Users\athas\Downloads\Chalearn\first-impressions\train\rIHcq2E67Nc.003.mp4,train
C:\Users\athas\Downloads\Chalearn\first-impressions\train\rIHcq2E67Nc.005.mp4,train
C:\Users\athas\Downloads\Chalearn\first-impressions\train\rIRBEkDhn6Q.002.mp4,train
C:\Users\athas\Downloads\Chalearn\first-impressions\train\rIRBEkDhn6Q.003.mp4,train
C:\Users\athas\Downloads\Chalearn\first-impressions\train\rIRBEkDhn6Q.004.mp4,train
C:\Users\athas\Downloads\Chalearn\first-impressions\train\rIRBEkDhn6Q.005.mp4,train
C:\Users\athas\Downloads\Chalearn\first-impressions\train\rJgbslC72gw.001.mp4,train
C:\Users\athas\Downloads\Chalearn\first-impressions\train\rJgbslC72gw.003.mp4,train
C:\Users\athas\Downloads\Chalearn\first-impressions\train\rjS0PIwS47M.001.mp4,train
C:\Users\athas\Downloads\Chalearn\first-impressions\train\RlaaCqle7tY.003.mp4,train
C:\Users\athas\Downloads\Chalearn\first-impressions\train\RlaaCqle7tY.005.mp4,train
C:\Users\athas\Downloads\Chalearn\first-impressions\train\RlUuWWWFrhM.005.mp4,train
C:\Users\athas\Downloads\Chalearn\first-impressions\train\RMA5HIyEsXc.000.mp4,train
C:\Users\athas\Downloads\Chalearn\first-impressions\train\rMFJmA5dRFQ.000.mp4,train
C:\Users\athas\Downloads\Chalearn\first-impressions\train\Rops7WYMCCY.000.mp4,train
C:\Users\athas\Downloads\Chalearn\first-impressions\train\Rops7WYMCCY.001.mp4,train
C:\Users\athas\Downloads\Chalearn\first-impressions\train\Rops7WYMCCY.002.mp4,train
C:\Users\athas\Downloads\Chalearn\first-impressions\train\Rops7WYMCCY.003.mp4,train
C:\Users\athas\Downloads\Chalearn\first-impressions\train\ROTx-0q1F9M.001.mp4,train
C:\Users\athas\Downloads\Chalearn\first-impressions\train\ROTx-0q1F9M.004.mp4,train
C:\Users\athas\Downloads\Chalearn\first-impressions\train\ROTx-0q1F9M.005.mp4,train
C:\Users\athas\Downloads\Chalearn\first-impressions\train\Rp_gyvKE4hI.000.mp4,train
C:\Users\athas\Downloads\Chalearn\first-impressions\train\Rp_gyvKE4hI.001.mp4,train
C:\Users\athas\Downloads\Chalearn\first-impressions\train\Rp_gyvKE4hI.002.mp4,train
C:\Users\athas\Downloads\Chalearn\first-impressions\train\Rp_gyvKE4hI.004.mp4,train
C:\Users\athas\Downloads\Chalearn\first-impressions\train\Rp_gyvKE4hI.005.mp4,train
C:\Users\athas\Downloads\Chalearn\first-impressions\train\RQdZHLGGR_E.001.mp4,train
C:\Users\athas\Downloads\Chalearn\first-impressions\train\RQeoo3idUJc.004.mp4,train
C:\Users\athas\Downloads\Chalearn\first-impressions\train\rqfvIjzegpI.000.mp4,train
C:\Users\athas\Downloads\Chalearn\first-impressions\train\rqfvIjzegpI.001.mp4,train
C:\Users\athas\Downloads\Chalearn\first-impressions\train\rqfvIjzegpI.005.mp4,train
C:\Users\athas\Downloads\Chalearn\first-impressions\train\rrdSLfnU2pg.000.mp4,train
C:\Users\athas\Downloads\Chalearn\first-impressions\train\rrdSLfnU2pg.003.mp4,train
C:\Users\athas\Downloads\Chalearn\first-impressions\train\RrvG7JlKoXM.002.mp4,train
C:\Users\athas\Downloads\Chalearn\first-impressions\train\RrvG7JlKoXM.004.mp4,train
C:\Users\athas\Downloads\Chalearn\first-impressions\train\RrvG7JlKoXM.005.mp4,train
C:\Users\athas\Downloads\Chalearn\first-impressions\train\RsjDkkvJirs.005.mp4,train
C:\Users\athas\Downloads\Chalearn\first-impressions\train\RsYSOFRFszk.001.mp4,train
C:\Users\athas\Downloads\Chalearn\first-impressions\train\RsYSOFRFszk.004.mp4,train
C:\Users\athas\Downloads\Chalearn\first-impressions\train\Rsz-26AaL2o.001.mp4,train
C:\Users\athas\Downloads\Chalearn\first-impressions\train\rT0TqakPrAI.000.mp4,train
C:\Users\athas\Downloads\Chalearn\first-impressions\train\rtEASqA8_WE.000.mp4,train
C:\Users\athas\Downloads\Chalearn\first-impressions\train\rTG9gtci67c.001.mp4,train
C:\Users\athas\Downloads\Chalearn\first-impressions\train\rTG9gtci67c.002.mp4,train
C:\Users\athas\Downloads\Chalearn\first-impressions\train\rTG9gtci67c.004.mp4,train
C:\Users\athas\Downloads\Chalearn\first-impressions\train\rTG9gtci67c.005.mp4,train
C:\Users\athas\Downloads\Chalearn\first-impressions\train\RthpiC1KtSg.000.mp4,train
C:\Users\athas\Downloads\Chalearn\first-impressions\train\RthpiC1KtSg.003.mp4,train
C:\Users\athas\Downloads\Chalearn\first-impressions\train\RthpiC1KtSg.004.mp4,train
C:\Users\athas\Downloads\Chalearn\first-impressions\train\RTJK4Duuxsc.003.mp4,train
C:\Users\athas\Downloads\Chalearn\first-impressions\train\RtNylXap2qk.000.mp4,train
C:\Users\athas\Downloads\Chalearn\first-impressions\train\RtNylXap2qk.001.mp4,train
C:\Users\athas\Downloads\Chalearn\first-impressions\train\RtNylXap2qk.005.mp4,train
C:\Users\athas\Downloads\Chalearn\first-impressions\train\rUGAiuYHNgE.000.mp4,train
C:\Users\athas\Downloads\Chalearn\first-impressions\train\rUGAiuYHNgE.002.mp4,train
C:\Users\athas\Downloads\Chalearn\first-impressions\train\rUGAiuYHNgE.004.mp4,train
C:\Users\athas\Downloads\Chalearn\first-impressions\train\RuRn2t7iPSc.000.mp4,train
C:\Users\athas\Downloads\Chalearn\first-impressions\train\RuRn2t7iPSc.002.mp4,train
C:\Users\athas\Downloads\Chalearn\first-impressions\train\RuRn2t7iPSc.004.mp4,train
C:\Users\athas\Downloads\Chalearn\first-impressions\train\rvB9DYAKHpk.000.mp4,train
C:\Users\athas\Downloads\Chalearn\first-impressions\train\rvB9DYAKHpk.001.mp4,train
C:\Users\athas\Downloads\Chalearn\first-impressions\train\rvB9DYAKHpk.002.mp4,train
C:\Users\athas\Downloads\Chalearn\first-impressions\train\RvoxbgEP49Q.003.mp4,train
C:\Users\athas\Downloads\Chalearn\first-impressions\train\RvoxbgEP49Q.005.mp4,train
C:\Users\athas\Downloads\Chalearn\first-impressions\train\rW3hFpfGMHs.003.mp4,train
C:\Users\athas\Downloads\Chalearn\first-impressions\train\RW4a2ERzTO8.000.mp4,train
C:\Users\athas\Downloads\Chalearn\first-impressions\train\RWfY3Xk0XPQ.002.mp4,train
C:\Users\athas\Downloads\Chalearn\first-impressions\train\RWfY3Xk0XPQ.003.mp4,train
C:\Users\athas\Downloads\Chalearn\first-impressions\train\RWfY3Xk0XPQ.005.mp4,train
C:\Users\athas\Downloads\Chalearn\first-impressions\train\RWhyKkFI3zw.001.mp4,train
C:\Users\athas\Downloads\Chalearn\first-impressions\train\RWhyKkFI3zw.004.mp4,train
C:\Users\athas\Downloads\Chalearn\first-impressions\train\RWhyKkFI3zw.005.mp4,train
C:\Users\athas\Downloads\Chalearn\first-impressions\train\rwinPicu_aw.000.mp4,train
C:\Users\athas\Downloads\Chalearn\first-impressions\train\rwinPicu_aw.001.mp4,train
C:\Users\athas\Downloads\Chalearn\first-impressions\train\rwinPicu_aw.002.mp4,train
C:\Users\athas\Downloads\Chalearn\first-impressions\train\Rwsss8y1bf0.000.mp4,train
C:\Users\athas\Downloads\Chalearn\first-impressions\train\Rwsss8y1bf0.002.mp4,train
C:\Users\athas\Downloads\Chalearn\first-impressions\train\Rwsss8y1bf0.004.mp4,train
C:\Users\athas\Downloads\Chalearn\first-impressions\train\rWT8N_yjf60.005.mp4,train
C:\Users\athas\Downloads\Chalearn\first-impressions\train\Rw_ZLT9vZTI.003.mp4,train
C:\Users\athas\Downloads\Chalearn\first-impressions\train\Rw_ZLT9vZTI.005.mp4,train
C:\Users\athas\Downloads\Chalearn\first-impressions\train\rXoCKj1qwn4.001.mp4,train
C:\Users\athas\Downloads\Chalearn\first-impressions\train\rxYWgXYTATs.000.mp4,train
C:\Users\athas\Downloads\Chalearn\first-impressions\train\rxYWgXYTATs.001.mp4,train
C:\Users\athas\Downloads\Chalearn\first-impressions\train\rxYWgXYTATs.002.mp4,train
C:\Users\athas\Downloads\Chalearn\first-impressions\train\rxYWgXYTATs.003.mp4,train
C:\Users\athas\Downloads\Chalearn\first-impressions\train\rxYWgXYTATs.005.mp4,train
C:\Users\athas\Downloads\Chalearn\first-impressions\train\Ry5JJvTfP-8.002.mp4,train
C:\Users\athas\Downloads\Chalearn\first-impressions\train\Ry5JJvTfP-8.004.mp4,train
C:\Users\athas\Downloads\Chalearn\first-impressions\train\RYG6XhdmPY0.001.mp4,train
C:\Users\athas\Downloads\Chalearn\first-impressions\train\RYG6XhdmPY0.002.mp4,train
C:\Users\athas\Downloads\Chalearn\first-impressions\train\RYG6XhdmPY0.004.mp4,train
C:\Users\athas\Downloads\Chalearn\first-impressions\train\RYG6XhdmPY0.005.mp4,train
C:\Users\athas\Downloads\Chalearn\first-impressions\train\RZgTERiRDjA.001.mp4,train
C:\Users\athas\Downloads\Chalearn\first-impressions\train\rzKtAeWgZH0.003.mp4,train
C:\Users\athas\Downloads\Chalearn\first-impressions\train\RZOimXPTG0s.000.mp4,train
C:\Users\athas\Downloads\Chalearn\first-impressions\train\RZOimXPTG0s.002.mp4,train
C:\Users\athas\Downloads\Chalearn\first-impressions\train\RZOimXPTG0s.003.mp4,train
C:\Users\athas\Downloads\Chalearn\first-impressions\train\R_6hhFo7M3o.002.mp4,train
C:\Users\athas\Downloads\Chalearn\first-impressions\train\R_6hhFo7M3o.003.mp4,train
C:\Users\athas\Downloads\Chalearn\first-impressions\train\r_cVo5qZ9n0.002.mp4,train
C:\Users\athas\Downloads\Chalearn\first-impressions\train\R_LJX7wszPY.000.mp4,train
C:\Users\athas\Downloads\Chalearn\first-impressions\train\S-e9-bW4seo.001.mp4,train
C:\Users\athas\Downloads\Chalearn\first-impressions\train\S-e9-bW4seo.004.mp4,train
C:\Users\athas\Downloads\Chalearn\first-impressions\train\S-jhg6Y5OrE.001.mp4,train
C:\Users\athas\Downloads\Chalearn\first-impressions\train\s-jZlMKQGwc.000.mp4,train
C:\Users\athas\Downloads\Chalearn\first-impressions\train\s-jZlMKQGwc.002.mp4,train
C:\Users\athas\Downloads\Chalearn\first-impressions\train\s-jZlMKQGwc.003.mp4,train
C:\Users\athas\Downloads\Chalearn\first-impressions\train\s0MKUEnyHSE.003.mp4,train
C:\Users\athas\Downloads\Chalearn\first-impressions\train\s0pgZM5G6ds.003.mp4,train
C:\Users\athas\Downloads\Chalearn\first-impressions\train\s0pgZM5G6ds.004.mp4,train
C:\Users\athas\Downloads\Chalearn\first-impressions\train\S0QIXcQGG-g.000.mp4,train
C:\Users\athas\Downloads\Chalearn\first-impressions\train\S0QIXcQGG-g.001.mp4,train
C:\Users\athas\Downloads\Chalearn\first-impressions\train\S0QIXcQGG-g.002.mp4,train
C:\Users\athas\Downloads\Chalearn\first-impressions\train\S0QIXcQGG-g.004.mp4,train
C:\Users\athas\Downloads\Chalearn\first-impressions\train\S1AEj1kO5dc.002.mp4,train
C:\Users\athas\Downloads\Chalearn\first-impressions\train\S1AEj1kO5dc.004.mp4,train
C:\Users\athas\Downloads\Chalearn\first-impressions\train\S1AEj1kO5dc.005.mp4,train
C:\Users\athas\Downloads\Chalearn\first-impressions\train\s1DOqsQoN5s.001.mp4,train
C:\Users\athas\Downloads\Chalearn\first-impressions\train\s1DOqsQoN5s.002.mp4,train
C:\Users\athas\Downloads\Chalearn\first-impressions\train\s1DOqsQoN5s.003.mp4,train
C:\Users\athas\Downloads\Chalearn\first-impressions\train\s3m8DgUi6GM.000.mp4,train
C:\Users\athas\Downloads\Chalearn\first-impressions\train\s3m8DgUi6GM.001.mp4,train
C:\Users\athas\Downloads\Chalearn\first-impressions\train\s3m8DgUi6GM.004.mp4,train
C:\Users\athas\Downloads\Chalearn\first-impressions\train\s6gN_358tk4.001.mp4,train
C:\Users\athas\Downloads\Chalearn\first-impressions\train\s6N1pv5lzrU.002.mp4,train
C:\Users\athas\Downloads\Chalearn\first-impressions\train\s6N1pv5lzrU.003.mp4,train
C:\Users\athas\Downloads\Chalearn\first-impressions\train\s85T4B1ONWE.005.mp4,train
C:\Users\athas\Downloads\Chalearn\first-impressions\train\sa7E6SrSmEs.003.mp4,train
C:\Users\athas\Downloads\Chalearn\first-impressions\train\Sa7iqqSbaTU.000.mp4,train
C:\Users\athas\Downloads\Chalearn\first-impressions\train\Sa7iqqSbaTU.002.mp4,train
C:\Users\athas\Downloads\Chalearn\first-impressions\train\saTSCzI1dKo.004.mp4,train
C:\Users\athas\Downloads\Chalearn\first-impressions\train\Sb1b8JMVhLs.000.mp4,train
C:\Users\athas\Downloads\Chalearn\first-impressions\train\Sb1b8JMVhLs.002.mp4,train
C:\Users\athas\Downloads\Chalearn\first-impressions\train\Sb1b8JMVhLs.005.mp4,train
C:\Users\athas\Downloads\Chalearn\first-impressions\train\SBEad3L1Hdc.000.mp4,train
C:\Users\athas\Downloads\Chalearn\first-impressions\train\SBEad3L1Hdc.001.mp4,train
C:\Users\athas\Downloads\Chalearn\first-impressions\train\SBEad3L1Hdc.003.mp4,train
C:\Users\athas\Downloads\Chalearn\first-impressions\train\sBHv1jYmZQE.000.mp4,train
C:\Users\athas\Downloads\Chalearn\first-impressions\train\sBHv1jYmZQE.003.mp4,train
C:\Users\athas\Downloads\Chalearn\first-impressions\train\sBHv1jYmZQE.004.mp4,train
C:\Users\athas\Downloads\Chalearn\first-impressions\train\SbtIS7XwkLU.001.mp4,train
C:\Users\athas\Downloads\Chalearn\first-impressions\train\SbtIS7XwkLU.005.mp4,train
C:\Users\athas\Downloads\Chalearn\first-impressions\train\sBw7VHQ74SY.005.mp4,train
C:\Users\athas\Downloads\Chalearn\first-impressions\train\scifP1EXSdo.001.mp4,train
C:\Users\athas\Downloads\Chalearn\first-impressions\train\SCnQFpdklMg.001.mp4,train
C:\Users\athas\Downloads\Chalearn\first-impressions\train\SCnQFpdklMg.002.mp4,train
C:\Users\athas\Downloads\Chalearn\first-impressions\train\SCnQFpdklMg.004.mp4,train
C:\Users\athas\Downloads\Chalearn\first-impressions\train\SCnQFpdklMg.005.mp4,train
C:\Users\athas\Downloads\Chalearn\first-impressions\train\SCZLT4fH5B8.000.mp4,train
C:\Users\athas\Downloads\Chalearn\first-impressions\train\SCZLT4fH5B8.001.mp4,train
C:\Users\athas\Downloads\Chalearn\first-impressions\train\sDfU1gixDmM.000.mp4,train
C:\Users\athas\Downloads\Chalearn\first-impressions\train\sDNzrM6N7wA.000.mp4,train
C:\Users\athas\Downloads\Chalearn\first-impressions\train\sDNzrM6N7wA.003.mp4,train
C:\Users\athas\Downloads\Chalearn\first-impressions\train\Sdqg-jn_tBk.000.mp4,train
C:\Users\athas\Downloads\Chalearn\first-impressions\train\Sdqg-jn_tBk.001.mp4,train
C:\Users\athas\Downloads\Chalearn\first-impressions\train\Sdqg-jn_tBk.004.mp4,train
C:\Users\athas\Downloads\Chalearn\first-impressions\train\sduFj_uaZ-w.000.mp4,train
C:\Users\athas\Downloads\Chalearn\first-impressions\train\sDWJMBZ1mVA.001.mp4,train
C:\Users\athas\Downloads\Chalearn\first-impressions\train\sDWJMBZ1mVA.002.mp4,train
C:\Users\athas\Downloads\Chalearn\first-impressions\train\sDWJMBZ1mVA.003.mp4,train
C:\Users\athas\Downloads\Chalearn\first-impressions\train\sDWJMBZ1mVA.005.mp4,train
C:\Users\athas\Downloads\Chalearn\first-impressions\train\Se3Gts4u1vs.000.mp4,train
C:\Users\athas\Downloads\Chalearn\first-impressions\train\Se3Gts4u1vs.005.mp4,train
C:\Users\athas\Downloads\Chalearn\first-impressions\train\SEELGB_-uWU.001.mp4,train
C:\Users\athas\Downloads\Chalearn\first-impressions\train\SEELGB_-uWU.002.mp4,train
C:\Users\athas\Downloads\Chalearn\first-impressions\train\SEELGB_-uWU.003.mp4,train
C:\Users\athas\Downloads\Chalearn\first-impressions\train\SEELGB_-uWU.005.mp4,train
C:\Users\athas\Downloads\Chalearn\first-impressions\train\sf29orxf4X0.000.mp4,train
C:\Users\athas\Downloads\Chalearn\first-impressions\train\sf29orxf4X0.002.mp4,train
C:\Users\athas\Downloads\Chalearn\first-impressions\train\sf29orxf4X0.003.mp4,train
C:\Users\athas\Downloads\Chalearn\first-impressions\train\sf8TXpaKnt4.001.mp4,train
C:\Users\athas\Downloads\Chalearn\first-impressions\train\SfldZBPyPFo.001.mp4,train
C:\Users\athas\Downloads\Chalearn\first-impressions\train\SfldZBPyPFo.002.mp4,train
C:\Users\athas\Downloads\Chalearn\first-impressions\train\SfldZBPyPFo.003.mp4,train
C:\Users\athas\Downloads\Chalearn\first-impressions\train\SFRis1tTZWk.002.mp4,train
C:\Users\athas\Downloads\Chalearn\first-impressions\train\SFRis1tTZWk.003.mp4,train
C:\Users\athas\Downloads\Chalearn\first-impressions\train\SFxiMxHvJuo.000.mp4,train
C:\Users\athas\Downloads\Chalearn\first-impressions\train\SFxiMxHvJuo.001.mp4,train
C:\Users\athas\Downloads\Chalearn\first-impressions\train\SFxiMxHvJuo.005.mp4,train
C:\Users\athas\Downloads\Chalearn\first-impressions\train\SG2QAh_50ek.001.mp4,train
C:\Users\athas\Downloads\Chalearn\first-impressions\train\SG2QAh_50ek.005.mp4,train
C:\Users\athas\Downloads\Chalearn\first-impressions\train\SgWtBK48AjE.001.mp4,train
C:\Users\athas\Downloads\Chalearn\first-impressions\train\SgzOYog1pH4.001.mp4,train
C:\Users\athas\Downloads\Chalearn\first-impressions\train\SgzOYog1pH4.003.mp4,train
C:\Users\athas\Downloads\Chalearn\first-impressions\train\shAhNNV-zHA.000.mp4,train
C:\Users\athas\Downloads\Chalearn\first-impressions\train\shAhNNV-zHA.001.mp4,train
C:\Users\athas\Downloads\Chalearn\first-impressions\train\shAhNNV-zHA.002.mp4,train
C:\Users\athas\Downloads\Chalearn\first-impressions\train\shAhNNV-zHA.004.mp4,train
C:\Users\athas\Downloads\Chalearn\first-impressions\train\shAhNNV-zHA.005.mp4,train
C:\Users\athas\Downloads\Chalearn\first-impressions\train\shEsu57CYnA.001.mp4,train
C:\Users\athas\Downloads\Chalearn\first-impressions\train\shEsu57CYnA.002.mp4,train
C:\Users\athas\Downloads\Chalearn\first-impressions\train\shEsu57CYnA.003.mp4,train
C:\Users\athas\Downloads\Chalearn\first-impressions\train\shEsu57CYnA.004.mp4,train
C:\Users\athas\Downloads\Chalearn\first-impressions\train\shEsu57CYnA.005.mp4,train
C:\Users\athas\Downloads\Chalearn\first-impressions\train\Shf0JB_MutI.001.mp4,train
C:\Users\athas\Downloads\Chalearn\first-impressions\train\shQmRW4CrGE.000.mp4,train
C:\Users\athas\Downloads\Chalearn\first-impressions\train\shtirfEzWFA.000.mp4,train
C:\Users\athas\Downloads\Chalearn\first-impressions\train\shtirfEzWFA.001.mp4,train
C:\Users\athas\Downloads\Chalearn\first-impressions\train\shtirfEzWFA.002.mp4,train
C:\Users\athas\Downloads\Chalearn\first-impressions\train\shV5Fbzn9pw.002.mp4,train
C:\Users\athas\Downloads\Chalearn\first-impressions\train\shV5Fbzn9pw.003.mp4,train
C:\Users\athas\Downloads\Chalearn\first-impressions\train\sHVXhr7_EOs.002.mp4,train
C:\Users\athas\Downloads\Chalearn\first-impressions\train\sHVXhr7_EOs.003.mp4,train
C:\Users\athas\Downloads\Chalearn\first-impressions\train\SI93csgHMTk.004.mp4,train
C:\Users\athas\Downloads\Chalearn\first-impressions\train\siEnTktB4lQ.001.mp4,train
C:\Users\athas\Downloads\Chalearn\first-impressions\train\siEnTktB4lQ.002.mp4,train
C:\Users\athas\Downloads\Chalearn\first-impressions\train\siEnTktB4lQ.004.mp4,train
C:\Users\athas\Downloads\Chalearn\first-impressions\train\sIfHl2N8Hkg.004.mp4,train
C:\Users\athas\Downloads\Chalearn\first-impressions\train\simc6hmrUOE.000.mp4,train
C:\Users\athas\Downloads\Chalearn\first-impressions\train\simc6hmrUOE.005.mp4,train
C:\Users\athas\Downloads\Chalearn\first-impressions\train\SIpQm4G4DDg.000.mp4,train
C:\Users\athas\Downloads\Chalearn\first-impressions\train\SIpQm4G4DDg.004.mp4,train
C:\Users\athas\Downloads\Chalearn\first-impressions\train\si_gZCrLa4A.001.mp4,train
C:\Users\athas\Downloads\Chalearn\first-impressions\train\si_gZCrLa4A.002.mp4,train
C:\Users\athas\Downloads\Chalearn\first-impressions\train\si_gZCrLa4A.005.mp4,train
C:\Users\athas\Downloads\Chalearn\first-impressions\train\SkNO4x-LSgE.004.mp4,train
C:\Users\athas\Downloads\Chalearn\first-impressions\train\SkNO4x-LSgE.005.mp4,train
C:\Users\athas\Downloads\Chalearn\first-impressions\train\slE2PWIwzus.002.mp4,train
C:\Users\athas\Downloads\Chalearn\first-impressions\train\SM0i7RkOjPk.000.mp4,train
C:\Users\athas\Downloads\Chalearn\first-impressions\train\SM0i7RkOjPk.005.mp4,train
C:\Users\athas\Downloads\Chalearn\first-impressions\train\sNPK8f4FSfo.001.mp4,train
C:\Users\athas\Downloads\Chalearn\first-impressions\train\sNs4yCA11wk.000.mp4,train
C:\Users\athas\Downloads\Chalearn\first-impressions\train\sNs4yCA11wk.001.mp4,train
C:\Users\athas\Downloads\Chalearn\first-impressions\train\sNs4yCA11wk.002.mp4,train
C:\Users\athas\Downloads\Chalearn\first-impressions\train\sNs4yCA11wk.003.mp4,train
C:\Users\athas\Downloads\Chalearn\first-impressions\train\sNs4yCA11wk.005.mp4,train
C:\Users\athas\Downloads\Chalearn\first-impressions\train\sntohi33U5s.000.mp4,train
C:\Users\athas\Downloads\Chalearn\first-impressions\train\sntohi33U5s.001.mp4,train
C:\Users\athas\Downloads\Chalearn\first-impressions\train\sntohi33U5s.004.mp4,train
C:\Users\athas\Downloads\Chalearn\first-impressions\train\sntohi33U5s.005.mp4,train
C:\Users\athas\Downloads\Chalearn\first-impressions\train\SoHlnvNirJg.001.mp4,train
C:\Users\athas\Downloads\Chalearn\first-impressions\train\sOkGz6gEmGk.000.mp4,train
C:\Users\athas\Downloads\Chalearn\first-impressions\train\sOkGz6gEmGk.001.mp4,train
C:\Users\athas\Downloads\Chalearn\first-impressions\train\sOkGz6gEmGk.002.mp4,train
C:\Users\athas\Downloads\Chalearn\first-impressions\train\sOkGz6gEmGk.003.mp4,train
C:\Users\athas\Downloads\Chalearn\first-impressions\train\SOxdUtjGmAo.001.mp4,train
C:\Users\athas\Downloads\Chalearn\first-impressions\train\SOxdUtjGmAo.002.mp4,train
C:\Users\athas\Downloads\Chalearn\first-impressions\train\SOxdUtjGmAo.003.mp4,train
C:\Users\athas\Downloads\Chalearn\first-impressions\train\SPD5fXHVyIk.002.mp4,train
C:\Users\athas\Downloads\Chalearn\first-impressions\train\SPD5fXHVyIk.004.mp4,train
C:\Users\athas\Downloads\Chalearn\first-impressions\train\sPMNhG1Sehc.004.mp4,train
C:\Users\athas\Downloads\Chalearn\first-impressions\train\sPMNhG1Sehc.005.mp4,train
C:\Users\athas\Downloads\Chalearn\first-impressions\train\SPpox8EGQqU.001.mp4,train
C:\Users\athas\Downloads\Chalearn\first-impressions\train\sqnW6xXYTKg.000.mp4,train
C:\Users\athas\Downloads\Chalearn\first-impressions\train\sqnW6xXYTKg.001.mp4,train
C:\Users\athas\Downloads\Chalearn\first-impressions\train\sqnW6xXYTKg.002.mp4,train
C:\Users\athas\Downloads\Chalearn\first-impressions\train\sqnW6xXYTKg.003.mp4,train
C:\Users\athas\Downloads\Chalearn\first-impressions\train\squHxV3QXlQ.002.mp4,train
C:\Users\athas\Downloads\Chalearn\first-impressions\train\SR1Q5M2urxY.003.mp4,train
C:\Users\athas\Downloads\Chalearn\first-impressions\train\SR1Q5M2urxY.004.mp4,train
C:\Users\athas\Downloads\Chalearn\first-impressions\train\SRjhmQTPOmA.002.mp4,train
C:\Users\athas\Downloads\Chalearn\first-impressions\train\SRjhmQTPOmA.004.mp4,train
C:\Users\athas\Downloads\Chalearn\first-impressions\train\SRjhmQTPOmA.005.mp4,train
C:\Users\athas\Downloads\Chalearn\first-impressions\train\sRuO_Fz3eog.004.mp4,train
C:\Users\athas\Downloads\Chalearn\first-impressions\train\SsoZjq7x4MA.000.mp4,train
C:\Users\athas\Downloads\Chalearn\first-impressions\train\SsoZjq7x4MA.004.mp4,train
C:\Users\athas\Downloads\Chalearn\first-impressions\train\sSR1a5XW7n4.001.mp4,train
C:\Users\athas\Downloads\Chalearn\first-impressions\train\sSR1a5XW7n4.002.mp4,train
C:\Users\athas\Downloads\Chalearn\first-impressions\train\ssxo35zmKWQ.001.mp4,train
C:\Users\athas\Downloads\Chalearn\first-impressions\train\ssxo35zmKWQ.002.mp4,train
C:\Users\athas\Downloads\Chalearn\first-impressions\train\ssxo35zmKWQ.003.mp4,train
C:\Users\athas\Downloads\Chalearn\first-impressions\train\ssxo35zmKWQ.004.mp4,train
C:\Users\athas\Downloads\Chalearn\first-impressions\train\ssxo35zmKWQ.005.mp4,train
C:\Users\athas\Downloads\Chalearn\first-impressions\train\sSYCMN-WHmI.000.mp4,train
C:\Users\athas\Downloads\Chalearn\first-impressions\train\struoSVUsUg.002.mp4,train
C:\Users\athas\Downloads\Chalearn\first-impressions\train\struoSVUsUg.005.mp4,train
C:\Users\athas\Downloads\Chalearn\first-impressions\train\sTUJhj154Sc.002.mp4,train
C:\Users\athas\Downloads\Chalearn\first-impressions\train\sTUJhj154Sc.003.mp4,train
C:\Users\athas\Downloads\Chalearn\first-impressions\train\sTUJhj154Sc.005.mp4,train
C:\Users\athas\Downloads\Chalearn\first-impressions\train\SUI6WNryjqw.000.mp4,train
C:\Users\athas\Downloads\Chalearn\first-impressions\train\SUI6WNryjqw.002.mp4,train
C:\Users\athas\Downloads\Chalearn\first-impressions\train\SUI6WNryjqw.003.mp4,train
C:\Users\athas\Downloads\Chalearn\first-impressions\train\SUY_HDzgvGA.003.mp4,train
C:\Users\athas\Downloads\Chalearn\first-impressions\train\SxKLweLx_ZE.000.mp4,train
C:\Users\athas\Downloads\Chalearn\first-impressions\train\SxRNdq2nGN0.000.mp4,train
C:\Users\athas\Downloads\Chalearn\first-impressions\train\SxRNdq2nGN0.001.mp4,train
C:\Users\athas\Downloads\Chalearn\first-impressions\train\SxRNdq2nGN0.002.mp4,train
C:\Users\athas\Downloads\Chalearn\first-impressions\train\sY4urmZmhJA.002.mp4,train
C:\Users\athas\Downloads\Chalearn\first-impressions\train\SyaRn3MHEIE.003.mp4,train
C:\Users\athas\Downloads\Chalearn\first-impressions\train\SyaRn3MHEIE.004.mp4,train
C:\Users\athas\Downloads\Chalearn\first-impressions\train\syAUKJMQWeo.001.mp4,train
C:\Users\athas\Downloads\Chalearn\first-impressions\train\SYlV95nPTPs.001.mp4,train
C:\Users\athas\Downloads\Chalearn\first-impressions\train\syTTeox8Yaw.002.mp4,train
C:\Users\athas\Downloads\Chalearn\first-impressions\train\syTTeox8Yaw.003.mp4,train
C:\Users\athas\Downloads\Chalearn\first-impressions\train\T-mK85acIOc.004.mp4,train
C:\Users\athas\Downloads\Chalearn\first-impressions\train\T-mK85acIOc.005.mp4,train
C:\Users\athas\Downloads\Chalearn\first-impressions\train\t0AupkXkkZw.001.mp4,train
C:\Users\athas\Downloads\Chalearn\first-impressions\train\t0AupkXkkZw.003.mp4,train
C:\Users\athas\Downloads\Chalearn\first-impressions\train\t0AupkXkkZw.004.mp4,train
C:\Users\athas\Downloads\Chalearn\first-impressions\train\t0AupkXkkZw.005.mp4,train
C:\Users\athas\Downloads\Chalearn\first-impressions\train\T0drx76OLAc.000.mp4,train
C:\Users\athas\Downloads\Chalearn\first-impressions\train\t0_DAgeU4nM.002.mp4,train
C:\Users\athas\Downloads\Chalearn\first-impressions\train\t0_DAgeU4nM.003.mp4,train
C:\Users\athas\Downloads\Chalearn\first-impressions\train\T1--98_78ns.003.mp4,train
C:\Users\athas\Downloads\Chalearn\first-impressions\train\t1PKNXE-IiM.000.mp4,train
C:\Users\athas\Downloads\Chalearn\first-impressions\train\t1PKNXE-IiM.001.mp4,train
C:\Users\athas\Downloads\Chalearn\first-impressions\train\t1PKNXE-IiM.005.mp4,train
C:\Users\athas\Downloads\Chalearn\first-impressions\train\T1tJTwlGqOM.000.mp4,train
C:\Users\athas\Downloads\Chalearn\first-impressions\train\T1tJTwlGqOM.001.mp4,train
C:\Users\athas\Downloads\Chalearn\first-impressions\train\T1tJTwlGqOM.004.mp4,train
C:\Users\athas\Downloads\Chalearn\first-impressions\train\T1tJTwlGqOM.005.mp4,train
C:\Users\athas\Downloads\Chalearn\first-impressions\train\T1_6sVNHG70.000.mp4,train
C:\Users\athas\Downloads\Chalearn\first-impressions\train\T1_6sVNHG70.001.mp4,train
C:\Users\athas\Downloads\Chalearn\first-impressions\train\T1_6sVNHG70.005.mp4,train
C:\Users\athas\Downloads\Chalearn\first-impressions\train\t30ERiF6b50.000.mp4,train
C:\Users\athas\Downloads\Chalearn\first-impressions\train\t30ERiF6b50.003.mp4,train
C:\Users\athas\Downloads\Chalearn\first-impressions\train\t3A2UMN3JeE.000.mp4,train
C:\Users\athas\Downloads\Chalearn\first-impressions\train\t3A2UMN3JeE.002.mp4,train
C:\Users\athas\Downloads\Chalearn\first-impressions\train\t3A2UMN3JeE.003.mp4,train
C:\Users\athas\Downloads\Chalearn\first-impressions\train\T3v3-2tvV0s.000.mp4,train
C:\Users\athas\Downloads\Chalearn\first-impressions\train\T4eZ81aJwJI.000.mp4,train
C:\Users\athas\Downloads\Chalearn\first-impressions\train\T4eZ81aJwJI.003.mp4,train
C:\Users\athas\Downloads\Chalearn\first-impressions\train\T4eZ81aJwJI.004.mp4,train
C:\Users\athas\Downloads\Chalearn\first-impressions\train\T4eZ81aJwJI.005.mp4,train
C:\Users\athas\Downloads\Chalearn\first-impressions\train\t6-ljEWQjW8.000.mp4,train
C:\Users\athas\Downloads\Chalearn\first-impressions\train\t6-ljEWQjW8.002.mp4,train
C:\Users\athas\Downloads\Chalearn\first-impressions\train\t6-ljEWQjW8.005.mp4,train
C:\Users\athas\Downloads\Chalearn\first-impressions\train\T6CMGXdPUTA.000.mp4,train
C:\Users\athas\Downloads\Chalearn\first-impressions\train\T6CMGXdPUTA.001.mp4,train
C:\Users\athas\Downloads\Chalearn\first-impressions\train\T6CMGXdPUTA.002.mp4,train
C:\Users\athas\Downloads\Chalearn\first-impressions\train\t899haDGi38.002.mp4,train
C:\Users\athas\Downloads\Chalearn\first-impressions\train\t899haDGi38.003.mp4,train
C:\Users\athas\Downloads\Chalearn\first-impressions\train\t899haDGi38.004.mp4,train
C:\Users\athas\Downloads\Chalearn\first-impressions\train\t899haDGi38.005.mp4,train
C:\Users\athas\Downloads\Chalearn\first-impressions\train\T8ibN-b3h7Y.001.mp4,train
C:\Users\athas\Downloads\Chalearn\first-impressions\train\t9wFHk9TM-U.002.mp4,train
C:\Users\athas\Downloads\Chalearn\first-impressions\train\t9wFHk9TM-U.003.mp4,train
C:\Users\athas\Downloads\Chalearn\first-impressions\train\T9xSEBSaL7Q.003.mp4,train
C:\Users\athas\Downloads\Chalearn\first-impressions\train\Tad9Q9OFjJw.002.mp4,train
C:\Users\athas\Downloads\Chalearn\first-impressions\train\Tad9Q9OFjJw.003.mp4,train
C:\Users\athas\Downloads\Chalearn\first-impressions\train\Tad9Q9OFjJw.004.mp4,train
C:\Users\athas\Downloads\Chalearn\first-impressions\train\TaL5JleXDP8.003.mp4,train
C:\Users\athas\Downloads\Chalearn\first-impressions\train\TaL5JleXDP8.005.mp4,train
C:\Users\athas\Downloads\Chalearn\first-impressions\train\taSAaWKcmTw.000.mp4,train
C:\Users\athas\Downloads\Chalearn\first-impressions\train\taSAaWKcmTw.002.mp4,train
C:\Users\athas\Downloads\Chalearn\first-impressions\train\taSAaWKcmTw.004.mp4,train
C:\Users\athas\Downloads\Chalearn\first-impressions\train\taSAaWKcmTw.005.mp4,train
C:\Users\athas\Downloads\Chalearn\first-impressions\train\TaTMtWvSmu4.000.mp4,train
C:\Users\athas\Downloads\Chalearn\first-impressions\train\TaTMtWvSmu4.001.mp4,train
C:\Users\athas\Downloads\Chalearn\first-impressions\train\TaTMtWvSmu4.003.mp4,train
C:\Users\athas\Downloads\Chalearn\first-impressions\train\TaTMtWvSmu4.004.mp4,train
C:\Users\athas\Downloads\Chalearn\first-impressions\train\tBQlU4_cIS0.000.mp4,train
C:\Users\athas\Downloads\Chalearn\first-impressions\train\Tch2Bt9b8AY.001.mp4,train
C:\Users\athas\Downloads\Chalearn\first-impressions\train\tcmYlyeqwuI.003.mp4,train
C:\Users\athas\Downloads\Chalearn\first-impressions\train\tcmYlyeqwuI.004.mp4,train
C:\Users\athas\Downloads\Chalearn\first-impressions\train\tCnfvBwWVKw.000.mp4,train
C:\Users\athas\Downloads\Chalearn\first-impressions\train\tCnfvBwWVKw.002.mp4,train
C:\Users\athas\Downloads\Chalearn\first-impressions\train\tCnfvBwWVKw.003.mp4,train
C:\Users\athas\Downloads\Chalearn\first-impressions\train\TCzYD74Xqe8.000.mp4,train
C:\Users\athas\Downloads\Chalearn\first-impressions\train\TCzYD74Xqe8.002.mp4,train
C:\Users\athas\Downloads\Chalearn\first-impressions\train\TD2jIXMD-SM.001.mp4,train
C:\Users\athas\Downloads\Chalearn\first-impressions\train\TD2jIXMD-SM.002.mp4,train
C:\Users\athas\Downloads\Chalearn\first-impressions\train\TD2jIXMD-SM.005.mp4,train
C:\Users\athas\Downloads\Chalearn\first-impressions\train\TD3H2DOSi1Y.001.mp4,train
C:\Users\athas\Downloads\Chalearn\first-impressions\train\TEGJrmNFvXY.001.mp4,train
C:\Users\athas\Downloads\Chalearn\first-impressions\train\TEGJrmNFvXY.004.mp4,train
C:\Users\athas\Downloads\Chalearn\first-impressions\train\TeNC9wOhlXM.000.mp4,train
C:\Users\athas\Downloads\Chalearn\first-impressions\train\tepWDnvIuRg.001.mp4,train
C:\Users\athas\Downloads\Chalearn\first-impressions\train\tepWDnvIuRg.002.mp4,train
C:\Users\athas\Downloads\Chalearn\first-impressions\train\tepWDnvIuRg.003.mp4,train
C:\Users\athas\Downloads\Chalearn\first-impressions\train\tepWDnvIuRg.004.mp4,train
C:\Users\athas\Downloads\Chalearn\first-impressions\train\tepWDnvIuRg.005.mp4,train
C:\Users\athas\Downloads\Chalearn\first-impressions\train\tEQEKN07KgQ.000.mp4,train
C:\Users\athas\Downloads\Chalearn\first-impressions\train\tEQEKN07KgQ.001.mp4,train
C:\Users\athas\Downloads\Chalearn\first-impressions\train\tEQEKN07KgQ.003.mp4,train
C:\Users\athas\Downloads\Chalearn\first-impressions\train\tEQEKN07KgQ.004.mp4,train
C:\Users\athas\Downloads\Chalearn\first-impressions\train\tEQEKN07KgQ.005.mp4,train
C:\Users\athas\Downloads\Chalearn\first-impressions\train\teRgvZ63_2I.001.mp4,train
C:\Users\athas\Downloads\Chalearn\first-impressions\train\teRgvZ63_2I.003.mp4,train
C:\Users\athas\Downloads\Chalearn\first-impressions\train\tg0i-zxvQXk.000.mp4,train
C:\Users\athas\Downloads\Chalearn\first-impressions\train\Tg8a_iNEamM.000.mp4,train
C:\Users\athas\Downloads\Chalearn\first-impressions\train\Tg8a_iNEamM.005.mp4,train
C:\Users\athas\Downloads\Chalearn\first-impressions\train\tGHOYmQHZUc.001.mp4,train
C:\Users\athas\Downloads\Chalearn\first-impressions\train\THO-md3eEkA.000.mp4,train
C:\Users\athas\Downloads\Chalearn\first-impressions\train\THO-md3eEkA.003.mp4,train
C:\Users\athas\Downloads\Chalearn\first-impressions\train\THO-md3eEkA.004.mp4,train
C:\Users\athas\Downloads\Chalearn\first-impressions\train\tHYxFw-7po8.001.mp4,train
C:\Users\athas\Downloads\Chalearn\first-impressions\train\TiQF5QduRNE.003.mp4,train
C:\Users\athas\Downloads\Chalearn\first-impressions\train\TIRrlL71dEQ.000.mp4,train
C:\Users\athas\Downloads\Chalearn\first-impressions\train\TIRrlL71dEQ.005.mp4,train
C:\Users\athas\Downloads\Chalearn\first-impressions\train\tiVKJWLzmk4.000.mp4,train
C:\Users\athas\Downloads\Chalearn\first-impressions\train\tiVKJWLzmk4.001.mp4,train
C:\Users\athas\Downloads\Chalearn\first-impressions\train\tiVKJWLzmk4.004.mp4,train
C:\Users\athas\Downloads\Chalearn\first-impressions\train\TJD__22fOr0.000.mp4,train
C:\Users\athas\Downloads\Chalearn\first-impressions\train\TJJJfJfj46M.001.mp4,train
C:\Users\athas\Downloads\Chalearn\first-impressions\train\Tm44tg1zPwU.004.mp4,train
C:\Users\athas\Downloads\Chalearn\first-impressions\train\TmpP2fXeVtk.000.mp4,train
C:\Users\athas\Downloads\Chalearn\first-impressions\train\TmpP2fXeVtk.002.mp4,train
C:\Users\athas\Downloads\Chalearn\first-impressions\train\TmpP2fXeVtk.003.mp4,train
C:\Users\athas\Downloads\Chalearn\first-impressions\train\TmyDT-HC3qI.001.mp4,train
C:\Users\athas\Downloads\Chalearn\first-impressions\train\TmyDT-HC3qI.002.mp4,train
C:\Users\athas\Downloads\Chalearn\first-impressions\train\TNjEJGdqmH0.000.mp4,train
C:\Users\athas\Downloads\Chalearn\first-impressions\train\TNjEJGdqmH0.001.mp4,train
C:\Users\athas\Downloads\Chalearn\first-impressions\train\TNjEJGdqmH0.002.mp4,train
C:\Users\athas\Downloads\Chalearn\first-impressions\train\TNjEJGdqmH0.003.mp4,train
C:\Users\athas\Downloads\Chalearn\first-impressions\train\TNjEJGdqmH0.005.mp4,train
C:\Users\athas\Downloads\Chalearn\first-impressions\train\tNPLxKC38Xs.000.mp4,train
C:\Users\athas\Downloads\Chalearn\first-impressions\train\tNPLxKC38Xs.002.mp4,train
C:\Users\athas\Downloads\Chalearn\first-impressions\train\tNPLxKC38Xs.003.mp4,train
C:\Users\athas\Downloads\Chalearn\first-impressions\train\tNPLxKC38Xs.004.mp4,train
C:\Users\athas\Downloads\Chalearn\first-impressions\train\TNtcyfM9jak.000.mp4,train
C:\Users\athas\Downloads\Chalearn\first-impressions\train\TNtcyfM9jak.001.mp4,train
C:\Users\athas\Downloads\Chalearn\first-impressions\train\TNtcyfM9jak.002.mp4,train
C:\Users\athas\Downloads\Chalearn\first-impressions\train\TNtcyfM9jak.003.mp4,train
C:\Users\athas\Downloads\Chalearn\first-impressions\train\TNtcyfM9jak.005.mp4,train
C:\Users\athas\Downloads\Chalearn\first-impressions\train\tOifNTq8jPw.005.mp4,train
C:\Users\athas\Downloads\Chalearn\first-impressions\train\tomb22yfjTc.001.mp4,train
C:\Users\athas\Downloads\Chalearn\first-impressions\train\tomb22yfjTc.002.mp4,train
C:\Users\athas\Downloads\Chalearn\first-impressions\train\TPk6KiHuPag.000.mp4,train
C:\Users\athas\Downloads\Chalearn\first-impressions\train\TPk6KiHuPag.001.mp4,train
C:\Users\athas\Downloads\Chalearn\first-impressions\train\TPk6KiHuPag.003.mp4,train
C:\Users\athas\Downloads\Chalearn\first-impressions\train\TPk6KiHuPag.004.mp4,train
C:\Users\athas\Downloads\Chalearn\first-impressions\train\TPRQyuiNYmI.002.mp4,train
C:\Users\athas\Downloads\Chalearn\first-impressions\train\tPVSlH_VmZk.001.mp4,train
C:\Users\athas\Downloads\Chalearn\first-impressions\train\TQHzCznQ14Y.000.mp4,train
C:\Users\athas\Downloads\Chalearn\first-impressions\train\TQHzCznQ14Y.003.mp4,train
C:\Users\athas\Downloads\Chalearn\first-impressions\train\Tr3A7WODEuM.001.mp4,train
C:\Users\athas\Downloads\Chalearn\first-impressions\train\tS6bRcIIjDc.000.mp4,train
C:\Users\athas\Downloads\Chalearn\first-impressions\train\tS6bRcIIjDc.001.mp4,train
C:\Users\athas\Downloads\Chalearn\first-impressions\train\tS6bRcIIjDc.002.mp4,train
C:\Users\athas\Downloads\Chalearn\first-impressions\train\tS6bRcIIjDc.003.mp4,train
C:\Users\athas\Downloads\Chalearn\first-impressions\train\tS6bRcIIjDc.004.mp4,train
C:\Users\athas\Downloads\Chalearn\first-impressions\train\tS6bRcIIjDc.005.mp4,train
C:\Users\athas\Downloads\Chalearn\first-impressions\train\TSGpD2NBeCQ.002.mp4,train
C:\Users\athas\Downloads\Chalearn\first-impressions\train\TTuysItuSdo.004.mp4,train
C:\Users\athas\Downloads\Chalearn\first-impressions\train\TTx4lC7LLcI.000.mp4,train
C:\Users\athas\Downloads\Chalearn\first-impressions\train\TTx4lC7LLcI.001.mp4,train
C:\Users\athas\Downloads\Chalearn\first-impressions\train\TUaOp5eIU2c.000.mp4,train
C:\Users\athas\Downloads\Chalearn\first-impressions\train\TUaOp5eIU2c.001.mp4,train
C:\Users\athas\Downloads\Chalearn\first-impressions\train\TUaOp5eIU2c.002.mp4,train
C:\Users\athas\Downloads\Chalearn\first-impressions\train\TUaOp5eIU2c.003.mp4,train
C:\Users\athas\Downloads\Chalearn\first-impressions\train\TursJyaFzqY.000.mp4,train
C:\Users\athas\Downloads\Chalearn\first-impressions\train\TursJyaFzqY.002.mp4,train
C:\Users\athas\Downloads\Chalearn\first-impressions\train\TursJyaFzqY.003.mp4,train
C:\Users\athas\Downloads\Chalearn\first-impressions\train\TursJyaFzqY.004.mp4,train
C:\Users\athas\Downloads\Chalearn\first-impressions\train\TursJyaFzqY.005.mp4,train
C:\Users\athas\Downloads\Chalearn\first-impressions\train\tutTFKP_fdg.000.mp4,train
C:\Users\athas\Downloads\Chalearn\first-impressions\train\tutTFKP_fdg.005.mp4,train
C:\Users\athas\Downloads\Chalearn\first-impressions\train\tvKUJujTUEo.001.mp4,train
C:\Users\athas\Downloads\Chalearn\first-impressions\train\tvKUJujTUEo.003.mp4,train
C:\Users\athas\Downloads\Chalearn\first-impressions\train\tvKUJujTUEo.004.mp4,train
C:\Users\athas\Downloads\Chalearn\first-impressions\train\tvKUJujTUEo.005.mp4,train
C:\Users\athas\Downloads\Chalearn\first-impressions\train\tw6lY2ptkvo.002.mp4,train
C:\Users\athas\Downloads\Chalearn\first-impressions\train\TWKKCoT4FTc.001.mp4,train
C:\Users\athas\Downloads\Chalearn\first-impressions\train\twmdh5zdvfg.000.mp4,train
C:\Users\athas\Downloads\Chalearn\first-impressions\train\twO6ceVTuII.001.mp4,train
C:\Users\athas\Downloads\Chalearn\first-impressions\train\twO6ceVTuII.002.mp4,train
C:\Users\athas\Downloads\Chalearn\first-impressions\train\twO6ceVTuII.003.mp4,train
C:\Users\athas\Downloads\Chalearn\first-impressions\train\twO6ceVTuII.005.mp4,train
C:\Users\athas\Downloads\Chalearn\first-impressions\train\TwWDFpN3occ.001.mp4,train
C:\Users\athas\Downloads\Chalearn\first-impressions\train\TwWDFpN3occ.002.mp4,train
C:\Users\athas\Downloads\Chalearn\first-impressions\train\TwWDFpN3occ.003.mp4,train
C:\Users\athas\Downloads\Chalearn\first-impressions\train\txU8yE9d-4k.001.mp4,train
C:\Users\athas\Downloads\Chalearn\first-impressions\train\txU8yE9d-4k.003.mp4,train
C:\Users\athas\Downloads\Chalearn\first-impressions\train\txU8yE9d-4k.005.mp4,train
C:\Users\athas\Downloads\Chalearn\first-impressions\train\tYpxPqwle5k.005.mp4,train
C:\Users\athas\Downloads\Chalearn\first-impressions\train\tZiRqu8joX8.003.mp4,train
C:\Users\athas\Downloads\Chalearn\first-impressions\train\TzW_VxrCR30.002.mp4,train
C:\Users\athas\Downloads\Chalearn\first-impressions\train\T_X16g5ExgE.005.mp4,train
C:\Users\athas\Downloads\Chalearn\first-impressions\train\U-PRay-woXU.000.mp4,train
C:\Users\athas\Downloads\Chalearn\first-impressions\train\U-PRay-woXU.002.mp4,train
C:\Users\athas\Downloads\Chalearn\first-impressions\train\U-PRay-woXU.004.mp4,train
C:\Users\athas\Downloads\Chalearn\first-impressions\train\U-PRay-woXU.005.mp4,train
C:\Users\athas\Downloads\Chalearn\first-impressions\train\U-XrzfFzMkg.004.mp4,train
C:\Users\athas\Downloads\Chalearn\first-impressions\train\U-XrzfFzMkg.005.mp4,train
C:\Users\athas\Downloads\Chalearn\first-impressions\train\u0NIAbS0mDM.001.mp4,train
C:\Users\athas\Downloads\Chalearn\first-impressions\train\U22Jy0m5xSQ.001.mp4,train
C:\Users\athas\Downloads\Chalearn\first-impressions\train\U22Jy0m5xSQ.005.mp4,train
C:\Users\athas\Downloads\Chalearn\first-impressions\train\U2lT_RogJMM.001.mp4,train
C:\Users\athas\Downloads\Chalearn\first-impressions\train\U2RemWUyjts.000.mp4,train
C:\Users\athas\Downloads\Chalearn\first-impressions\train\U2RemWUyjts.003.mp4,train
C:\Users\athas\Downloads\Chalearn\first-impressions\train\u2XbiBuuxyI.001.mp4,train
C:\Users\athas\Downloads\Chalearn\first-impressions\train\U3UaF1aFek4.001.mp4,train
C:\Users\athas\Downloads\Chalearn\first-impressions\train\U3UaF1aFek4.002.mp4,train
C:\Users\athas\Downloads\Chalearn\first-impressions\train\U3UaF1aFek4.005.mp4,train
C:\Users\athas\Downloads\Chalearn\first-impressions\train\u50B6bIkN9g.000.mp4,train
C:\Users\athas\Downloads\Chalearn\first-impressions\train\u50B6bIkN9g.002.mp4,train
C:\Users\athas\Downloads\Chalearn\first-impressions\train\U9cidDFDTQE.001.mp4,train
C:\Users\athas\Downloads\Chalearn\first-impressions\train\U9cidDFDTQE.003.mp4,train
C:\Users\athas\Downloads\Chalearn\first-impressions\train\U9cidDFDTQE.004.mp4,train
C:\Users\athas\Downloads\Chalearn\first-impressions\train\U9NlCSah83U.001.mp4,train
C:\Users\athas\Downloads\Chalearn\first-impressions\train\u9vOa9GdNcM.003.mp4,train
C:\Users\athas\Downloads\Chalearn\first-impressions\train\ua5c716lu5s.001.mp4,train
C:\Users\athas\Downloads\Chalearn\first-impressions\train\ua5c716lu5s.002.mp4,train
C:\Users\athas\Downloads\Chalearn\first-impressions\train\ua5c716lu5s.003.mp4,train
C:\Users\athas\Downloads\Chalearn\first-impressions\train\ua5c716lu5s.004.mp4,train
C:\Users\athas\Downloads\Chalearn\first-impressions\train\ua5c716lu5s.005.mp4,train
C:\Users\athas\Downloads\Chalearn\first-impressions\train\UA6UY69EVSI.000.mp4,train
C:\Users\athas\Downloads\Chalearn\first-impressions\train\UA6UY69EVSI.002.mp4,train
C:\Users\athas\Downloads\Chalearn\first-impressions\train\UA6UY69EVSI.004.mp4,train
C:\Users\athas\Downloads\Chalearn\first-impressions\train\UANQntvIqVk.000.mp4,train
C:\Users\athas\Downloads\Chalearn\first-impressions\train\UANQntvIqVk.003.mp4,train
C:\Users\athas\Downloads\Chalearn\first-impressions\train\UANQntvIqVk.004.mp4,train
C:\Users\athas\Downloads\Chalearn\first-impressions\train\uATtAHyVSMM.002.mp4,train
C:\Users\athas\Downloads\Chalearn\first-impressions\train\uATtAHyVSMM.003.mp4,train
C:\Users\athas\Downloads\Chalearn\first-impressions\train\uATtAHyVSMM.005.mp4,train
C:\Users\athas\Downloads\Chalearn\first-impressions\train\uCJNAX_b9mc.000.mp4,train
C:\Users\athas\Downloads\Chalearn\first-impressions\train\uCJNAX_b9mc.002.mp4,train
C:\Users\athas\Downloads\Chalearn\first-impressions\train\UCKiPkp4ZkA.000.mp4,train
C:\Users\athas\Downloads\Chalearn\first-impressions\train\UcyjGGEBn30.001.mp4,train
C:\Users\athas\Downloads\Chalearn\first-impressions\train\UcyjGGEBn30.004.mp4,train
C:\Users\athas\Downloads\Chalearn\first-impressions\train\UcyjGGEBn30.005.mp4,train
C:\Users\athas\Downloads\Chalearn\first-impressions\train\UD-8YYU7GZs.000.mp4,train
C:\Users\athas\Downloads\Chalearn\first-impressions\train\UD-8YYU7GZs.003.mp4,train
C:\Users\athas\Downloads\Chalearn\first-impressions\train\UD-8YYU7GZs.004.mp4,train
C:\Users\athas\Downloads\Chalearn\first-impressions\train\udn-L92wdn8.000.mp4,train
C:\Users\athas\Downloads\Chalearn\first-impressions\train\uE2U_Y7QrIw.000.mp4,train
C:\Users\athas\Downloads\Chalearn\first-impressions\train\uE2U_Y7QrIw.002.mp4,train
C:\Users\athas\Downloads\Chalearn\first-impressions\train\uE2U_Y7QrIw.003.mp4,train
C:\Users\athas\Downloads\Chalearn\first-impressions\train\UEYKBC_SuzU.001.mp4,train
C:\Users\athas\Downloads\Chalearn\first-impressions\train\UEYKBC_SuzU.004.mp4,train
C:\Users\athas\Downloads\Chalearn\first-impressions\train\uf_sIIw4zxY.001.mp4,train
C:\Users\athas\Downloads\Chalearn\first-impressions\train\uf_sIIw4zxY.002.mp4,train
C:\Users\athas\Downloads\Chalearn\first-impressions\train\uf_sIIw4zxY.005.mp4,train
C:\Users\athas\Downloads\Chalearn\first-impressions\train\UGn9Q8Fe9jw.001.mp4,train
C:\Users\athas\Downloads\Chalearn\first-impressions\train\UGp1GNK0GWg.000.mp4,train
C:\Users\athas\Downloads\Chalearn\first-impressions\train\UGsr6Vnqf7I.003.mp4,train
C:\Users\athas\Downloads\Chalearn\first-impressions\train\UGsr6Vnqf7I.004.mp4,train
C:\Users\athas\Downloads\Chalearn\first-impressions\train\UhNyHUwo1SY.001.mp4,train
C:\Users\athas\Downloads\Chalearn\first-impressions\train\UhNyHUwo1SY.003.mp4,train
C:\Users\athas\Downloads\Chalearn\first-impressions\train\uHrP02iwW1o.000.mp4,train
C:\Users\athas\Downloads\Chalearn\first-impressions\train\uHrP02iwW1o.002.mp4,train
C:\Users\athas\Downloads\Chalearn\first-impressions\train\Ui1ajQU5Ib8.000.mp4,train
C:\Users\athas\Downloads\Chalearn\first-impressions\train\Ui1ajQU5Ib8.001.mp4,train
C:\Users\athas\Downloads\Chalearn\first-impressions\train\Ui1ajQU5Ib8.005.mp4,train
C:\Users\athas\Downloads\Chalearn\first-impressions\train\uifW-cV-iQo.002.mp4,train
C:\Users\athas\Downloads\Chalearn\first-impressions\train\UipoC_HLOP0.001.mp4,train
C:\Users\athas\Downloads\Chalearn\first-impressions\train\UipoC_HLOP0.003.mp4,train
C:\Users\athas\Downloads\Chalearn\first-impressions\train\UipoC_HLOP0.004.mp4,train
C:\Users\athas\Downloads\Chalearn\first-impressions\train\UjqpaK1HlKI.004.mp4,train
C:\Users\athas\Downloads\Chalearn\first-impressions\train\UjqpaK1HlKI.005.mp4,train
C:\Users\athas\Downloads\Chalearn\first-impressions\train\UKHSKkb0V1o.003.mp4,train
C:\Users\athas\Downloads\Chalearn\first-impressions\train\UKHSKkb0V1o.004.mp4,train
C:\Users\athas\Downloads\Chalearn\first-impressions\train\UKHSKkb0V1o.005.mp4,train
C:\Users\athas\Downloads\Chalearn\first-impressions\train\uKy7lHuMQ_o.000.mp4,train
C:\Users\athas\Downloads\Chalearn\first-impressions\train\uKy7lHuMQ_o.002.mp4,train
C:\Users\athas\Downloads\Chalearn\first-impressions\train\uMCRfie1lkc.001.mp4,train
C:\Users\athas\Downloads\Chalearn\first-impressions\train\uMCRfie1lkc.002.mp4,train
C:\Users\athas\Downloads\Chalearn\first-impressions\train\uMCRfie1lkc.003.mp4,train
C:\Users\athas\Downloads\Chalearn\first-impressions\train\uMCRfie1lkc.004.mp4,train
C:\Users\athas\Downloads\Chalearn\first-impressions\train\UMgeWS5r3IE.005.mp4,train
C:\Users\athas\Downloads\Chalearn\first-impressions\train\UMMhvyjgRnM.004.mp4,train
C:\Users\athas\Downloads\Chalearn\first-impressions\train\uNJpPYo5Qp4.002.mp4,train
C:\Users\athas\Downloads\Chalearn\first-impressions\train\UoC_4qi_m9c.002.mp4,train
C:\Users\athas\Downloads\Chalearn\first-impressions\train\UoC_4qi_m9c.003.mp4,train
C:\Users\athas\Downloads\Chalearn\first-impressions\train\UOvgGSx9k_k.001.mp4,train
C:\Users\athas\Downloads\Chalearn\first-impressions\train\UOvgGSx9k_k.002.mp4,train
C:\Users\athas\Downloads\Chalearn\first-impressions\train\UOvgGSx9k_k.003.mp4,train
C:\Users\athas\Downloads\Chalearn\first-impressions\train\upgv7xmOb1I.001.mp4,train
C:\Users\athas\Downloads\Chalearn\first-impressions\train\upgv7xmOb1I.002.mp4,train
C:\Users\athas\Downloads\Chalearn\first-impressions\train\upgv7xmOb1I.003.mp4,train
C:\Users\athas\Downloads\Chalearn\first-impressions\train\upgv7xmOb1I.004.mp4,train
C:\Users\athas\Downloads\Chalearn\first-impressions\train\upgv7xmOb1I.005.mp4,train
C:\Users\athas\Downloads\Chalearn\first-impressions\train\uqd_cEJMJ4o.003.mp4,train
C:\Users\athas\Downloads\Chalearn\first-impressions\train\UQeuBvZNusI.000.mp4,train
C:\Users\athas\Downloads\Chalearn\first-impressions\train\UQeuBvZNusI.001.mp4,train
C:\Users\athas\Downloads\Chalearn\first-impressions\train\UQeuBvZNusI.003.mp4,train
C:\Users\athas\Downloads\Chalearn\first-impressions\train\UqfFvPT9mEs.000.mp4,train
C:\Users\athas\Downloads\Chalearn\first-impressions\train\UrOamWOcOwQ.000.mp4,train
C:\Users\athas\Downloads\Chalearn\first-impressions\train\UrOamWOcOwQ.002.mp4,train
C:\Users\athas\Downloads\Chalearn\first-impressions\train\UrOamWOcOwQ.003.mp4,train
C:\Users\athas\Downloads\Chalearn\first-impressions\train\UrOamWOcOwQ.004.mp4,train
C:\Users\athas\Downloads\Chalearn\first-impressions\train\UrOamWOcOwQ.005.mp4,train
C:\Users\athas\Downloads\Chalearn\first-impressions\train\uRY3aJAaogw.001.mp4,train
C:\Users\athas\Downloads\Chalearn\first-impressions\train\uRY3aJAaogw.002.mp4,train
C:\Users\athas\Downloads\Chalearn\first-impressions\train\uRY3aJAaogw.003.mp4,train
C:\Users\athas\Downloads\Chalearn\first-impressions\train\uRY3aJAaogw.005.mp4,train
C:\Users\athas\Downloads\Chalearn\first-impressions\train\US4PxgfKDeA.000.mp4,train
C:\Users\athas\Downloads\Chalearn\first-impressions\train\US4PxgfKDeA.003.mp4,train
C:\Users\athas\Downloads\Chalearn\first-impressions\train\US4PxgfKDeA.004.mp4,train
C:\Users\athas\Downloads\Chalearn\first-impressions\train\usG6pVxbQkw.000.mp4,train
C:\Users\athas\Downloads\Chalearn\first-impressions\train\usG6pVxbQkw.001.mp4,train
C:\Users\athas\Downloads\Chalearn\first-impressions\train\USicjVA1trA.003.mp4,train
C:\Users\athas\Downloads\Chalearn\first-impressions\train\USicjVA1trA.004.mp4,train
C:\Users\athas\Downloads\Chalearn\first-impressions\train\USicjVA1trA.005.mp4,train
C:\Users\athas\Downloads\Chalearn\first-impressions\train\UsmwjNu3kgQ.001.mp4,train
C:\Users\athas\Downloads\Chalearn\first-impressions\train\USO-o9dHJ3U.000.mp4,train
C:\Users\athas\Downloads\Chalearn\first-impressions\train\USO-o9dHJ3U.001.mp4,train
C:\Users\athas\Downloads\Chalearn\first-impressions\train\USO-o9dHJ3U.004.mp4,train
C:\Users\athas\Downloads\Chalearn\first-impressions\train\USO-o9dHJ3U.005.mp4,train
C:\Users\athas\Downloads\Chalearn\first-impressions\train\uStuc1OX0f0.000.mp4,train
C:\Users\athas\Downloads\Chalearn\first-impressions\train\uTluOTPA7e4.001.mp4,train
C:\Users\athas\Downloads\Chalearn\first-impressions\train\uTluOTPA7e4.002.mp4,train
C:\Users\athas\Downloads\Chalearn\first-impressions\train\uTluOTPA7e4.003.mp4,train
C:\Users\athas\Downloads\Chalearn\first-impressions\train\uTluOTPA7e4.004.mp4,train
C:\Users\athas\Downloads\Chalearn\first-impressions\train\utv9RBNcL5w.000.mp4,train
C:\Users\athas\Downloads\Chalearn\first-impressions\train\utv9RBNcL5w.005.mp4,train
C:\Users\athas\Downloads\Chalearn\first-impressions\train\UtVo107m5lg.001.mp4,train
C:\Users\athas\Downloads\Chalearn\first-impressions\train\UtVo107m5lg.002.mp4,train
C:\Users\athas\Downloads\Chalearn\first-impressions\train\UtVo107m5lg.003.mp4,train
C:\Users\athas\Downloads\Chalearn\first-impressions\train\UtVo107m5lg.005.mp4,train
C:\Users\athas\Downloads\Chalearn\first-impressions\train\Uu-NbXUPr-A.000.mp4,train
C:\Users\athas\Downloads\Chalearn\first-impressions\train\Uu-NbXUPr-A.001.mp4,train
C:\Users\athas\Downloads\Chalearn\first-impressions\train\UVMEzA3yHsM.001.mp4,train
C:\Users\athas\Downloads\Chalearn\first-impressions\train\UVMEzA3yHsM.003.mp4,train
C:\Users\athas\Downloads\Chalearn\first-impressions\train\UVvBaGOxwRI.000.mp4,train
C:\Users\athas\Downloads\Chalearn\first-impressions\train\UvX6ctu2ObM.002.mp4,train
C:\Users\athas\Downloads\Chalearn\first-impressions\train\uwUkp63db18.001.mp4,train
C:\Users\athas\Downloads\Chalearn\first-impressions\train\uwUkp63db18.002.mp4,train
C:\Users\athas\Downloads\Chalearn\first-impressions\train\uwUkp63db18.003.mp4,train
C:\Users\athas\Downloads\Chalearn\first-impressions\train\uwUkp63db18.004.mp4,train
C:\Users\athas\Downloads\Chalearn\first-impressions\train\uwUkp63db18.005.mp4,train
C:\Users\athas\Downloads\Chalearn\first-impressions\train\UWVOT3YPQH4.001.mp4,train
C:\Users\athas\Downloads\Chalearn\first-impressions\train\UWVOT3YPQH4.002.mp4,train
C:\Users\athas\Downloads\Chalearn\first-impressions\train\UWVOT3YPQH4.004.mp4,train
C:\Users\athas\Downloads\Chalearn\first-impressions\train\UWVOT3YPQH4.005.mp4,train
C:\Users\athas\Downloads\Chalearn\first-impressions\train\uwYQKM_STCw.002.mp4,train
C:\Users\athas\Downloads\Chalearn\first-impressions\train\uwYQKM_STCw.005.mp4,train
C:\Users\athas\Downloads\Chalearn\first-impressions\train\uxTxqewSuxg.000.mp4,train
C:\Users\athas\Downloads\Chalearn\first-impressions\train\UzgW75Fd4jU.001.mp4,train
C:\Users\athas\Downloads\Chalearn\first-impressions\train\U_QQ8EuuWPg.000.mp4,train
C:\Users\athas\Downloads\Chalearn\first-impressions\train\U_QQ8EuuWPg.001.mp4,train
C:\Users\athas\Downloads\Chalearn\first-impressions\train\U_QQ8EuuWPg.002.mp4,train
C:\Users\athas\Downloads\Chalearn\first-impressions\train\U_QQ8EuuWPg.003.mp4,train
C:\Users\athas\Downloads\Chalearn\first-impressions\train\U_QQ8EuuWPg.005.mp4,train
C:\Users\athas\Downloads\Chalearn\first-impressions\train\u_qvbRpm88k.002.mp4,train
C:\Users\athas\Downloads\Chalearn\first-impressions\train\u_qvbRpm88k.005.mp4,train
C:\Users\athas\Downloads\Chalearn\first-impressions\train\v0jtovM6Ajg.000.mp4,train
C:\Users\athas\Downloads\Chalearn\first-impressions\train\v0jtovM6Ajg.003.mp4,train
C:\Users\athas\Downloads\Chalearn\first-impressions\train\V1I40vVRk78.002.mp4,train
C:\Users\athas\Downloads\Chalearn\first-impressions\train\V1I40vVRk78.003.mp4,train
C:\Users\athas\Downloads\Chalearn\first-impressions\train\V1TjmLtgNm0.000.mp4,train
C:\Users\athas\Downloads\Chalearn\first-impressions\train\V1TjmLtgNm0.002.mp4,train
C:\Users\athas\Downloads\Chalearn\first-impressions\train\V1TjmLtgNm0.005.mp4,train
C:\Users\athas\Downloads\Chalearn\first-impressions\train\V2nvyZB-JNM.001.mp4,train
C:\Users\athas\Downloads\Chalearn\first-impressions\train\V2nvyZB-JNM.002.mp4,train
C:\Users\athas\Downloads\Chalearn\first-impressions\train\V2nvyZB-JNM.003.mp4,train
C:\Users\athas\Downloads\Chalearn\first-impressions\train\V2nvyZB-JNM.004.mp4,train
C:\Users\athas\Downloads\Chalearn\first-impressions\train\V4ibYU1O-YI.000.mp4,train
C:\Users\athas\Downloads\Chalearn\first-impressions\train\V4ibYU1O-YI.001.mp4,train
C:\Users\athas\Downloads\Chalearn\first-impressions\train\V4ibYU1O-YI.005.mp4,train
C:\Users\athas\Downloads\Chalearn\first-impressions\train\v68FyWS-Q9s.002.mp4,train
C:\Users\athas\Downloads\Chalearn\first-impressions\train\v68FyWS-Q9s.003.mp4,train
C:\Users\athas\Downloads\Chalearn\first-impressions\train\V7_h3URfSFY.000.mp4,train
C:\Users\athas\Downloads\Chalearn\first-impressions\train\V7_h3URfSFY.003.mp4,train
C:\Users\athas\Downloads\Chalearn\first-impressions\train\V7_h3URfSFY.005.mp4,train
C:\Users\athas\Downloads\Chalearn\first-impressions\train\V8JaJ2IVG9E.004.mp4,train
C:\Users\athas\Downloads\Chalearn\first-impressions\train\V8JaJ2IVG9E.005.mp4,train
C:\Users\athas\Downloads\Chalearn\first-impressions\train\V8PSAROGbZM.004.mp4,train
C:\Users\athas\Downloads\Chalearn\first-impressions\train\V8w2Lo5wxl8.000.mp4,train
C:\Users\athas\Downloads\Chalearn\first-impressions\train\V8w2Lo5wxl8.001.mp4,train
C:\Users\athas\Downloads\Chalearn\first-impressions\train\V8w2Lo5wxl8.004.mp4,train
C:\Users\athas\Downloads\Chalearn\first-impressions\train\V9aMA9YLa2k.001.mp4,train
C:\Users\athas\Downloads\Chalearn\first-impressions\train\V9aMA9YLa2k.005.mp4,train
C:\Users\athas\Downloads\Chalearn\first-impressions\train\V9OuGDPnqHI.000.mp4,train
C:\Users\athas\Downloads\Chalearn\first-impressions\train\V9OuGDPnqHI.001.mp4,train
C:\Users\athas\Downloads\Chalearn\first-impressions\train\V9OuGDPnqHI.004.mp4,train
C:\Users\athas\Downloads\Chalearn\first-impressions\train\V9roK_mLM-w.000.mp4,train
C:\Users\athas\Downloads\Chalearn\first-impressions\train\V9roK_mLM-w.002.mp4,train
C:\Users\athas\Downloads\Chalearn\first-impressions\train\V9roK_mLM-w.003.mp4,train
C:\Users\athas\Downloads\Chalearn\first-impressions\train\VA5XjOaBH0Y.000.mp4,train
C:\Users\athas\Downloads\Chalearn\first-impressions\train\vAEqpUwBMJQ.001.mp4,train
C:\Users\athas\Downloads\Chalearn\first-impressions\train\vAEqpUwBMJQ.003.mp4,train
C:\Users\athas\Downloads\Chalearn\first-impressions\train\vAEqpUwBMJQ.004.mp4,train
C:\Users\athas\Downloads\Chalearn\first-impressions\train\vAEqpUwBMJQ.005.mp4,train
C:\Users\athas\Downloads\Chalearn\first-impressions\train\vAV6ovUKPDg.005.mp4,train
C:\Users\athas\Downloads\Chalearn\first-impressions\train\VAZLQqJa9rQ.001.mp4,train
C:\Users\athas\Downloads\Chalearn\first-impressions\train\VAZLQqJa9rQ.002.mp4,train
C:\Users\athas\Downloads\Chalearn\first-impressions\train\VAZLQqJa9rQ.003.mp4,train
C:\Users\athas\Downloads\Chalearn\first-impressions\train\VAZLQqJa9rQ.004.mp4,train
C:\Users\athas\Downloads\Chalearn\first-impressions\train\VbiUhNAdzus.000.mp4,train
C:\Users\athas\Downloads\Chalearn\first-impressions\train\VbiUhNAdzus.002.mp4,train
C:\Users\athas\Downloads\Chalearn\first-impressions\train\vCV-5LypZCs.005.mp4,train
C:\Users\athas\Downloads\Chalearn\first-impressions\train\vCY4uvfrWXA.003.mp4,train
C:\Users\athas\Downloads\Chalearn\first-impressions\train\vCY4uvfrWXA.005.mp4,train
C:\Users\athas\Downloads\Chalearn\first-impressions\train\Vd9biSOZ5CI.001.mp4,train
C:\Users\athas\Downloads\Chalearn\first-impressions\train\Vd9biSOZ5CI.002.mp4,train
C:\Users\athas\Downloads\Chalearn\first-impressions\train\Vd9biSOZ5CI.003.mp4,train
C:\Users\athas\Downloads\Chalearn\first-impressions\train\Vd9biSOZ5CI.004.mp4,train
C:\Users\athas\Downloads\Chalearn\first-impressions\train\VDcYF-YQuWw.000.mp4,train
C:\Users\athas\Downloads\Chalearn\first-impressions\train\vE9XgQL7DGE.001.mp4,train
C:\Users\athas\Downloads\Chalearn\first-impressions\train\vE9XgQL7DGE.003.mp4,train
C:\Users\athas\Downloads\Chalearn\first-impressions\train\vE9XgQL7DGE.004.mp4,train
C:\Users\athas\Downloads\Chalearn\first-impressions\train\VForU0EmBr0.000.mp4,train
C:\Users\athas\Downloads\Chalearn\first-impressions\train\VForU0EmBr0.001.mp4,train
C:\Users\athas\Downloads\Chalearn\first-impressions\train\VForU0EmBr0.003.mp4,train
C:\Users\athas\Downloads\Chalearn\first-impressions\train\VForU0EmBr0.005.mp4,train
C:\Users\athas\Downloads\Chalearn\first-impressions\train\VGoAtKcKIe8.002.mp4,train
C:\Users\athas\Downloads\Chalearn\first-impressions\train\VGoAtKcKIe8.005.mp4,train
C:\Users\athas\Downloads\Chalearn\first-impressions\train\vHc0pnY9BoI.002.mp4,train
C:\Users\athas\Downloads\Chalearn\first-impressions\train\VhHnmeRABJw.003.mp4,train
C:\Users\athas\Downloads\Chalearn\first-impressions\train\VhHnmeRABJw.005.mp4,train
C:\Users\athas\Downloads\Chalearn\first-impressions\train\vHIBCKwJLEY.001.mp4,train
C:\Users\athas\Downloads\Chalearn\first-impressions\train\vHIBCKwJLEY.003.mp4,train
C:\Users\athas\Downloads\Chalearn\first-impressions\train\vHIBCKwJLEY.004.mp4,train
C:\Users\athas\Downloads\Chalearn\first-impressions\train\vHn6-GQAI_Y.001.mp4,train
C:\Users\athas\Downloads\Chalearn\first-impressions\train\vHn6-GQAI_Y.003.mp4,train
C:\Users\athas\Downloads\Chalearn\first-impressions\train\vHn6-GQAI_Y.004.mp4,train
C:\Users\athas\Downloads\Chalearn\first-impressions\train\vhugKRUnd-c.000.mp4,train
C:\Users\athas\Downloads\Chalearn\first-impressions\train\vhugKRUnd-c.001.mp4,train
C:\Users\athas\Downloads\Chalearn\first-impressions\train\vhugKRUnd-c.004.mp4,train
C:\Users\athas\Downloads\Chalearn\first-impressions\train\VIhStXxpAr0.000.mp4,train
C:\Users\athas\Downloads\Chalearn\first-impressions\train\VIhStXxpAr0.001.mp4,train
C:\Users\athas\Downloads\Chalearn\first-impressions\train\VIhStXxpAr0.003.mp4,train
C:\Users\athas\Downloads\Chalearn\first-impressions\train\VIhStXxpAr0.004.mp4,train
C:\Users\athas\Downloads\Chalearn\first-impressions\train\VIKk25Ozx40.000.mp4,train
C:\Users\athas\Downloads\Chalearn\first-impressions\train\Vimaz7NzPIg.001.mp4,train
C:\Users\athas\Downloads\Chalearn\first-impressions\train\vIW7gDmhYMk.001.mp4,train
C:\Users\athas\Downloads\Chalearn\first-impressions\train\vIW7gDmhYMk.003.mp4,train
C:\Users\athas\Downloads\Chalearn\first-impressions\train\vIW7gDmhYMk.004.mp4,train
C:\Users\athas\Downloads\Chalearn\first-impressions\train\vIW7gDmhYMk.005.mp4,train
C:\Users\athas\Downloads\Chalearn\first-impressions\train\Vj-Cmtqv_qY.001.mp4,train
C:\Users\athas\Downloads\Chalearn\first-impressions\train\vJDx6TCX32M.000.mp4,train
C:\Users\athas\Downloads\Chalearn\first-impressions\train\vJDx6TCX32M.001.mp4,train
C:\Users\athas\Downloads\Chalearn\first-impressions\train\vJDx6TCX32M.004.mp4,train
C:\Users\athas\Downloads\Chalearn\first-impressions\train\vJnjjy5DZN4.001.mp4,train
C:\Users\athas\Downloads\Chalearn\first-impressions\train\vJnjjy5DZN4.002.mp4,train
C:\Users\athas\Downloads\Chalearn\first-impressions\train\vJnjjy5DZN4.003.mp4,train
C:\Users\athas\Downloads\Chalearn\first-impressions\train\VJuVsi6G96s.000.mp4,train
C:\Users\athas\Downloads\Chalearn\first-impressions\train\VJuVsi6G96s.002.mp4,train
C:\Users\athas\Downloads\Chalearn\first-impressions\train\VjYqagJ4xt8.001.mp4,train
C:\Users\athas\Downloads\Chalearn\first-impressions\train\VjYqagJ4xt8.004.mp4,train
C:\Users\athas\Downloads\Chalearn\first-impressions\train\Vk3scj5vhd4.004.mp4,train
C:\Users\athas\Downloads\Chalearn\first-impressions\train\vLAHfIjmRMc.001.mp4,train
C:\Users\athas\Downloads\Chalearn\first-impressions\train\vLAHfIjmRMc.005.mp4,train
C:\Users\athas\Downloads\Chalearn\first-impressions\train\VM409fZmJE0.000.mp4,train
C:\Users\athas\Downloads\Chalearn\first-impressions\train\vMtF0akNUK4.000.mp4,train
C:\Users\athas\Downloads\Chalearn\first-impressions\train\vMtF0akNUK4.001.mp4,train
C:\Users\athas\Downloads\Chalearn\first-impressions\train\vMtF0akNUK4.002.mp4,train
C:\Users\athas\Downloads\Chalearn\first-impressions\train\vMtF0akNUK4.004.mp4,train
C:\Users\athas\Downloads\Chalearn\first-impressions\train\VmV8NIvVVkw.000.mp4,train
C:\Users\athas\Downloads\Chalearn\first-impressions\train\VmXZ2jMWuvk.001.mp4,train
C:\Users\athas\Downloads\Chalearn\first-impressions\train\VmXZ2jMWuvk.004.mp4,train
C:\Users\athas\Downloads\Chalearn\first-impressions\train\VmyIItgMzpE.002.mp4,train
C:\Users\athas\Downloads\Chalearn\first-impressions\train\vNEs2yGe77s.000.mp4,train
C:\Users\athas\Downloads\Chalearn\first-impressions\train\VNK6LQHh25w.000.mp4,train
C:\Users\athas\Downloads\Chalearn\first-impressions\train\VNK6LQHh25w.004.mp4,train
C:\Users\athas\Downloads\Chalearn\first-impressions\train\VnUkBYQkJms.002.mp4,train
C:\Users\athas\Downloads\Chalearn\first-impressions\train\VnUkBYQkJms.003.mp4,train
C:\Users\athas\Downloads\Chalearn\first-impressions\train\VnUkBYQkJms.004.mp4,train
C:\Users\athas\Downloads\Chalearn\first-impressions\train\VnUkBYQkJms.005.mp4,train
C:\Users\athas\Downloads\Chalearn\first-impressions\train\vNZJSHliTR4.001.mp4,train
C:\Users\athas\Downloads\Chalearn\first-impressions\train\vo-Y5kgSBa8.000.mp4,train
C:\Users\athas\Downloads\Chalearn\first-impressions\train\vo-Y5kgSBa8.002.mp4,train
C:\Users\athas\Downloads\Chalearn\first-impressions\train\vo-Y5kgSBa8.003.mp4,train
C:\Users\athas\Downloads\Chalearn\first-impressions\train\vo-Y5kgSBa8.005.mp4,train
C:\Users\athas\Downloads\Chalearn\first-impressions\train\vOEQlAMABWM.000.mp4,train
C:\Users\athas\Downloads\Chalearn\first-impressions\train\vOEQlAMABWM.001.mp4,train
C:\Users\athas\Downloads\Chalearn\first-impressions\train\vOEQlAMABWM.003.mp4,train
C:\Users\athas\Downloads\Chalearn\first-impressions\train\VOeVhXWK7-8.004.mp4,train
C:\Users\athas\Downloads\Chalearn\first-impressions\train\VOeVhXWK7-8.005.mp4,train
C:\Users\athas\Downloads\Chalearn\first-impressions\train\VOhsEbDjZ9E.001.mp4,train
C:\Users\athas\Downloads\Chalearn\first-impressions\train\VoPuhcQc_mg.000.mp4,train
C:\Users\athas\Downloads\Chalearn\first-impressions\train\voSLxKtKr0Q.000.mp4,train
C:\Users\athas\Downloads\Chalearn\first-impressions\train\voSLxKtKr0Q.002.mp4,train
C:\Users\athas\Downloads\Chalearn\first-impressions\train\voSLxKtKr0Q.003.mp4,train
C:\Users\athas\Downloads\Chalearn\first-impressions\train\voSLxKtKr0Q.004.mp4,train
C:\Users\athas\Downloads\Chalearn\first-impressions\train\voSLxKtKr0Q.005.mp4,train
C:\Users\athas\Downloads\Chalearn\first-impressions\train\vOxgWKGNEYc.000.mp4,train
C:\Users\athas\Downloads\Chalearn\first-impressions\train\VoXh9utSIx8.000.mp4,train
C:\Users\athas\Downloads\Chalearn\first-impressions\train\voXr6-ykd1w.000.mp4,train
C:\Users\athas\Downloads\Chalearn\first-impressions\train\voXr6-ykd1w.002.mp4,train
C:\Users\athas\Downloads\Chalearn\first-impressions\train\vP6TUda99tc.005.mp4,train
C:\Users\athas\Downloads\Chalearn\first-impressions\train\vp9p1osOaLI.002.mp4,train
C:\Users\athas\Downloads\Chalearn\first-impressions\train\vp9p1osOaLI.003.mp4,train
C:\Users\athas\Downloads\Chalearn\first-impressions\train\VPFrKx72gvo.001.mp4,train
C:\Users\athas\Downloads\Chalearn\first-impressions\train\VPFrKx72gvo.002.mp4,train
C:\Users\athas\Downloads\Chalearn\first-impressions\train\vQEZ5KF9I4E.003.mp4,train
C:\Users\athas\Downloads\Chalearn\first-impressions\train\vQEZ5KF9I4E.004.mp4,train
C:\Users\athas\Downloads\Chalearn\first-impressions\train\vqF65-bFHKM.003.mp4,train
C:\Users\athas\Downloads\Chalearn\first-impressions\train\vqF65-bFHKM.004.mp4,train
C:\Users\athas\Downloads\Chalearn\first-impressions\train\vqLtOsoNPnU.002.mp4,train
C:\Users\athas\Downloads\Chalearn\first-impressions\train\vqLtOsoNPnU.004.mp4,train
C:\Users\athas\Downloads\Chalearn\first-impressions\train\VQMizni7nY0.001.mp4,train
C:\Users\athas\Downloads\Chalearn\first-impressions\train\vr5FWHUkYRM.000.mp4,train
C:\Users\athas\Downloads\Chalearn\first-impressions\train\vr5FWHUkYRM.001.mp4,train
C:\Users\athas\Downloads\Chalearn\first-impressions\train\vR7YF7Zv5-Q.000.mp4,train
C:\Users\athas\Downloads\Chalearn\first-impressions\train\vR7YF7Zv5-Q.003.mp4,train
C:\Users\athas\Downloads\Chalearn\first-impressions\train\VRjJxTqOJyo.001.mp4,train
C:\Users\athas\Downloads\Chalearn\first-impressions\train\VRjJxTqOJyo.002.mp4,train
C:\Users\athas\Downloads\Chalearn\first-impressions\train\VRjJxTqOJyo.004.mp4,train
C:\Users\athas\Downloads\Chalearn\first-impressions\train\vrMlwwTLWIE.005.mp4,train
C:\Users\athas\Downloads\Chalearn\first-impressions\train\VsY6jAlvb9o.000.mp4,train
C:\Users\athas\Downloads\Chalearn\first-impressions\train\vtOEl_Mg0Io.000.mp4,train
C:\Users\athas\Downloads\Chalearn\first-impressions\train\vtOEl_Mg0Io.004.mp4,train
C:\Users\athas\Downloads\Chalearn\first-impressions\train\VTrqCDYHVqU.001.mp4,train
C:\Users\athas\Downloads\Chalearn\first-impressions\train\VTrqCDYHVqU.002.mp4,train
C:\Users\athas\Downloads\Chalearn\first-impressions\train\VTrqCDYHVqU.003.mp4,train
C:\Users\athas\Downloads\Chalearn\first-impressions\train\VTv4BAYgJpk.001.mp4,train
C:\Users\athas\Downloads\Chalearn\first-impressions\train\VTv4BAYgJpk.002.mp4,train
C:\Users\athas\Downloads\Chalearn\first-impressions\train\VTv4BAYgJpk.003.mp4,train
C:\Users\athas\Downloads\Chalearn\first-impressions\train\VTv4BAYgJpk.005.mp4,train
C:\Users\athas\Downloads\Chalearn\first-impressions\train\VtYPH6UsVnU.000.mp4,train
C:\Users\athas\Downloads\Chalearn\first-impressions\train\VtYPH6UsVnU.001.mp4,train
C:\Users\athas\Downloads\Chalearn\first-impressions\train\VtYPH6UsVnU.002.mp4,train
C:\Users\athas\Downloads\Chalearn\first-impressions\train\VtYPH6UsVnU.003.mp4,train
C:\Users\athas\Downloads\Chalearn\first-impressions\train\VtYPH6UsVnU.005.mp4,train
C:\Users\athas\Downloads\Chalearn\first-impressions\train\VuadgOz6T7s.000.mp4,train
C:\Users\athas\Downloads\Chalearn\first-impressions\train\VuadgOz6T7s.001.mp4,train
C:\Users\athas\Downloads\Chalearn\first-impressions\train\VuadgOz6T7s.002.mp4,train
C:\Users\athas\Downloads\Chalearn\first-impressions\train\VUgKH9DIs-8.000.mp4,train
C:\Users\athas\Downloads\Chalearn\first-impressions\train\VUgKH9DIs-8.001.mp4,train
C:\Users\athas\Downloads\Chalearn\first-impressions\train\VUgKH9DIs-8.002.mp4,train
C:\Users\athas\Downloads\Chalearn\first-impressions\train\VUgKH9DIs-8.003.mp4,train
C:\Users\athas\Downloads\Chalearn\first-impressions\train\VUgKH9DIs-8.005.mp4,train
C:\Users\athas\Downloads\Chalearn\first-impressions\train\VugKq4gOi50.000.mp4,train
C:\Users\athas\Downloads\Chalearn\first-impressions\train\VugKq4gOi50.004.mp4,train
C:\Users\athas\Downloads\Chalearn\first-impressions\train\VugKq4gOi50.005.mp4,train
C:\Users\athas\Downloads\Chalearn\first-impressions\train\VUGWfw5PVLY.000.mp4,train
C:\Users\athas\Downloads\Chalearn\first-impressions\train\VUGWfw5PVLY.002.mp4,train
C:\Users\athas\Downloads\Chalearn\first-impressions\train\vUKex2msIEU.002.mp4,train
C:\Users\athas\Downloads\Chalearn\first-impressions\train\vUKex2msIEU.004.mp4,train
C:\Users\athas\Downloads\Chalearn\first-impressions\train\vUo6wnBOBpo.002.mp4,train
C:\Users\athas\Downloads\Chalearn\first-impressions\train\VuS938tAv-0.003.mp4,train
C:\Users\athas\Downloads\Chalearn\first-impressions\train\VvSk5m90xOs.000.mp4,train
C:\Users\athas\Downloads\Chalearn\first-impressions\train\VvSk5m90xOs.002.mp4,train
C:\Users\athas\Downloads\Chalearn\first-impressions\train\VvSk5m90xOs.003.mp4,train
C:\Users\athas\Downloads\Chalearn\first-impressions\train\VvVigAr4hZc.003.mp4,train
C:\Users\athas\Downloads\Chalearn\first-impressions\train\VxtZDXM0cuQ.001.mp4,train
C:\Users\athas\Downloads\Chalearn\first-impressions\train\VxtZDXM0cuQ.002.mp4,train
C:\Users\athas\Downloads\Chalearn\first-impressions\train\VxtZDXM0cuQ.005.mp4,train
C:\Users\athas\Downloads\Chalearn\first-impressions\train\vxuBHsokOX4.005.mp4,train
C:\Users\athas\Downloads\Chalearn\first-impressions\train\Vy-Lr_iM5qo.000.mp4,train
C:\Users\athas\Downloads\Chalearn\first-impressions\train\Vy-Lr_iM5qo.001.mp4,train
C:\Users\athas\Downloads\Chalearn\first-impressions\train\Vy-Lr_iM5qo.003.mp4,train
C:\Users\athas\Downloads\Chalearn\first-impressions\train\Vy-Lr_iM5qo.005.mp4,train
C:\Users\athas\Downloads\Chalearn\first-impressions\train\vYkHHVeNK_M.001.mp4,train
C:\Users\athas\Downloads\Chalearn\first-impressions\train\vYkHHVeNK_M.002.mp4,train
C:\Users\athas\Downloads\Chalearn\first-impressions\train\vYkHHVeNK_M.003.mp4,train
C:\Users\athas\Downloads\Chalearn\first-impressions\train\vYkHHVeNK_M.004.mp4,train
C:\Users\athas\Downloads\Chalearn\first-impressions\train\Vyktsh14Kww.005.mp4,train
C:\Users\athas\Downloads\Chalearn\first-impressions\train\vYVqhg_VGP8.000.mp4,train
C:\Users\athas\Downloads\Chalearn\first-impressions\train\VZ6jhnbk-5g.001.mp4,train
C:\Users\athas\Downloads\Chalearn\first-impressions\train\VZ6jhnbk-5g.002.mp4,train
C:\Users\athas\Downloads\Chalearn\first-impressions\train\VZ6jhnbk-5g.003.mp4,train
C:\Users\athas\Downloads\Chalearn\first-impressions\train\VZ6jhnbk-5g.004.mp4,train
C:\Users\athas\Downloads\Chalearn\first-impressions\train\vZPLbzF0aSg.001.mp4,train
C:\Users\athas\Downloads\Chalearn\first-impressions\train\vZpneJlniAE.005.mp4,train
C:\Users\athas\Downloads\Chalearn\first-impressions\train\W0Ay5uul8j0.001.mp4,train
C:\Users\athas\Downloads\Chalearn\first-impressions\train\W0Ay5uul8j0.002.mp4,train
C:\Users\athas\Downloads\Chalearn\first-impressions\train\w0CQ55sKmck.002.mp4,train
C:\Users\athas\Downloads\Chalearn\first-impressions\train\W0FCCk0a0tg.001.mp4,train
C:\Users\athas\Downloads\Chalearn\first-impressions\train\W0FCCk0a0tg.003.mp4,train
C:\Users\athas\Downloads\Chalearn\first-impressions\train\W0LRjSS9pVM.001.mp4,train
C:\Users\athas\Downloads\Chalearn\first-impressions\train\W0LRjSS9pVM.004.mp4,train
C:\Users\athas\Downloads\Chalearn\first-impressions\train\W2AB3UUyvwI.002.mp4,train
C:\Users\athas\Downloads\Chalearn\first-impressions\train\W2AB3UUyvwI.003.mp4,train
C:\Users\athas\Downloads\Chalearn\first-impressions\train\W2AB3UUyvwI.005.mp4,train
C:\Users\athas\Downloads\Chalearn\first-impressions\train\W2asVll3OSU.001.mp4,train
C:\Users\athas\Downloads\Chalearn\first-impressions\train\w2FKw8IhbFw.001.mp4,train
C:\Users\athas\Downloads\Chalearn\first-impressions\train\w4cZStXMUII.003.mp4,train
C:\Users\athas\Downloads\Chalearn\first-impressions\train\W4tz3plvvKI.003.mp4,train
C:\Users\athas\Downloads\Chalearn\first-impressions\train\W7BbL3NZvrU.001.mp4,train
C:\Users\athas\Downloads\Chalearn\first-impressions\train\W7BbL3NZvrU.004.mp4,train
C:\Users\athas\Downloads\Chalearn\first-impressions\train\w7O2QJu2Wl4.004.mp4,train
C:\Users\athas\Downloads\Chalearn\first-impressions\train\w7O2QJu2Wl4.005.mp4,train
C:\Users\athas\Downloads\Chalearn\first-impressions\train\w7wPDiQkiA4.001.mp4,train
C:\Users\athas\Downloads\Chalearn\first-impressions\train\w7wPDiQkiA4.004.mp4,train
C:\Users\athas\Downloads\Chalearn\first-impressions\train\W8NkAXNboT0.000.mp4,train
C:\Users\athas\Downloads\Chalearn\first-impressions\train\W8NkAXNboT0.002.mp4,train
C:\Users\athas\Downloads\Chalearn\first-impressions\train\w989xx44UQI.000.mp4,train
C:\Users\athas\Downloads\Chalearn\first-impressions\train\w989xx44UQI.001.mp4,train
C:\Users\athas\Downloads\Chalearn\first-impressions\train\w989xx44UQI.003.mp4,train
C:\Users\athas\Downloads\Chalearn\first-impressions\train\w989xx44UQI.004.mp4,train
C:\Users\athas\Downloads\Chalearn\first-impressions\train\Wa-HX5jP3ew.001.mp4,train
C:\Users\athas\Downloads\Chalearn\first-impressions\train\Wa-HX5jP3ew.002.mp4,train
C:\Users\athas\Downloads\Chalearn\first-impressions\train\Wa-HX5jP3ew.003.mp4,train
C:\Users\athas\Downloads\Chalearn\first-impressions\train\wAl_Pm7xG3A.001.mp4,train
C:\Users\athas\Downloads\Chalearn\first-impressions\train\WATt9OOVZh8.001.mp4,train
C:\Users\athas\Downloads\Chalearn\first-impressions\train\WATt9OOVZh8.002.mp4,train
C:\Users\athas\Downloads\Chalearn\first-impressions\train\WATt9OOVZh8.004.mp4,train
C:\Users\athas\Downloads\Chalearn\first-impressions\train\wBCSJVBr4ZE.004.mp4,train
C:\Users\athas\Downloads\Chalearn\first-impressions\train\wBCSJVBr4ZE.005.mp4,train
C:\Users\athas\Downloads\Chalearn\first-impressions\train\Wbd7QufjK_E.002.mp4,train
C:\Users\athas\Downloads\Chalearn\first-impressions\train\wBSf7anTC_g.004.mp4,train
C:\Users\athas\Downloads\Chalearn\first-impressions\train\Wby2oMliGz0.000.mp4,train
C:\Users\athas\Downloads\Chalearn\first-impressions\train\Wby2oMliGz0.002.mp4,train
C:\Users\athas\Downloads\Chalearn\first-impressions\train\Wby2oMliGz0.003.mp4,train
C:\Users\athas\Downloads\Chalearn\first-impressions\train\Wby2oMliGz0.004.mp4,train
C:\Users\athas\Downloads\Chalearn\first-impressions\train\Wby2oMliGz0.005.mp4,train
C:\Users\athas\Downloads\Chalearn\first-impressions\train\WCLkd1Fek0w.001.mp4,train
C:\Users\athas\Downloads\Chalearn\first-impressions\train\Wd0V4MNvqcg.000.mp4,train
C:\Users\athas\Downloads\Chalearn\first-impressions\train\Wd0V4MNvqcg.001.mp4,train
C:\Users\athas\Downloads\Chalearn\first-impressions\train\Wd0V4MNvqcg.002.mp4,train
C:\Users\athas\Downloads\Chalearn\first-impressions\train\WD1WsbooU2w.001.mp4,train
C:\Users\athas\Downloads\Chalearn\first-impressions\train\WD1WsbooU2w.002.mp4,train
C:\Users\athas\Downloads\Chalearn\first-impressions\train\wdeOWVDSeLE.001.mp4,train
C:\Users\athas\Downloads\Chalearn\first-impressions\train\wdeOWVDSeLE.002.mp4,train
C:\Users\athas\Downloads\Chalearn\first-impressions\train\wDvZdcb00Bg.001.mp4,train
C:\Users\athas\Downloads\Chalearn\first-impressions\train\wDvZdcb00Bg.002.mp4,train
C:\Users\athas\Downloads\Chalearn\first-impressions\train\wDvZdcb00Bg.003.mp4,train
C:\Users\athas\Downloads\Chalearn\first-impressions\train\wDvZdcb00Bg.004.mp4,train
C:\Users\athas\Downloads\Chalearn\first-impressions\train\Wev85dXzVGM.000.mp4,train
C:\Users\athas\Downloads\Chalearn\first-impressions\train\WfCSCxADlrg.002.mp4,train
C:\Users\athas\Downloads\Chalearn\first-impressions\train\WfCSCxADlrg.004.mp4,train
C:\Users\athas\Downloads\Chalearn\first-impressions\train\WfCSCxADlrg.005.mp4,train
C:\Users\athas\Downloads\Chalearn\first-impressions\train\WfjLOieAwGY.002.mp4,train
C:\Users\athas\Downloads\Chalearn\first-impressions\train\wFZJ3gTKwwM.002.mp4,train
C:\Users\athas\Downloads\Chalearn\first-impressions\train\WfZodMIIGR0.000.mp4,train
C:\Users\athas\Downloads\Chalearn\first-impressions\train\WGP2HLnoma0.001.mp4,train
C:\Users\athas\Downloads\Chalearn\first-impressions\train\wJl7DbsbrDA.000.mp4,train
C:\Users\athas\Downloads\Chalearn\first-impressions\train\wJl7DbsbrDA.001.mp4,train
C:\Users\athas\Downloads\Chalearn\first-impressions\train\wJl7DbsbrDA.005.mp4,train
C:\Users\athas\Downloads\Chalearn\first-impressions\train\WkbvQZU475o.003.mp4,train
C:\Users\athas\Downloads\Chalearn\first-impressions\train\wK_ExIjn5Q8.002.mp4,train
C:\Users\athas\Downloads\Chalearn\first-impressions\train\wK_ExIjn5Q8.004.mp4,train
C:\Users\athas\Downloads\Chalearn\first-impressions\train\wK_ExIjn5Q8.005.mp4,train
C:\Users\athas\Downloads\Chalearn\first-impressions\train\wm94g-5Cg5s.000.mp4,train
C:\Users\athas\Downloads\Chalearn\first-impressions\train\wm94g-5Cg5s.002.mp4,train
C:\Users\athas\Downloads\Chalearn\first-impressions\train\wm94g-5Cg5s.003.mp4,train
C:\Users\athas\Downloads\Chalearn\first-impressions\train\wm94g-5Cg5s.004.mp4,train
C:\Users\athas\Downloads\Chalearn\first-impressions\train\wm94g-5Cg5s.005.mp4,train
C:\Users\athas\Downloads\Chalearn\first-impressions\train\WMp0lsXbOqM.002.mp4,train
C:\Users\athas\Downloads\Chalearn\first-impressions\train\WMp0lsXbOqM.003.mp4,train
C:\Users\athas\Downloads\Chalearn\first-impressions\train\wNH5FmWVr-M.001.mp4,train
C:\Users\athas\Downloads\Chalearn\first-impressions\train\WosLI6krxUg.001.mp4,train
C:\Users\athas\Downloads\Chalearn\first-impressions\train\WosLI6krxUg.002.mp4,train
C:\Users\athas\Downloads\Chalearn\first-impressions\train\WOyix7rTgwI.001.mp4,train
C:\Users\athas\Downloads\Chalearn\first-impressions\train\WpEZOSrENL0.002.mp4,train
C:\Users\athas\Downloads\Chalearn\first-impressions\train\WpMPrPnk1po.000.mp4,train
C:\Users\athas\Downloads\Chalearn\first-impressions\train\WQg0-M4Yn3s.000.mp4,train
C:\Users\athas\Downloads\Chalearn\first-impressions\train\wr4dP9MuHME.004.mp4,train
C:\Users\athas\Downloads\Chalearn\first-impressions\train\wr4dP9MuHME.005.mp4,train
C:\Users\athas\Downloads\Chalearn\first-impressions\train\WRz1F6DqmRQ.000.mp4,train
C:\Users\athas\Downloads\Chalearn\first-impressions\train\WRz1F6DqmRQ.002.mp4,train
C:\Users\athas\Downloads\Chalearn\first-impressions\train\WRz1F6DqmRQ.004.mp4,train
C:\Users\athas\Downloads\Chalearn\first-impressions\train\WRz1F6DqmRQ.005.mp4,train
C:\Users\athas\Downloads\Chalearn\first-impressions\train\wsBrLt5coeM.000.mp4,train
C:\Users\athas\Downloads\Chalearn\first-impressions\train\WT1YjeADatU.000.mp4,train
C:\Users\athas\Downloads\Chalearn\first-impressions\train\WT1YjeADatU.001.mp4,train
C:\Users\athas\Downloads\Chalearn\first-impressions\train\WT1YjeADatU.002.mp4,train
C:\Users\athas\Downloads\Chalearn\first-impressions\train\WT1YjeADatU.003.mp4,train
C:\Users\athas\Downloads\Chalearn\first-impressions\train\wTo1uZns2X8.000.mp4,train
C:\Users\athas\Downloads\Chalearn\first-impressions\train\wTo1uZns2X8.001.mp4,train
C:\Users\athas\Downloads\Chalearn\first-impressions\train\wTo1uZns2X8.003.mp4,train
C:\Users\athas\Downloads\Chalearn\first-impressions\train\wTo1uZns2X8.005.mp4,train
C:\Users\athas\Downloads\Chalearn\first-impressions\train\wTpb1CfMnVM.005.mp4,train
C:\Users\athas\Downloads\Chalearn\first-impressions\train\WTzDOt2GO1M.002.mp4,train
C:\Users\athas\Downloads\Chalearn\first-impressions\train\WTzDOt2GO1M.005.mp4,train
C:\Users\athas\Downloads\Chalearn\first-impressions\train\WU2_ELn71Rw.000.mp4,train
C:\Users\athas\Downloads\Chalearn\first-impressions\train\WuHLxhCSnGs.001.mp4,train
C:\Users\athas\Downloads\Chalearn\first-impressions\train\WuHLxhCSnGs.003.mp4,train
C:\Users\athas\Downloads\Chalearn\first-impressions\train\WuHLxhCSnGs.004.mp4,train
C:\Users\athas\Downloads\Chalearn\first-impressions\train\WuHLxhCSnGs.005.mp4,train
C:\Users\athas\Downloads\Chalearn\first-impressions\train\wuhoIm_jPc0.002.mp4,train
C:\Users\athas\Downloads\Chalearn\first-impressions\train\wuhoIm_jPc0.003.mp4,train
C:\Users\athas\Downloads\Chalearn\first-impressions\train\wuhoIm_jPc0.004.mp4,train
C:\Users\athas\Downloads\Chalearn\first-impressions\train\wuhoIm_jPc0.005.mp4,train
C:\Users\athas\Downloads\Chalearn\first-impressions\train\WuIKjBb7s4Q.000.mp4,train
C:\Users\athas\Downloads\Chalearn\first-impressions\train\WuIKjBb7s4Q.002.mp4,train
C:\Users\athas\Downloads\Chalearn\first-impressions\train\WuIKjBb7s4Q.003.mp4,train
C:\Users\athas\Downloads\Chalearn\first-impressions\train\WuIKjBb7s4Q.004.mp4,train
C:\Users\athas\Downloads\Chalearn\first-impressions\train\WuIKjBb7s4Q.005.mp4,train
C:\Users\athas\Downloads\Chalearn\first-impressions\train\WUNXs4r_xCU.000.mp4,train
C:\Users\athas\Downloads\Chalearn\first-impressions\train\WUNXs4r_xCU.001.mp4,train
C:\Users\athas\Downloads\Chalearn\first-impressions\train\WUNXs4r_xCU.002.mp4,train
C:\Users\athas\Downloads\Chalearn\first-impressions\train\WUNXs4r_xCU.003.mp4,train
C:\Users\athas\Downloads\Chalearn\first-impressions\train\WUNXs4r_xCU.004.mp4,train
C:\Users\athas\Downloads\Chalearn\first-impressions\train\WuoQDp7pU24.001.mp4,train
C:\Users\athas\Downloads\Chalearn\first-impressions\train\WuoQDp7pU24.002.mp4,train
C:\Users\athas\Downloads\Chalearn\first-impressions\train\WuoQDp7pU24.003.mp4,train
C:\Users\athas\Downloads\Chalearn\first-impressions\train\wVpjBxCirAQ.001.mp4,train
C:\Users\athas\Downloads\Chalearn\first-impressions\train\wVpjBxCirAQ.004.mp4,train
C:\Users\athas\Downloads\Chalearn\first-impressions\train\wVpjBxCirAQ.005.mp4,train
C:\Users\athas\Downloads\Chalearn\first-impressions\train\WWdCfiraNQk.003.mp4,train
C:\Users\athas\Downloads\Chalearn\first-impressions\train\WwGca41TJVU.002.mp4,train
C:\Users\athas\Downloads\Chalearn\first-impressions\train\WwGca41TJVU.003.mp4,train
C:\Users\athas\Downloads\Chalearn\first-impressions\train\wxpXOLNwW1E.000.mp4,train
C:\Users\athas\Downloads\Chalearn\first-impressions\train\wxpXOLNwW1E.002.mp4,train
C:\Users\athas\Downloads\Chalearn\first-impressions\train\Wx_oe0SxD9w.000.mp4,train
C:\Users\athas\Downloads\Chalearn\first-impressions\train\Wx_oe0SxD9w.001.mp4,train
C:\Users\athas\Downloads\Chalearn\first-impressions\train\Wx_oe0SxD9w.002.mp4,train
C:\Users\athas\Downloads\Chalearn\first-impressions\train\Wx_oe0SxD9w.003.mp4,train
C:\Users\athas\Downloads\Chalearn\first-impressions\train\wy1szFSVpEI.002.mp4,train
C:\Users\athas\Downloads\Chalearn\first-impressions\train\Wy4hWbeibhU.000.mp4,train
C:\Users\athas\Downloads\Chalearn\first-impressions\train\Wy4hWbeibhU.002.mp4,train
C:\Users\athas\Downloads\Chalearn\first-impressions\train\wYixHjntI-4.001.mp4,train
C:\Users\athas\Downloads\Chalearn\first-impressions\train\wYixHjntI-4.002.mp4,train
C:\Users\athas\Downloads\Chalearn\first-impressions\train\wYixHjntI-4.004.mp4,train
C:\Users\athas\Downloads\Chalearn\first-impressions\train\wYixHjntI-4.005.mp4,train
C:\Users\athas\Downloads\Chalearn\first-impressions\train\WyLqK6wzYLU.000.mp4,train
C:\Users\athas\Downloads\Chalearn\first-impressions\train\WyLqK6wzYLU.001.mp4,train
C:\Users\athas\Downloads\Chalearn\first-impressions\train\WYXRdYT4F0Q.003.mp4,train
C:\Users\athas\Downloads\Chalearn\first-impressions\train\wYZJ2HXfvmQ.001.mp4,train
C:\Users\athas\Downloads\Chalearn\first-impressions\train\wYZJ2HXfvmQ.002.mp4,train
C:\Users\athas\Downloads\Chalearn\first-impressions\train\wYZJ2HXfvmQ.003.mp4,train
C:\Users\athas\Downloads\Chalearn\first-impressions\train\wYZJ2HXfvmQ.005.mp4,train
C:\Users\athas\Downloads\Chalearn\first-impressions\train\wzCdM6Fe_4A.001.mp4,train
C:\Users\athas\Downloads\Chalearn\first-impressions\train\wzCdM6Fe_4A.003.mp4,train
C:\Users\athas\Downloads\Chalearn\first-impressions\train\wzCdM6Fe_4A.004.mp4,train
C:\Users\athas\Downloads\Chalearn\first-impressions\train\WZnLayQeIZ0.000.mp4,train
C:\Users\athas\Downloads\Chalearn\first-impressions\train\WZnLayQeIZ0.005.mp4,train
C:\Users\athas\Downloads\Chalearn\first-impressions\train\w_ExyXsnw2A.000.mp4,train
C:\Users\athas\Downloads\Chalearn\first-impressions\train\w_ExyXsnw2A.003.mp4,train
C:\Users\athas\Downloads\Chalearn\first-impressions\train\X-i_eQ48DBw.000.mp4,train
C:\Users\athas\Downloads\Chalearn\first-impressions\train\X-i_eQ48DBw.001.mp4,train
C:\Users\athas\Downloads\Chalearn\first-impressions\train\X-i_eQ48DBw.004.mp4,train
C:\Users\athas\Downloads\Chalearn\first-impressions\train\x0CZuHnJ0Hs.004.mp4,train
C:\Users\athas\Downloads\Chalearn\first-impressions\train\x0CZuHnJ0Hs.005.mp4,train
C:\Users\athas\Downloads\Chalearn\first-impressions\train\X1EjfXX3NTk.000.mp4,train
C:\Users\athas\Downloads\Chalearn\first-impressions\train\X1EjfXX3NTk.003.mp4,train
C:\Users\athas\Downloads\Chalearn\first-impressions\train\X1EjfXX3NTk.004.mp4,train
C:\Users\athas\Downloads\Chalearn\first-impressions\train\X4NG3EGtUvo.003.mp4,train
C:\Users\athas\Downloads\Chalearn\first-impressions\train\X4NG3EGtUvo.005.mp4,train
C:\Users\athas\Downloads\Chalearn\first-impressions\train\x57nEfACdXA.001.mp4,train
C:\Users\athas\Downloads\Chalearn\first-impressions\train\x57nEfACdXA.002.mp4,train
C:\Users\athas\Downloads\Chalearn\first-impressions\train\x57nEfACdXA.003.mp4,train
C:\Users\athas\Downloads\Chalearn\first-impressions\train\x57nEfACdXA.005.mp4,train
C:\Users\athas\Downloads\Chalearn\first-impressions\train\X5aKCrWf6a4.001.mp4,train
C:\Users\athas\Downloads\Chalearn\first-impressions\train\X5aKCrWf6a4.003.mp4,train
C:\Users\athas\Downloads\Chalearn\first-impressions\train\X5aKCrWf6a4.005.mp4,train
C:\Users\athas\Downloads\Chalearn\first-impressions\train\x6Tluj4dJTU.002.mp4,train
C:\Users\athas\Downloads\Chalearn\first-impressions\train\x6Tluj4dJTU.004.mp4,train
C:\Users\athas\Downloads\Chalearn\first-impressions\train\X7S71Som15M.001.mp4,train
C:\Users\athas\Downloads\Chalearn\first-impressions\train\X7S71Som15M.002.mp4,train
C:\Users\athas\Downloads\Chalearn\first-impressions\train\X8RfXbeIQvo.001.mp4,train
C:\Users\athas\Downloads\Chalearn\first-impressions\train\X9AEEGzWSU8.001.mp4,train
C:\Users\athas\Downloads\Chalearn\first-impressions\train\X9AEEGzWSU8.002.mp4,train
C:\Users\athas\Downloads\Chalearn\first-impressions\train\X9AEEGzWSU8.003.mp4,train
C:\Users\athas\Downloads\Chalearn\first-impressions\train\X9AEEGzWSU8.005.mp4,train
C:\Users\athas\Downloads\Chalearn\first-impressions\train\xA3GCTL5o-k.000.mp4,train
C:\Users\athas\Downloads\Chalearn\first-impressions\train\XAO4l8Ej-J8.003.mp4,train
C:\Users\athas\Downloads\Chalearn\first-impressions\train\XAO4l8Ej-J8.005.mp4,train
C:\Users\athas\Downloads\Chalearn\first-impressions\train\Xauhek9-iKA.001.mp4,train
C:\Users\athas\Downloads\Chalearn\first-impressions\train\XB4JOAiEanw.000.mp4,train
C:\Users\athas\Downloads\Chalearn\first-impressions\train\XB81sertsYU.000.mp4,train
C:\Users\athas\Downloads\Chalearn\first-impressions\train\xbAb00tGeBQ.000.mp4,train
C:\Users\athas\Downloads\Chalearn\first-impressions\train\xBiI0Oo1vBw.000.mp4,train
C:\Users\athas\Downloads\Chalearn\first-impressions\train\xBiI0Oo1vBw.005.mp4,train
C:\Users\athas\Downloads\Chalearn\first-impressions\train\XbsA_lCKQLs.002.mp4,train
C:\Users\athas\Downloads\Chalearn\first-impressions\train\XbsA_lCKQLs.003.mp4,train
C:\Users\athas\Downloads\Chalearn\first-impressions\train\XbsA_lCKQLs.004.mp4,train
C:\Users\athas\Downloads\Chalearn\first-impressions\train\XcEFSi3uaJM.000.mp4,train
C:\Users\athas\Downloads\Chalearn\first-impressions\train\XcEFSi3uaJM.002.mp4,train
C:\Users\athas\Downloads\Chalearn\first-impressions\train\XcEFSi3uaJM.005.mp4,train
C:\Users\athas\Downloads\Chalearn\first-impressions\train\xcMwMi4fdis.001.mp4,train
C:\Users\athas\Downloads\Chalearn\first-impressions\train\xcMwMi4fdis.002.mp4,train
C:\Users\athas\Downloads\Chalearn\first-impressions\train\xcMwMi4fdis.005.mp4,train
C:\Users\athas\Downloads\Chalearn\first-impressions\train\xcVy0l2nfV0.001.mp4,train
C:\Users\athas\Downloads\Chalearn\first-impressions\train\xDjhf8wrNWQ.001.mp4,train
C:\Users\athas\Downloads\Chalearn\first-impressions\train\xDjhf8wrNWQ.003.mp4,train
C:\Users\athas\Downloads\Chalearn\first-impressions\train\xDjhf8wrNWQ.004.mp4,train
C:\Users\athas\Downloads\Chalearn\first-impressions\train\xDjhf8wrNWQ.005.mp4,train
C:\Users\athas\Downloads\Chalearn\first-impressions\train\xe3l76e8yE4.001.mp4,train
C:\Users\athas\Downloads\Chalearn\first-impressions\train\xeE08Vn-HXI.000.mp4,train
C:\Users\athas\Downloads\Chalearn\first-impressions\train\xeE08Vn-HXI.001.mp4,train
C:\Users\athas\Downloads\Chalearn\first-impressions\train\xEmwNv4OxGE.001.mp4,train
C:\Users\athas\Downloads\Chalearn\first-impressions\train\XEpdSMQfEOs.002.mp4,train
C:\Users\athas\Downloads\Chalearn\first-impressions\train\XEpdSMQfEOs.003.mp4,train
C:\Users\athas\Downloads\Chalearn\first-impressions\train\XEpdSMQfEOs.004.mp4,train
C:\Users\athas\Downloads\Chalearn\first-impressions\train\xerGtxpxW6Q.002.mp4,train
C:\Users\athas\Downloads\Chalearn\first-impressions\train\xerGtxpxW6Q.003.mp4,train
C:\Users\athas\Downloads\Chalearn\first-impressions\train\XfK7WZ3skUM.001.mp4,train
C:\Users\athas\Downloads\Chalearn\first-impressions\train\xfLVThCzEEk.000.mp4,train
C:\Users\athas\Downloads\Chalearn\first-impressions\train\xfMOELCuN94.003.mp4,train
C:\Users\athas\Downloads\Chalearn\first-impressions\train\xfMOELCuN94.004.mp4,train
C:\Users\athas\Downloads\Chalearn\first-impressions\train\Xfmu-7JuDGg.000.mp4,train
C:\Users\athas\Downloads\Chalearn\first-impressions\train\Xfmu-7JuDGg.001.mp4,train
C:\Users\athas\Downloads\Chalearn\first-impressions\train\Xfmu-7JuDGg.002.mp4,train
C:\Users\athas\Downloads\Chalearn\first-impressions\train\Xfmu-7JuDGg.004.mp4,train
C:\Users\athas\Downloads\Chalearn\first-impressions\train\XFpzukISe6s.004.mp4,train
C:\Users\athas\Downloads\Chalearn\first-impressions\train\XFpzukISe6s.005.mp4,train
C:\Users\athas\Downloads\Chalearn\first-impressions\train\XFqLaKqrUHM.004.mp4,train
C:\Users\athas\Downloads\Chalearn\first-impressions\train\XfUqFt2amrM.000.mp4,train
C:\Users\athas\Downloads\Chalearn\first-impressions\train\XfUqFt2amrM.002.mp4,train
C:\Users\athas\Downloads\Chalearn\first-impressions\train\XfUqFt2amrM.003.mp4,train
C:\Users\athas\Downloads\Chalearn\first-impressions\train\xGo_wImhwkQ.003.mp4,train
C:\Users\athas\Downloads\Chalearn\first-impressions\train\xgRqkTXmZko.000.mp4,train
C:\Users\athas\Downloads\Chalearn\first-impressions\train\xgRqkTXmZko.001.mp4,train
C:\Users\athas\Downloads\Chalearn\first-impressions\train\xgwiqo2AsCA.000.mp4,train
C:\Users\athas\Downloads\Chalearn\first-impressions\train\xgwiqo2AsCA.001.mp4,train
C:\Users\athas\Downloads\Chalearn\first-impressions\train\xgwiqo2AsCA.002.mp4,train
C:\Users\athas\Downloads\Chalearn\first-impressions\train\xHb5_bc1JOA.000.mp4,train
C:\Users\athas\Downloads\Chalearn\first-impressions\train\xHb5_bc1JOA.001.mp4,train
C:\Users\athas\Downloads\Chalearn\first-impressions\train\xHb5_bc1JOA.003.mp4,train
C:\Users\athas\Downloads\Chalearn\first-impressions\train\XhgDsQlEnuU.000.mp4,train
C:\Users\athas\Downloads\Chalearn\first-impressions\train\XhgDsQlEnuU.001.mp4,train
C:\Users\athas\Downloads\Chalearn\first-impressions\train\XhgDsQlEnuU.002.mp4,train
C:\Users\athas\Downloads\Chalearn\first-impressions\train\xHsh2Rg5ANU.000.mp4,train
C:\Users\athas\Downloads\Chalearn\first-impressions\train\XJj34u5IzU0.002.mp4,train
C:\Users\athas\Downloads\Chalearn\first-impressions\train\XJj34u5IzU0.003.mp4,train
C:\Users\athas\Downloads\Chalearn\first-impressions\train\XJj34u5IzU0.004.mp4,train
C:\Users\athas\Downloads\Chalearn\first-impressions\train\XkeSLRAftxA.001.mp4,train
C:\Users\athas\Downloads\Chalearn\first-impressions\train\XkeSLRAftxA.004.mp4,train
C:\Users\athas\Downloads\Chalearn\first-impressions\train\XkeSLRAftxA.005.mp4,train
C:\Users\athas\Downloads\Chalearn\first-impressions\train\xLfLuyIQOJE.002.mp4,train
C:\Users\athas\Downloads\Chalearn\first-impressions\train\xLfLuyIQOJE.003.mp4,train
C:\Users\athas\Downloads\Chalearn\first-impressions\train\xLfLuyIQOJE.004.mp4,train
C:\Users\athas\Downloads\Chalearn\first-impressions\train\xLfLuyIQOJE.005.mp4,train
C:\Users\athas\Downloads\Chalearn\first-impressions\train\XLKNGnpTO9k.001.mp4,train
C:\Users\athas\Downloads\Chalearn\first-impressions\train\XLKNGnpTO9k.005.mp4,train
C:\Users\athas\Downloads\Chalearn\first-impressions\train\XLV7teADu3c.000.mp4,train
C:\Users\athas\Downloads\Chalearn\first-impressions\train\XLV7teADu3c.002.mp4,train
C:\Users\athas\Downloads\Chalearn\first-impressions\train\xmaC2XOhPaE.001.mp4,train
C:\Users\athas\Downloads\Chalearn\first-impressions\train\xmaC2XOhPaE.003.mp4,train
C:\Users\athas\Downloads\Chalearn\first-impressions\train\xmD4FKMq2rk.000.mp4,train
C:\Users\athas\Downloads\Chalearn\first-impressions\train\xmD4FKMq2rk.001.mp4,train
C:\Users\athas\Downloads\Chalearn\first-impressions\train\xmD4FKMq2rk.005.mp4,train
C:\Users\athas\Downloads\Chalearn\first-impressions\train\XmWA7zTJj-c.003.mp4,train
C:\Users\athas\Downloads\Chalearn\first-impressions\train\XN5vpJU3ifw.000.mp4,train
C:\Users\athas\Downloads\Chalearn\first-impressions\train\XN5vpJU3ifw.001.mp4,train
C:\Users\athas\Downloads\Chalearn\first-impressions\train\XN5vpJU3ifw.003.mp4,train
C:\Users\athas\Downloads\Chalearn\first-impressions\train\XN5vpJU3ifw.004.mp4,train
C:\Users\athas\Downloads\Chalearn\first-impressions\train\XN5vpJU3ifw.005.mp4,train
C:\Users\athas\Downloads\Chalearn\first-impressions\train\XNWN7ScxVIA.002.mp4,train
C:\Users\athas\Downloads\Chalearn\first-impressions\train\XOioICna1hc.001.mp4,train
C:\Users\athas\Downloads\Chalearn\first-impressions\train\XOioICna1hc.004.mp4,train
C:\Users\athas\Downloads\Chalearn\first-impressions\train\XOioICna1hc.005.mp4,train
C:\Users\athas\Downloads\Chalearn\first-impressions\train\xotlPVnG05U.000.mp4,train
C:\Users\athas\Downloads\Chalearn\first-impressions\train\XoyQKsK7OtA.000.mp4,train
C:\Users\athas\Downloads\Chalearn\first-impressions\train\xP6i_WO1LCM.000.mp4,train
C:\Users\athas\Downloads\Chalearn\first-impressions\train\xpSCu7PgJts.000.mp4,train
C:\Users\athas\Downloads\Chalearn\first-impressions\train\xpSCu7PgJts.004.mp4,train
C:\Users\athas\Downloads\Chalearn\first-impressions\train\XPV4pavXh94.001.mp4,train
C:\Users\athas\Downloads\Chalearn\first-impressions\train\XPV4pavXh94.005.mp4,train
C:\Users\athas\Downloads\Chalearn\first-impressions\train\XpY-cxkbYdo.002.mp4,train
C:\Users\athas\Downloads\Chalearn\first-impressions\train\XQ3do4LDFv8.000.mp4,train
C:\Users\athas\Downloads\Chalearn\first-impressions\train\XQ3do4LDFv8.003.mp4,train
C:\Users\athas\Downloads\Chalearn\first-impressions\train\XQ3do4LDFv8.004.mp4,train
C:\Users\athas\Downloads\Chalearn\first-impressions\train\xqGyF2T3pso.000.mp4,train
C:\Users\athas\Downloads\Chalearn\first-impressions\train\xqGyF2T3pso.001.mp4,train
C:\Users\athas\Downloads\Chalearn\first-impressions\train\xqGyF2T3pso.002.mp4,train
C:\Users\athas\Downloads\Chalearn\first-impressions\train\xQHmbJ_lPjY.001.mp4,train
C:\Users\athas\Downloads\Chalearn\first-impressions\train\xQHmbJ_lPjY.003.mp4,train
C:\Users\athas\Downloads\Chalearn\first-impressions\train\xQHmbJ_lPjY.005.mp4,train
C:\Users\athas\Downloads\Chalearn\first-impressions\train\XQZ5M9oLkXw.001.mp4,train
C:\Users\athas\Downloads\Chalearn\first-impressions\train\XQZ5M9oLkXw.003.mp4,train
C:\Users\athas\Downloads\Chalearn\first-impressions\train\XQZ5M9oLkXw.005.mp4,train
C:\Users\athas\Downloads\Chalearn\first-impressions\train\xRhUBifOWiI.000.mp4,train
C:\Users\athas\Downloads\Chalearn\first-impressions\train\xRhUBifOWiI.001.mp4,train
C:\Users\athas\Downloads\Chalearn\first-impressions\train\xRhUBifOWiI.003.mp4,train
C:\Users\athas\Downloads\Chalearn\first-impressions\train\xRhUBifOWiI.004.mp4,train
C:\Users\athas\Downloads\Chalearn\first-impressions\train\xRLaEoXAsjk.001.mp4,train
C:\Users\athas\Downloads\Chalearn\first-impressions\train\XRoSKIIFp9c.003.mp4,train
C:\Users\athas\Downloads\Chalearn\first-impressions\train\XRoSKIIFp9c.004.mp4,train
C:\Users\athas\Downloads\Chalearn\first-impressions\train\xrxAyO8pKUo.002.mp4,train
C:\Users\athas\Downloads\Chalearn\first-impressions\train\xrxAyO8pKUo.003.mp4,train
C:\Users\athas\Downloads\Chalearn\first-impressions\train\xsDABUrvs6w.001.mp4,train
C:\Users\athas\Downloads\Chalearn\first-impressions\train\xsDABUrvs6w.002.mp4,train
C:\Users\athas\Downloads\Chalearn\first-impressions\train\xsLvl2qGrxU.000.mp4,train
C:\Users\athas\Downloads\Chalearn\first-impressions\train\xsLvl2qGrxU.001.mp4,train
C:\Users\athas\Downloads\Chalearn\first-impressions\train\xsLvl2qGrxU.002.mp4,train
C:\Users\athas\Downloads\Chalearn\first-impressions\train\xsLvl2qGrxU.003.mp4,train
C:\Users\athas\Downloads\Chalearn\first-impressions\train\XT4rTk6-Etc.000.mp4,train
C:\Users\athas\Downloads\Chalearn\first-impressions\train\XT4rTk6-Etc.001.mp4,train
C:\Users\athas\Downloads\Chalearn\first-impressions\train\xtDw9TlWiww.000.mp4,train
C:\Users\athas\Downloads\Chalearn\first-impressions\train\xtDw9TlWiww.002.mp4,train
C:\Users\athas\Downloads\Chalearn\first-impressions\train\xUdaVBK1b8w.001.mp4,train
C:\Users\athas\Downloads\Chalearn\first-impressions\train\xun35caJTQI.002.mp4,train
C:\Users\athas\Downloads\Chalearn\first-impressions\train\xun35caJTQI.003.mp4,train
C:\Users\athas\Downloads\Chalearn\first-impressions\train\xun35caJTQI.005.mp4,train
C:\Users\athas\Downloads\Chalearn\first-impressions\train\xVJDjbiIjTo.001.mp4,train
C:\Users\athas\Downloads\Chalearn\first-impressions\train\xvLi31p57oA.004.mp4,train
C:\Users\athas\Downloads\Chalearn\first-impressions\train\XvV4YdhpC2w.001.mp4,train
C:\Users\athas\Downloads\Chalearn\first-impressions\train\XvV4YdhpC2w.002.mp4,train
C:\Users\athas\Downloads\Chalearn\first-impressions\train\XvV4YdhpC2w.004.mp4,train
C:\Users\athas\Downloads\Chalearn\first-impressions\train\xX5Imr7UmaA.002.mp4,train
C:\Users\athas\Downloads\Chalearn\first-impressions\train\xyOq5SL0Evc.000.mp4,train
C:\Users\athas\Downloads\Chalearn\first-impressions\train\xyOq5SL0Evc.002.mp4,train
C:\Users\athas\Downloads\Chalearn\first-impressions\train\xyOq5SL0Evc.003.mp4,train
C:\Users\athas\Downloads\Chalearn\first-impressions\train\xyOq5SL0Evc.004.mp4,train
C:\Users\athas\Downloads\Chalearn\first-impressions\train\XYt6WL-l7do.001.mp4,train
C:\Users\athas\Downloads\Chalearn\first-impressions\train\XYt6WL-l7do.002.mp4,train
C:\Users\athas\Downloads\Chalearn\first-impressions\train\XYt6WL-l7do.004.mp4,train
C:\Users\athas\Downloads\Chalearn\first-impressions\train\XYt6WL-l7do.005.mp4,train
C:\Users\athas\Downloads\Chalearn\first-impressions\train\xyWpSrfFlQw.004.mp4,train
C:\Users\athas\Downloads\Chalearn\first-impressions\train\xZ9iwqHw7GY.002.mp4,train
C:\Users\athas\Downloads\Chalearn\first-impressions\train\xZ9iwqHw7GY.003.mp4,train
C:\Users\athas\Downloads\Chalearn\first-impressions\train\xZFZ0Mvjiuo.000.mp4,train
C:\Users\athas\Downloads\Chalearn\first-impressions\train\xZFZ0Mvjiuo.001.mp4,train
C:\Users\athas\Downloads\Chalearn\first-impressions\train\xZFZ0Mvjiuo.003.mp4,train
C:\Users\athas\Downloads\Chalearn\first-impressions\train\xZFZ0Mvjiuo.005.mp4,train
C:\Users\athas\Downloads\Chalearn\first-impressions\train\xzRYaxrhne8.002.mp4,train
C:\Users\athas\Downloads\Chalearn\first-impressions\train\xzRYaxrhne8.003.mp4,train
C:\Users\athas\Downloads\Chalearn\first-impressions\train\xzRYaxrhne8.004.mp4,train
C:\Users\athas\Downloads\Chalearn\first-impressions\train\xzRYaxrhne8.005.mp4,train
C:\Users\athas\Downloads\Chalearn\first-impressions\train\y--uBBy7ebM.000.mp4,train
C:\Users\athas\Downloads\Chalearn\first-impressions\train\y--uBBy7ebM.002.mp4,train
C:\Users\athas\Downloads\Chalearn\first-impressions\train\y--uBBy7ebM.004.mp4,train
C:\Users\athas\Downloads\Chalearn\first-impressions\train\y--uBBy7ebM.005.mp4,train
C:\Users\athas\Downloads\Chalearn\first-impressions\train\Y-YdRocu0os.001.mp4,train
C:\Users\athas\Downloads\Chalearn\first-impressions\train\Y-_JeJoCjUo.001.mp4,train
C:\Users\athas\Downloads\Chalearn\first-impressions\train\Y-_JeJoCjUo.005.mp4,train
C:\Users\athas\Downloads\Chalearn\first-impressions\train\y0UCXXk9tlM.002.mp4,train
C:\Users\athas\Downloads\Chalearn\first-impressions\train\y0UCXXk9tlM.003.mp4,train
C:\Users\athas\Downloads\Chalearn\first-impressions\train\y0UCXXk9tlM.004.mp4,train
C:\Users\athas\Downloads\Chalearn\first-impressions\train\y0UCXXk9tlM.005.mp4,train
C:\Users\athas\Downloads\Chalearn\first-impressions\train\y1e8xPAaL9k.000.mp4,train
C:\Users\athas\Downloads\Chalearn\first-impressions\train\y1e8xPAaL9k.002.mp4,train
C:\Users\athas\Downloads\Chalearn\first-impressions\train\Y1LrgyCJtpU.000.mp4,train
C:\Users\athas\Downloads\Chalearn\first-impressions\train\Y1LrgyCJtpU.001.mp4,train
C:\Users\athas\Downloads\Chalearn\first-impressions\train\Y1LrgyCJtpU.002.mp4,train
C:\Users\athas\Downloads\Chalearn\first-impressions\train\Y1LrgyCJtpU.003.mp4,train
C:\Users\athas\Downloads\Chalearn\first-impressions\train\Y1LrgyCJtpU.005.mp4,train
C:\Users\athas\Downloads\Chalearn\first-impressions\train\Y1LXjxAQihQ.004.mp4,train
C:\Users\athas\Downloads\Chalearn\first-impressions\train\Y2An1KkoHzY.002.mp4,train
C:\Users\athas\Downloads\Chalearn\first-impressions\train\y2UF49ddapI.001.mp4,train
C:\Users\athas\Downloads\Chalearn\first-impressions\train\y2UF49ddapI.003.mp4,train
C:\Users\athas\Downloads\Chalearn\first-impressions\train\y4Ej1YSEQf0.000.mp4,train
C:\Users\athas\Downloads\Chalearn\first-impressions\train\y4Ej1YSEQf0.002.mp4,train
C:\Users\athas\Downloads\Chalearn\first-impressions\train\Y6iogSmj6FQ.002.mp4,train
C:\Users\athas\Downloads\Chalearn\first-impressions\train\Y6iogSmj6FQ.003.mp4,train
C:\Users\athas\Downloads\Chalearn\first-impressions\train\Y6iogSmj6FQ.005.mp4,train
C:\Users\athas\Downloads\Chalearn\first-impressions\train\y6LC5kAJmHw.004.mp4,train
C:\Users\athas\Downloads\Chalearn\first-impressions\train\y6sy0HBe-Zs.000.mp4,train
C:\Users\athas\Downloads\Chalearn\first-impressions\train\y6sy0HBe-Zs.005.mp4,train
C:\Users\athas\Downloads\Chalearn\first-impressions\train\y7MEVu2nyes.000.mp4,train
C:\Users\athas\Downloads\Chalearn\first-impressions\train\y7MEVu2nyes.001.mp4,train
C:\Users\athas\Downloads\Chalearn\first-impressions\train\y7MEVu2nyes.003.mp4,train
C:\Users\athas\Downloads\Chalearn\first-impressions\train\y7MEVu2nyes.004.mp4,train
C:\Users\athas\Downloads\Chalearn\first-impressions\train\Y8gv_ZK3w4A.000.mp4,train
C:\Users\athas\Downloads\Chalearn\first-impressions\train\Y8gv_ZK3w4A.002.mp4,train
C:\Users\athas\Downloads\Chalearn\first-impressions\train\Y8gv_ZK3w4A.003.mp4,train
C:\Users\athas\Downloads\Chalearn\first-impressions\train\Y8gv_ZK3w4A.004.mp4,train
C:\Users\athas\Downloads\Chalearn\first-impressions\train\Y9WX7ucPP-o.000.mp4,train
C:\Users\athas\Downloads\Chalearn\first-impressions\train\Y9WX7ucPP-o.002.mp4,train
C:\Users\athas\Downloads\Chalearn\first-impressions\train\ya8Ec_yTai8.002.mp4,train
C:\Users\athas\Downloads\Chalearn\first-impressions\train\ya8Ec_yTai8.003.mp4,train
C:\Users\athas\Downloads\Chalearn\first-impressions\train\Ya9Szm73LfE.002.mp4,train
C:\Users\athas\Downloads\Chalearn\first-impressions\train\Ya9Szm73LfE.003.mp4,train
C:\Users\athas\Downloads\Chalearn\first-impressions\train\yAVnxsaTyuE.001.mp4,train
C:\Users\athas\Downloads\Chalearn\first-impressions\train\YbdJd16c3eo.004.mp4,train
C:\Users\athas\Downloads\Chalearn\first-impressions\train\yBlPsPBRv5E.001.mp4,train
C:\Users\athas\Downloads\Chalearn\first-impressions\train\yBlPsPBRv5E.002.mp4,train
C:\Users\athas\Downloads\Chalearn\first-impressions\train\yBMuZWldxLk.001.mp4,train
C:\Users\athas\Downloads\Chalearn\first-impressions\train\YBsKLg3GMrE.005.mp4,train
C:\Users\athas\Downloads\Chalearn\first-impressions\train\YbxdeEd7wq4.001.mp4,train
C:\Users\athas\Downloads\Chalearn\first-impressions\train\YC3X1DcnUrk.000.mp4,train
C:\Users\athas\Downloads\Chalearn\first-impressions\train\YC3X1DcnUrk.001.mp4,train
C:\Users\athas\Downloads\Chalearn\first-impressions\train\YC3X1DcnUrk.005.mp4,train
C:\Users\athas\Downloads\Chalearn\first-impressions\train\YdxS3f4HXaA.005.mp4,train
C:\Users\athas\Downloads\Chalearn\first-impressions\train\YEbaKrAxo5I.001.mp4,train
C:\Users\athas\Downloads\Chalearn\first-impressions\train\yEE9FoKWdpU.005.mp4,train
C:\Users\athas\Downloads\Chalearn\first-impressions\train\yEWy_vXTTJU.005.mp4,train
C:\Users\athas\Downloads\Chalearn\first-impressions\train\YF2QVn1fK1E.002.mp4,train
C:\Users\athas\Downloads\Chalearn\first-impressions\train\YF2QVn1fK1E.005.mp4,train
C:\Users\athas\Downloads\Chalearn\first-impressions\train\yftfxiDNXko.000.mp4,train
C:\Users\athas\Downloads\Chalearn\first-impressions\train\yftfxiDNXko.001.mp4,train
C:\Users\athas\Downloads\Chalearn\first-impressions\train\yftfxiDNXko.002.mp4,train
C:\Users\athas\Downloads\Chalearn\first-impressions\train\yftfxiDNXko.004.mp4,train
C:\Users\athas\Downloads\Chalearn\first-impressions\train\yFZ3eUD6Pqs.000.mp4,train
C:\Users\athas\Downloads\Chalearn\first-impressions\train\yFZ3eUD6Pqs.001.mp4,train
C:\Users\athas\Downloads\Chalearn\first-impressions\train\yFZ3eUD6Pqs.002.mp4,train
C:\Users\athas\Downloads\Chalearn\first-impressions\train\yFZ3eUD6Pqs.003.mp4,train
C:\Users\athas\Downloads\Chalearn\first-impressions\train\yFZ3eUD6Pqs.004.mp4,train
C:\Users\athas\Downloads\Chalearn\first-impressions\train\yFZ3eUD6Pqs.005.mp4,train
C:\Users\athas\Downloads\Chalearn\first-impressions\train\YGJ33FXzJO8.005.mp4,train
C:\Users\athas\Downloads\Chalearn\first-impressions\train\YGrCXe2-fVk.001.mp4,train
C:\Users\athas\Downloads\Chalearn\first-impressions\train\YGrCXe2-fVk.004.mp4,train
C:\Users\athas\Downloads\Chalearn\first-impressions\train\ygUEI08LgcM.002.mp4,train
C:\Users\athas\Downloads\Chalearn\first-impressions\train\yHwuRYr5lxk.003.mp4,train
C:\Users\athas\Downloads\Chalearn\first-impressions\train\yHwuRYr5lxk.004.mp4,train
C:\Users\athas\Downloads\Chalearn\first-impressions\train\yHwuRYr5lxk.005.mp4,train
C:\Users\athas\Downloads\Chalearn\first-impressions\train\yIe7Rp54-bU.001.mp4,train
C:\Users\athas\Downloads\Chalearn\first-impressions\train\yIe7Rp54-bU.004.mp4,train
C:\Users\athas\Downloads\Chalearn\first-impressions\train\yIM5bal1VVs.000.mp4,train
C:\Users\athas\Downloads\Chalearn\first-impressions\train\yIM5bal1VVs.003.mp4,train
C:\Users\athas\Downloads\Chalearn\first-impressions\train\yIM5bal1VVs.004.mp4,train
C:\Users\athas\Downloads\Chalearn\first-impressions\train\yIM5bal1VVs.005.mp4,train
C:\Users\athas\Downloads\Chalearn\first-impressions\train\YiX6thczM1w.001.mp4,train
C:\Users\athas\Downloads\Chalearn\first-impressions\train\YiX6thczM1w.002.mp4,train
C:\Users\athas\Downloads\Chalearn\first-impressions\train\YiX6thczM1w.005.mp4,train
C:\Users\athas\Downloads\Chalearn\first-impressions\train\yj2Y1Y26rd4.001.mp4,train
C:\Users\athas\Downloads\Chalearn\first-impressions\train\yj2Y1Y26rd4.002.mp4,train
C:\Users\athas\Downloads\Chalearn\first-impressions\train\Yj36y7ELRZE.000.mp4,train
C:\Users\athas\Downloads\Chalearn\first-impressions\train\Yj36y7ELRZE.001.mp4,train
C:\Users\athas\Downloads\Chalearn\first-impressions\train\Yj36y7ELRZE.004.mp4,train
C:\Users\athas\Downloads\Chalearn\first-impressions\train\YJ5CINQ8v_E.000.mp4,train
C:\Users\athas\Downloads\Chalearn\first-impressions\train\YJ5CINQ8v_E.001.mp4,train
C:\Users\athas\Downloads\Chalearn\first-impressions\train\YJ5CINQ8v_E.005.mp4,train
C:\Users\athas\Downloads\Chalearn\first-impressions\train\YjXUMygVw7U.002.mp4,train
C:\Users\athas\Downloads\Chalearn\first-impressions\train\YjXUMygVw7U.005.mp4,train
C:\Users\athas\Downloads\Chalearn\first-impressions\train\ykm4JTvlOCQ.000.mp4,train
C:\Users\athas\Downloads\Chalearn\first-impressions\train\YliKljQIX2o.002.mp4,train
C:\Users\athas\Downloads\Chalearn\first-impressions\train\YliKljQIX2o.003.mp4,train
C:\Users\athas\Downloads\Chalearn\first-impressions\train\YliKljQIX2o.004.mp4,train
C:\Users\athas\Downloads\Chalearn\first-impressions\train\YLKPVl-M3Ck.000.mp4,train
C:\Users\athas\Downloads\Chalearn\first-impressions\train\YLKPVl-M3Ck.001.mp4,train
C:\Users\athas\Downloads\Chalearn\first-impressions\train\ymrFbEMNBME.001.mp4,train
C:\Users\athas\Downloads\Chalearn\first-impressions\train\ymrFbEMNBME.004.mp4,train
C:\Users\athas\Downloads\Chalearn\first-impressions\train\YN0Xd70SqEo.004.mp4,train
C:\Users\athas\Downloads\Chalearn\first-impressions\train\YNlhBpVk1tw.000.mp4,train
C:\Users\athas\Downloads\Chalearn\first-impressions\train\YNlhBpVk1tw.001.mp4,train
C:\Users\athas\Downloads\Chalearn\first-impressions\train\YNlhBpVk1tw.002.mp4,train
C:\Users\athas\Downloads\Chalearn\first-impressions\train\YNlhBpVk1tw.004.mp4,train
C:\Users\athas\Downloads\Chalearn\first-impressions\train\YocrYFLm4CM.000.mp4,train
C:\Users\athas\Downloads\Chalearn\first-impressions\train\YocrYFLm4CM.002.mp4,train
C:\Users\athas\Downloads\Chalearn\first-impressions\train\yOzHZOg95Ug.001.mp4,train
C:\Users\athas\Downloads\Chalearn\first-impressions\train\yOzHZOg95Ug.003.mp4,train
C:\Users\athas\Downloads\Chalearn\first-impressions\train\yOzHZOg95Ug.004.mp4,train
C:\Users\athas\Downloads\Chalearn\first-impressions\train\yOzHZOg95Ug.005.mp4,train
C:\Users\athas\Downloads\Chalearn\first-impressions\train\yozI_jvMrTw.004.mp4,train
C:\Users\athas\Downloads\Chalearn\first-impressions\train\yozI_jvMrTw.005.mp4,train
C:\Users\athas\Downloads\Chalearn\first-impressions\train\yp-tfq1NxBk.003.mp4,train
C:\Users\athas\Downloads\Chalearn\first-impressions\train\YP7N98ECZaI.001.mp4,train
C:\Users\athas\Downloads\Chalearn\first-impressions\train\YP7N98ECZaI.002.mp4,train
C:\Users\athas\Downloads\Chalearn\first-impressions\train\YP7N98ECZaI.003.mp4,train
C:\Users\athas\Downloads\Chalearn\first-impressions\train\YP7N98ECZaI.004.mp4,train
C:\Users\athas\Downloads\Chalearn\first-impressions\train\YP7N98ECZaI.005.mp4,train
C:\Users\athas\Downloads\Chalearn\first-impressions\train\YPMffqhP0C8.000.mp4,train
C:\Users\athas\Downloads\Chalearn\first-impressions\train\YPMffqhP0C8.001.mp4,train
C:\Users\athas\Downloads\Chalearn\first-impressions\train\YPMffqhP0C8.002.mp4,train
C:\Users\athas\Downloads\Chalearn\first-impressions\train\YPMffqhP0C8.004.mp4,train
C:\Users\athas\Downloads\Chalearn\first-impressions\train\YPnuq0tDDqk.000.mp4,train
C:\Users\athas\Downloads\Chalearn\first-impressions\train\YPnuq0tDDqk.003.mp4,train
C:\Users\athas\Downloads\Chalearn\first-impressions\train\yrToGVRf27U.003.mp4,train
C:\Users\athas\Downloads\Chalearn\first-impressions\train\yrToGVRf27U.004.mp4,train
C:\Users\athas\Downloads\Chalearn\first-impressions\train\yRVvI1x2DBI.002.mp4,train
C:\Users\athas\Downloads\Chalearn\first-impressions\train\yRVvI1x2DBI.004.mp4,train
C:\Users\athas\Downloads\Chalearn\first-impressions\train\yRVvI1x2DBI.005.mp4,train
C:\Users\athas\Downloads\Chalearn\first-impressions\train\YryBLVZgJj0.001.mp4,train
C:\Users\athas\Downloads\Chalearn\first-impressions\train\YryBLVZgJj0.003.mp4,train
C:\Users\athas\Downloads\Chalearn\first-impressions\train\YryBLVZgJj0.005.mp4,train
C:\Users\athas\Downloads\Chalearn\first-impressions\train\ySEeioc339E.002.mp4,train
C:\Users\athas\Downloads\Chalearn\first-impressions\train\ySEeioc339E.003.mp4,train
C:\Users\athas\Downloads\Chalearn\first-impressions\train\ySEeioc339E.004.mp4,train
C:\Users\athas\Downloads\Chalearn\first-impressions\train\YucM3Zzvekg.001.mp4,train
C:\Users\athas\Downloads\Chalearn\first-impressions\train\yuE25dFTn2o.000.mp4,train
C:\Users\athas\Downloads\Chalearn\first-impressions\train\yuE25dFTn2o.001.mp4,train
C:\Users\athas\Downloads\Chalearn\first-impressions\train\yUESJPS0wS8.000.mp4,train
C:\Users\athas\Downloads\Chalearn\first-impressions\train\yUESJPS0wS8.002.mp4,train
C:\Users\athas\Downloads\Chalearn\first-impressions\train\yUESJPS0wS8.004.mp4,train
C:\Users\athas\Downloads\Chalearn\first-impressions\train\YuoLr4xDvbE.000.mp4,train
C:\Users\athas\Downloads\Chalearn\first-impressions\train\YuoLr4xDvbE.002.mp4,train
C:\Users\athas\Downloads\Chalearn\first-impressions\train\YuoLr4xDvbE.004.mp4,train
C:\Users\athas\Downloads\Chalearn\first-impressions\train\YuoLr4xDvbE.005.mp4,train
C:\Users\athas\Downloads\Chalearn\first-impressions\train\yVSfQZGt1co.001.mp4,train
C:\Users\athas\Downloads\Chalearn\first-impressions\train\yVSfQZGt1co.004.mp4,train
C:\Users\athas\Downloads\Chalearn\first-impressions\train\ywefrPdzz0U.000.mp4,train
C:\Users\athas\Downloads\Chalearn\first-impressions\train\YwsVpkumbJc.002.mp4,train
C:\Users\athas\Downloads\Chalearn\first-impressions\train\YXz6s1XNOLs.000.mp4,train
C:\Users\athas\Downloads\Chalearn\first-impressions\train\YXz6s1XNOLs.002.mp4,train
C:\Users\athas\Downloads\Chalearn\first-impressions\train\YXz6s1XNOLs.004.mp4,train
C:\Users\athas\Downloads\Chalearn\first-impressions\train\YXz6s1XNOLs.005.mp4,train
C:\Users\athas\Downloads\Chalearn\first-impressions\train\YygvfVxOWP8.000.mp4,train
C:\Users\athas\Downloads\Chalearn\first-impressions\train\YygvfVxOWP8.005.mp4,train
C:\Users\athas\Downloads\Chalearn\first-impressions\train\YyHOKFYDZ5Y.002.mp4,train
C:\Users\athas\Downloads\Chalearn\first-impressions\train\YyHOKFYDZ5Y.004.mp4,train
C:\Users\athas\Downloads\Chalearn\first-impressions\train\YyHOKFYDZ5Y.005.mp4,train
C:\Users\athas\Downloads\Chalearn\first-impressions\train\YyYDxAyV_Aw.003.mp4,train
C:\Users\athas\Downloads\Chalearn\first-impressions\train\YzcZY1mUZfc.000.mp4,train
C:\Users\athas\Downloads\Chalearn\first-impressions\train\YzcZY1mUZfc.001.mp4,train
C:\Users\athas\Downloads\Chalearn\first-impressions\train\YzcZY1mUZfc.002.mp4,train
C:\Users\athas\Downloads\Chalearn\first-impressions\train\YzcZY1mUZfc.003.mp4,train
C:\Users\athas\Downloads\Chalearn\first-impressions\train\YzcZY1mUZfc.004.mp4,train
C:\Users\athas\Downloads\Chalearn\first-impressions\train\YzcZY1mUZfc.005.mp4,train
C:\Users\athas\Downloads\Chalearn\first-impressions\train\yzgA9oAEgI4.002.mp4,train
C:\Users\athas\Downloads\Chalearn\first-impressions\train\yzgA9oAEgI4.003.mp4,train
C:\Users\athas\Downloads\Chalearn\first-impressions\train\YzNbGMNr3z0.001.mp4,train
C:\Users\athas\Downloads\Chalearn\first-impressions\train\YZp79VcnY0w.001.mp4,train
C:\Users\athas\Downloads\Chalearn\first-impressions\train\YZp79VcnY0w.002.mp4,train
C:\Users\athas\Downloads\Chalearn\first-impressions\train\YZp79VcnY0w.004.mp4,train
C:\Users\athas\Downloads\Chalearn\first-impressions\train\Z-CIdOjWcKc.001.mp4,train
C:\Users\athas\Downloads\Chalearn\first-impressions\train\z-CV743owek.001.mp4,train
C:\Users\athas\Downloads\Chalearn\first-impressions\train\z-CV743owek.003.mp4,train
C:\Users\athas\Downloads\Chalearn\first-impressions\train\z-CV743owek.005.mp4,train
C:\Users\athas\Downloads\Chalearn\first-impressions\train\z3DO3tdrsnQ.000.mp4,train
C:\Users\athas\Downloads\Chalearn\first-impressions\train\z3DO3tdrsnQ.001.mp4,train
C:\Users\athas\Downloads\Chalearn\first-impressions\train\Z3E1jkaNRKs.000.mp4,train
C:\Users\athas\Downloads\Chalearn\first-impressions\train\Z3E1jkaNRKs.001.mp4,train
C:\Users\athas\Downloads\Chalearn\first-impressions\train\Z3E1jkaNRKs.003.mp4,train
C:\Users\athas\Downloads\Chalearn\first-impressions\train\Z3FdUfZLHyw.000.mp4,train
C:\Users\athas\Downloads\Chalearn\first-impressions\train\Z3FdUfZLHyw.001.mp4,train
C:\Users\athas\Downloads\Chalearn\first-impressions\train\Z3FdUfZLHyw.002.mp4,train
C:\Users\athas\Downloads\Chalearn\first-impressions\train\Z3FdUfZLHyw.004.mp4,train
C:\Users\athas\Downloads\Chalearn\first-impressions\train\Z3FdUfZLHyw.005.mp4,train
C:\Users\athas\Downloads\Chalearn\first-impressions\train\z54OqeICELg.000.mp4,train
C:\Users\athas\Downloads\Chalearn\first-impressions\train\z54OqeICELg.001.mp4,train
C:\Users\athas\Downloads\Chalearn\first-impressions\train\z54OqeICELg.004.mp4,train
C:\Users\athas\Downloads\Chalearn\first-impressions\train\z54OqeICELg.005.mp4,train
C:\Users\athas\Downloads\Chalearn\first-impressions\train\Z5S5uGXkNuc.001.mp4,train
C:\Users\athas\Downloads\Chalearn\first-impressions\train\Z5S5uGXkNuc.002.mp4,train
C:\Users\athas\Downloads\Chalearn\first-impressions\train\Z5S5uGXkNuc.004.mp4,train
C:\Users\athas\Downloads\Chalearn\first-impressions\train\Z6vQQvro86Y.001.mp4,train
C:\Users\athas\Downloads\Chalearn\first-impressions\train\Z6vQQvro86Y.002.mp4,train
C:\Users\athas\Downloads\Chalearn\first-impressions\train\Z6vQQvro86Y.004.mp4,train
C:\Users\athas\Downloads\Chalearn\first-impressions\train\Z6vQQvro86Y.005.mp4,train
C:\Users\athas\Downloads\Chalearn\first-impressions\train\z82YEuBU8mA.003.mp4,train
C:\Users\athas\Downloads\Chalearn\first-impressions\train\Z9GzSxQHKSI.001.mp4,train
C:\Users\athas\Downloads\Chalearn\first-impressions\train\Z9GzSxQHKSI.004.mp4,train
C:\Users\athas\Downloads\Chalearn\first-impressions\train\za14O68VN3E.001.mp4,train
C:\Users\athas\Downloads\Chalearn\first-impressions\train\ZaihsIQZCx8.002.mp4,train
C:\Users\athas\Downloads\Chalearn\first-impressions\train\ZaihsIQZCx8.003.mp4,train
C:\Users\athas\Downloads\Chalearn\first-impressions\train\ZCLfVue6xAg.001.mp4,train
C:\Users\athas\Downloads\Chalearn\first-impressions\train\ZCLfVue6xAg.002.mp4,train
C:\Users\athas\Downloads\Chalearn\first-impressions\train\ZCLfVue6xAg.003.mp4,train
C:\Users\athas\Downloads\Chalearn\first-impressions\train\ZCLfVue6xAg.005.mp4,train
C:\Users\athas\Downloads\Chalearn\first-impressions\train\zDSpbDg6WB8.002.mp4,train
C:\Users\athas\Downloads\Chalearn\first-impressions\train\ZeGT9pSG734.002.mp4,train
C:\Users\athas\Downloads\Chalearn\first-impressions\train\ZeGT9pSG734.003.mp4,train
C:\Users\athas\Downloads\Chalearn\first-impressions\train\ZeGT9pSG734.004.mp4,train
C:\Users\athas\Downloads\Chalearn\first-impressions\train\zeUC7e-4w1E.003.mp4,train
C:\Users\athas\Downloads\Chalearn\first-impressions\train\zeUC7e-4w1E.005.mp4,train
C:\Users\athas\Downloads\Chalearn\first-impressions\train\zEyRyTnIw5I.001.mp4,train
C:\Users\athas\Downloads\Chalearn\first-impressions\train\zEyRyTnIw5I.005.mp4,train
C:\Users\athas\Downloads\Chalearn\first-impressions\train\zF3Uk2OAJAE.001.mp4,train
C:\Users\athas\Downloads\Chalearn\first-impressions\train\zF46tAI2PQc.004.mp4,train
C:\Users\athas\Downloads\Chalearn\first-impressions\train\zF46tAI2PQc.005.mp4,train
C:\Users\athas\Downloads\Chalearn\first-impressions\train\ZFOb9zsgLLY.003.mp4,train
C:\Users\athas\Downloads\Chalearn\first-impressions\train\zFVjcb45pjI.002.mp4,train
C:\Users\athas\Downloads\Chalearn\first-impressions\train\zFVjcb45pjI.003.mp4,train
C:\Users\athas\Downloads\Chalearn\first-impressions\train\ZgFh3JPMs3Q.001.mp4,train
C:\Users\athas\Downloads\Chalearn\first-impressions\train\ZgFh3JPMs3Q.002.mp4,train
C:\Users\athas\Downloads\Chalearn\first-impressions\train\ZgFh3JPMs3Q.003.mp4,train
C:\Users\athas\Downloads\Chalearn\first-impressions\train\ZGox7tevC6A.004.mp4,train
C:\Users\athas\Downloads\Chalearn\first-impressions\train\ZGox7tevC6A.005.mp4,train
C:\Users\athas\Downloads\Chalearn\first-impressions\train\zH9pTx5_ZwY.003.mp4,train
C:\Users\athas\Downloads\Chalearn\first-impressions\train\zH9pTx5_ZwY.004.mp4,train
C:\Users\athas\Downloads\Chalearn\first-impressions\train\ZhPQrqxo2mw.000.mp4,train
C:\Users\athas\Downloads\Chalearn\first-impressions\train\ZhPQrqxo2mw.004.mp4,train
C:\Users\athas\Downloads\Chalearn\first-impressions\train\ZhPQrqxo2mw.005.mp4,train
C:\Users\athas\Downloads\Chalearn\first-impressions\train\ZHya-p83XPQ.002.mp4,train
C:\Users\athas\Downloads\Chalearn\first-impressions\train\Zi7QHI_5ipU.000.mp4,train
C:\Users\athas\Downloads\Chalearn\first-impressions\train\Zi7QHI_5ipU.004.mp4,train
C:\Users\athas\Downloads\Chalearn\first-impressions\train\Zi7QHI_5ipU.005.mp4,train
C:\Users\athas\Downloads\Chalearn\first-impressions\train\ZIk7N-xHvF4.000.mp4,train
C:\Users\athas\Downloads\Chalearn\first-impressions\train\ZIk7N-xHvF4.002.mp4,train
C:\Users\athas\Downloads\Chalearn\first-impressions\train\ZIk7N-xHvF4.003.mp4,train
C:\Users\athas\Downloads\Chalearn\first-impressions\train\ZIk7N-xHvF4.004.mp4,train
C:\Users\athas\Downloads\Chalearn\first-impressions\train\ZiKxJbVI5_g.000.mp4,train
C:\Users\athas\Downloads\Chalearn\first-impressions\train\ZiKxJbVI5_g.001.mp4,train
C:\Users\athas\Downloads\Chalearn\first-impressions\train\ZiKxJbVI5_g.002.mp4,train
C:\Users\athas\Downloads\Chalearn\first-impressions\train\ZiKxJbVI5_g.004.mp4,train
C:\Users\athas\Downloads\Chalearn\first-impressions\train\ZIyfXdCxN9E.000.mp4,train
C:\Users\athas\Downloads\Chalearn\first-impressions\train\zJEnT19uoPY.000.mp4,train
C:\Users\athas\Downloads\Chalearn\first-impressions\train\zJEnT19uoPY.001.mp4,train
C:\Users\athas\Downloads\Chalearn\first-impressions\train\zJEnT19uoPY.004.mp4,train
C:\Users\athas\Downloads\Chalearn\first-impressions\train\zJEnT19uoPY.005.mp4,train
C:\Users\athas\Downloads\Chalearn\first-impressions\train\zJR7w4DABGU.002.mp4,train
C:\Users\athas\Downloads\Chalearn\first-impressions\train\ZkypeQdzgvQ.000.mp4,train
C:\Users\athas\Downloads\Chalearn\first-impressions\train\ZkypeQdzgvQ.002.mp4,train
C:\Users\athas\Downloads\Chalearn\first-impressions\train\ZkypeQdzgvQ.003.mp4,train
C:\Users\athas\Downloads\Chalearn\first-impressions\train\ZkypeQdzgvQ.004.mp4,train
C:\Users\athas\Downloads\Chalearn\first-impressions\train\ZlcINjtdkQQ.000.mp4,train
C:\Users\athas\Downloads\Chalearn\first-impressions\train\ZlcINjtdkQQ.001.mp4,train
C:\Users\athas\Downloads\Chalearn\first-impressions\train\zMXfMcqpPwQ.001.mp4,train
C:\Users\athas\Downloads\Chalearn\first-impressions\train\zMXfMcqpPwQ.002.mp4,train
C:\Users\athas\Downloads\Chalearn\first-impressions\train\zMXfMcqpPwQ.005.mp4,train
C:\Users\athas\Downloads\Chalearn\first-impressions\train\zMXIf66PPhU.001.mp4,train
C:\Users\athas\Downloads\Chalearn\first-impressions\train\zMXIf66PPhU.002.mp4,train
C:\Users\athas\Downloads\Chalearn\first-impressions\train\zMXIf66PPhU.004.mp4,train
C:\Users\athas\Downloads\Chalearn\first-impressions\train\zNHM8iNyTO4.005.mp4,train
C:\Users\athas\Downloads\Chalearn\first-impressions\train\Znixev2a1AI.000.mp4,train
C:\Users\athas\Downloads\Chalearn\first-impressions\train\Znixev2a1AI.001.mp4,train
C:\Users\athas\Downloads\Chalearn\first-impressions\train\Znixev2a1AI.004.mp4,train
C:\Users\athas\Downloads\Chalearn\first-impressions\train\ZNJFmNiWC4I.000.mp4,train
C:\Users\athas\Downloads\Chalearn\first-impressions\train\ZNJFmNiWC4I.001.mp4,train
C:\Users\athas\Downloads\Chalearn\first-impressions\train\ZNJFmNiWC4I.003.mp4,train
C:\Users\athas\Downloads\Chalearn\first-impressions\train\ZNJFmNiWC4I.005.mp4,train
C:\Users\athas\Downloads\Chalearn\first-impressions\train\zNmuwZkaeVg.001.mp4,train
C:\Users\athas\Downloads\Chalearn\first-impressions\train\zNmuwZkaeVg.002.mp4,train
C:\Users\athas\Downloads\Chalearn\first-impressions\train\ZNRfeL8nPfw.000.mp4,train
C:\Users\athas\Downloads\Chalearn\first-impressions\train\ZNRfeL8nPfw.001.mp4,train
C:\Users\athas\Downloads\Chalearn\first-impressions\train\ZNRfeL8nPfw.003.mp4,train
C:\Users\athas\Downloads\Chalearn\first-impressions\train\ZNRfeL8nPfw.004.mp4,train
C:\Users\athas\Downloads\Chalearn\first-impressions\train\ZNRfeL8nPfw.005.mp4,train
C:\Users\athas\Downloads\Chalearn\first-impressions\train\ZNymNgd5EuQ.000.mp4,train
C:\Users\athas\Downloads\Chalearn\first-impressions\train\ZNymNgd5EuQ.004.mp4,train
C:\Users\athas\Downloads\Chalearn\first-impressions\train\ZO5JoyVTat8.000.mp4,train
C:\Users\athas\Downloads\Chalearn\first-impressions\train\ZO5JoyVTat8.001.mp4,train
C:\Users\athas\Downloads\Chalearn\first-impressions\train\ZO5JoyVTat8.002.mp4,train
C:\Users\athas\Downloads\Chalearn\first-impressions\train\ZO5JoyVTat8.004.mp4,train
C:\Users\athas\Downloads\Chalearn\first-impressions\train\ZO5JoyVTat8.005.mp4,train
C:\Users\athas\Downloads\Chalearn\first-impressions\train\ZoHY-rWJsyw.000.mp4,train
C:\Users\athas\Downloads\Chalearn\first-impressions\train\ZoHY-rWJsyw.001.mp4,train
C:\Users\athas\Downloads\Chalearn\first-impressions\train\ZoHY-rWJsyw.004.mp4,train
C:\Users\athas\Downloads\Chalearn\first-impressions\train\zpLiIVF0x7U.000.mp4,train
C:\Users\athas\Downloads\Chalearn\first-impressions\train\ZqbJIM7rmO8.001.mp4,train
C:\Users\athas\Downloads\Chalearn\first-impressions\train\ZqbJIM7rmO8.003.mp4,train
C:\Users\athas\Downloads\Chalearn\first-impressions\train\ZqbJIM7rmO8.005.mp4,train
C:\Users\athas\Downloads\Chalearn\first-impressions\train\zqpXz9h41jg.000.mp4,train
C:\Users\athas\Downloads\Chalearn\first-impressions\train\zqpXz9h41jg.002.mp4,train
C:\Users\athas\Downloads\Chalearn\first-impressions\train\zqpXz9h41jg.005.mp4,train
C:\Users\athas\Downloads\Chalearn\first-impressions\train\zrbcY4TMVyc.000.mp4,train
C:\Users\athas\Downloads\Chalearn\first-impressions\train\zrdxHERn628.003.mp4,train
C:\Users\athas\Downloads\Chalearn\first-impressions\train\zRevZ94Rxjc.004.mp4,train
C:\Users\athas\Downloads\Chalearn\first-impressions\train\zRiS2gIUc9s.000.mp4,train
C:\Users\athas\Downloads\Chalearn\first-impressions\train\zRiS2gIUc9s.001.mp4,train
C:\Users\athas\Downloads\Chalearn\first-impressions\train\ZRl_k6DzTeI.000.mp4,train
C:\Users\athas\Downloads\Chalearn\first-impressions\train\ZRl_k6DzTeI.001.mp4,train
C:\Users\athas\Downloads\Chalearn\first-impressions\train\ZRl_k6DzTeI.004.mp4,train
C:\Users\athas\Downloads\Chalearn\first-impressions\train\ZRrduU1CXqU.001.mp4,train
C:\Users\athas\Downloads\Chalearn\first-impressions\train\ZRrduU1CXqU.002.mp4,train
C:\Users\athas\Downloads\Chalearn\first-impressions\train\ZRrduU1CXqU.003.mp4,train
C:\Users\athas\Downloads\Chalearn\first-impressions\train\ZRrduU1CXqU.004.mp4,train
C:\Users\athas\Downloads\Chalearn\first-impressions\train\ZRrduU1CXqU.005.mp4,train
C:\Users\athas\Downloads\Chalearn\first-impressions\train\ZT7cEiaYGp8.000.mp4,train
C:\Users\athas\Downloads\Chalearn\first-impressions\train\ztyBhnjtrz0.000.mp4,train
C:\Users\athas\Downloads\Chalearn\first-impressions\train\ztyBhnjtrz0.001.mp4,train
C:\Users\athas\Downloads\Chalearn\first-impressions\train\ztyBhnjtrz0.002.mp4,train
C:\Users\athas\Downloads\Chalearn\first-impressions\train\ztyBhnjtrz0.003.mp4,train
C:\Users\athas\Downloads\Chalearn\first-impressions\train\ztyBhnjtrz0.004.mp4,train
C:\Users\athas\Downloads\Chalearn\first-impressions\train\zT_s9X21gAE.001.mp4,train
C:\Users\athas\Downloads\Chalearn\first-impressions\train\zT_s9X21gAE.003.mp4,train
C:\Users\athas\Downloads\Chalearn\first-impressions\train\zT_s9X21gAE.004.mp4,train
C:\Users\athas\Downloads\Chalearn\first-impressions\train\zT_s9X21gAE.005.mp4,train
C:\Users\athas\Downloads\Chalearn\first-impressions\train\zupxsNi2er8.002.mp4,train
C:\Users\athas\Downloads\Chalearn\first-impressions\train\zupxsNi2er8.004.mp4,train
C:\Users\athas\Downloads\Chalearn\first-impressions\train\zupxsNi2er8.005.mp4,train
C:\Users\athas\Downloads\Chalearn\first-impressions\train\Zvdh8ym1Yrg.001.mp4,train
C:\Users\athas\Downloads\Chalearn\first-impressions\train\Zvdh8ym1Yrg.003.mp4,train
C:\Users\athas\Downloads\Chalearn\first-impressions\train\Zvdh8ym1Yrg.004.mp4,train
C:\Users\athas\Downloads\Chalearn\first-impressions\train\Zvdh8ym1Yrg.005.mp4,train
C:\Users\athas\Downloads\Chalearn\first-impressions\train\zvX4fNj0uxk.001.mp4,train
C:\Users\athas\Downloads\Chalearn\first-impressions\train\zvX4fNj0uxk.003.mp4,train
C:\Users\athas\Downloads\Chalearn\first-impressions\train\zvX4fNj0uxk.004.mp4,train
C:\Users\athas\Downloads\Chalearn\first-impressions\train\ZvxUUh2wN7s.002.mp4,train
C:\Users\athas\Downloads\Chalearn\first-impressions\train\zwO2zBdbCb4.002.mp4,train
C:\Users\athas\Downloads\Chalearn\first-impressions\train\Zwu5Y5r3Lrs.001.mp4,train
C:\Users\athas\Downloads\Chalearn\first-impressions\train\Zwu5Y5r3Lrs.003.mp4,train
C:\Users\athas\Downloads\Chalearn\first-impressions\train\ZX3okNzASCs.000.mp4,train
C:\Users\athas\Downloads\Chalearn\first-impressions\train\ZX3okNzASCs.002.mp4,train
C:\Users\athas\Downloads\Chalearn\first-impressions\train\ZXeO5dRFrj0.001.mp4,train
C:\Users\athas\Downloads\Chalearn\first-impressions\train\ZXeO5dRFrj0.005.mp4,train
C:\Users\athas\Downloads\Chalearn\first-impressions\train\zxuPCshTSOs.002.mp4,train
C:\Users\athas\Downloads\Chalearn\first-impressions\train\zxuPCshTSOs.005.mp4,train
C:\Users\athas\Downloads\Chalearn\first-impressions\train\zY0J9qKEekE.004.mp4,train
C:\Users\athas\Downloads\Chalearn\first-impressions\train\Zy9Xg3TdZJk.001.mp4,train
C:\Users\athas\Downloads\Chalearn\first-impressions\train\zyGz_H1UTnQ.003.mp4,train
C:\Users\athas\Downloads\Chalearn\first-impressions\train\ZYrFfvp7_Mo.000.mp4,train
C:\Users\athas\Downloads\Chalearn\first-impressions\train\Z_STuUHKQTg.002.mp4,train
C:\Users\athas\Downloads\Chalearn\first-impressions\train\Z_STuUHKQTg.003.mp4,train
C:\Users\athas\Downloads\Chalearn\first-impressions\train\Z_STuUHKQTg.004.mp4,train
C:\Users\athas\Downloads\Chalearn\first-impressions\train\z_W8_j7CB2A.000.mp4,train
C:\Users\athas\Downloads\Chalearn\first-impressions\train\z_W8_j7CB2A.001.mp4,train
C:\Users\athas\Downloads\Chalearn\first-impressions\train\_01AyUz9J9I.002.mp4,train
C:\Users\athas\Downloads\Chalearn\first-impressions\train\_01AyUz9J9I.005.mp4,train
C:\Users\athas\Downloads\Chalearn\first-impressions\train\_0bg1TLPP-I.004.mp4,train
C:\Users\athas\Downloads\Chalearn\first-impressions\train\_0bg1TLPP-I.005.mp4,train
C:\Users\athas\Downloads\Chalearn\first-impressions\train\_2DSmy36OEM.001.mp4,train
C:\Users\athas\Downloads\Chalearn\first-impressions\train\_7hGh6VU4IU.000.mp4,train
C:\Users\athas\Downloads\Chalearn\first-impressions\train\_7hGh6VU4IU.003.mp4,train
C:\Users\athas\Downloads\Chalearn\first-impressions\train\_7hGh6VU4IU.004.mp4,train
C:\Users\athas\Downloads\Chalearn\first-impressions\train\_7hGh6VU4IU.005.mp4,train
C:\Users\athas\Downloads\Chalearn\first-impressions\train\_7s27dUoYVg.000.mp4,train
C:\Users\athas\Downloads\Chalearn\first-impressions\train\_7s27dUoYVg.003.mp4,train
C:\Users\athas\Downloads\Chalearn\first-impressions\train\_bOOlidEWgY.001.mp4,train
C:\Users\athas\Downloads\Chalearn\first-impressions\train\_fFmEyvWgfA.004.mp4,train
C:\Users\athas\Downloads\Chalearn\first-impressions\train\_fJcW5234bY.000.mp4,train
C:\Users\athas\Downloads\Chalearn\first-impressions\train\_fJcW5234bY.002.mp4,train
C:\Users\athas\Downloads\Chalearn\first-impressions\train\_fJcW5234bY.004.mp4,train
C:\Users\athas\Downloads\Chalearn\first-impressions\train\_G3kw9HwCqY.000.mp4,train
C:\Users\athas\Downloads\Chalearn\first-impressions\train\_G3kw9HwCqY.002.mp4,train
C:\Users\athas\Downloads\Chalearn\first-impressions\train\_G3kw9HwCqY.004.mp4,train
C:\Users\athas\Downloads\Chalearn\first-impressions\train\_G3kw9HwCqY.005.mp4,train
C:\Users\athas\Downloads\Chalearn\first-impressions\train\_g3M_MoFIvA.001.mp4,train
C:\Users\athas\Downloads\Chalearn\first-impressions\train\_g3M_MoFIvA.004.mp4,train
C:\Users\athas\Downloads\Chalearn\first-impressions\train\_g3M_MoFIvA.005.mp4,train
C:\Users\athas\Downloads\Chalearn\first-impressions\train\_GFregyrwfo.002.mp4,train
C:\Users\athas\Downloads\Chalearn\first-impressions\train\_GFregyrwfo.004.mp4,train
C:\Users\athas\Downloads\Chalearn\first-impressions\train\_GFregyrwfo.005.mp4,train
C:\Users\athas\Downloads\Chalearn\first-impressions\train\_hmiW83i0GY.000.mp4,train
C:\Users\athas\Downloads\Chalearn\first-impressions\train\_hR9AD-eIy8.000.mp4,train
C:\Users\athas\Downloads\Chalearn\first-impressions\train\_hR9AD-eIy8.005.mp4,train
C:\Users\athas\Downloads\Chalearn\first-impressions\train\_IS6GFmQYj4.000.mp4,train
C:\Users\athas\Downloads\Chalearn\first-impressions\train\_IS6GFmQYj4.002.mp4,train
C:\Users\athas\Downloads\Chalearn\first-impressions\train\_IS6GFmQYj4.003.mp4,train
C:\Users\athas\Downloads\Chalearn\first-impressions\train\_IS6GFmQYj4.004.mp4,train
C:\Users\athas\Downloads\Chalearn\first-impressions\train\_kK9tGN883Y.000.mp4,train
C:\Users\athas\Downloads\Chalearn\first-impressions\train\_kK9tGN883Y.004.mp4,train
C:\Users\athas\Downloads\Chalearn\first-impressions\train\_LWrd9t4oZw.003.mp4,train
C:\Users\athas\Downloads\Chalearn\first-impressions\train\_mtiuHyOFXg.001.mp4,train
C:\Users\athas\Downloads\Chalearn\first-impressions\train\_mtiuHyOFXg.003.mp4,train
C:\Users\athas\Downloads\Chalearn\first-impressions\train\_mtiuHyOFXg.005.mp4,train
C:\Users\athas\Downloads\Chalearn\first-impressions\train\_plk5k7PBEg.001.mp4,train
C:\Users\athas\Downloads\Chalearn\first-impressions\train\_Py_lytyY5A.005.mp4,train
C:\Users\athas\Downloads\Chalearn\first-impressions\train\_Q4wOgixh7E.000.mp4,train
C:\Users\athas\Downloads\Chalearn\first-impressions\train\_QXI4n_FRN4.005.mp4,train
C:\Users\athas\Downloads\Chalearn\first-impressions\train\_RAGzfJnpUE.001.mp4,train
C:\Users\athas\Downloads\Chalearn\first-impressions\train\_RAGzfJnpUE.003.mp4,train
C:\Users\athas\Downloads\Chalearn\first-impressions\train\_S_bWJwqsmM.004.mp4,train
C:\Users\athas\Downloads\Chalearn\first-impressions\train\_S_bWJwqsmM.005.mp4,train
C:\Users\athas\Downloads\Chalearn\first-impressions\train\_tOtBfJlWFs.000.mp4,train
C:\Users\athas\Downloads\Chalearn\first-impressions\train\_UnoRkHkYB8.003.mp4,train
C:\Users\athas\Downloads\Chalearn\first-impressions\train\_uNup91ZYw0.001.mp4,train
C:\Users\athas\Downloads\Chalearn\first-impressions\train\_uNup91ZYw0.002.mp4,train
C:\Users\athas\Downloads\Chalearn\first-impressions\train\_VsE38xSmdM.001.mp4,train
C:\Users\athas\Downloads\Chalearn\first-impressions\train\_X6_C_Oy9VA.000.mp4,train
C:\Users\athas\Downloads\Chalearn\first-impressions\train\_X6_C_Oy9VA.001.mp4,train
C:\Users\athas\Downloads\Chalearn\first-impressions\train\_X6_C_Oy9VA.003.mp4,train
C:\Users\athas\Downloads\Chalearn\first-impressions\train\_X6_C_Oy9VA.004.mp4,train
C:\Users\athas\Downloads\Chalearn\first-impressions\train\_X6_C_Oy9VA.005.mp4,train
C:\Users\athas\Downloads\Chalearn\first-impressions\train\_YYBXI2mXv4.000.mp4,train
C:\Users\athas\Downloads\Chalearn\first-impressions\train\_ZAqTHlu2ts.001.mp4,train
C:\Users\athas\Downloads\Chalearn\first-impressions\train\_ZAqTHlu2ts.004.mp4,train
C:\Users\athas\Downloads\Chalearn\first-impressions\train\_ZAqTHlu2ts.005.mp4,train
C:\Users\athas\Downloads\Chalearn\first-impressions\train\_zI6qgTJOSA.005.mp4,train
C:\Users\athas\Downloads\Chalearn\first-impressions\train\_ZjEr8ybbFM.000.mp4,train
C:\Users\athas\Downloads\Chalearn\first-impressions\train\_zs9K5Gtkwo.002.mp4,train
C:\Users\athas\Downloads\Chalearn\first-impressions\train\_zs9K5Gtkwo.003.mp4,train
C:\Users\athas\Downloads\Chalearn\first-impressions\train\_ztmNiy8D3c.000.mp4,train
C:\Users\athas\Downloads\Chalearn\first-impressions\train\_ztmNiy8D3c.001.mp4,train
C:\Users\athas\Downloads\Chalearn\first-impressions\train\_ztmNiy8D3c.003.mp4,train
C:\Users\athas\Downloads\Chalearn\first-impressions\val\-6otZ7M-Mro.003.mp4,validation
C:\Users\athas\Downloads\Chalearn\first-impressions\val\-6otZ7M-Mro.005.mp4,validation
C:\Users\athas\Downloads\Chalearn\first-impressions\val\-8asrRvfJWA.001.mp4,validation
C:\Users\athas\Downloads\Chalearn\first-impressions\val\-9BZ8A9U7TE.002.mp4,validation
C:\Users\athas\Downloads\Chalearn\first-impressions\val\-agCXYgb7pI.000.mp4,validation
C:\Users\athas\Downloads\Chalearn\first-impressions\val\-agCXYgb7pI.001.mp4,validation
C:\Users\athas\Downloads\Chalearn\first-impressions\val\-AmMDnVl4s8.001.mp4,validation
C:\Users\athas\Downloads\Chalearn\first-impressions\val\-BDSWZIF-WY.000.mp4,validation
C:\Users\athas\Downloads\Chalearn\first-impressions\val\-DOqN0d8KHw.000.mp4,validation
C:\Users\athas\Downloads\Chalearn\first-impressions\val\-DOqN0d8KHw.001.mp4,validation
C:\Users\athas\Downloads\Chalearn\first-impressions\val\-fqiCqZtgYs.000.mp4,validation
C:\Users\athas\Downloads\Chalearn\first-impressions\val\-N6QKrbnaDs.002.mp4,validation
C:\Users\athas\Downloads\Chalearn\first-impressions\val\-PF2TG2loGc.002.mp4,validation
C:\Users\athas\Downloads\Chalearn\first-impressions\val\-PWjgx2czwY.000.mp4,validation
C:\Users\athas\Downloads\Chalearn\first-impressions\val\-R2SZu3SYgM.002.mp4,validation
C:\Users\athas\Downloads\Chalearn\first-impressions\val\-R2SZu3SYgM.003.mp4,validation
C:\Users\athas\Downloads\Chalearn\first-impressions\val\-RhPxhfpg4U.004.mp4,validation
C:\Users\athas\Downloads\Chalearn\first-impressions\val\-RqxrwIxMvE.002.mp4,validation
C:\Users\athas\Downloads\Chalearn\first-impressions\val\-VTqcHNgH7M.001.mp4,validation
C:\Users\athas\Downloads\Chalearn\first-impressions\val\-VTqcHNgH7M.005.mp4,validation
C:\Users\athas\Downloads\Chalearn\first-impressions\val\-wO0oBNlEvY.005.mp4,validation
C:\Users\athas\Downloads\Chalearn\first-impressions\val\-Wqk9eex6bQ.001.mp4,validation
C:\Users\athas\Downloads\Chalearn\first-impressions\val\-zNyDPzId4E.000.mp4,validation
C:\Users\athas\Downloads\Chalearn\first-impressions\val\04oq2yrBwMg.000.mp4,validation
C:\Users\athas\Downloads\Chalearn\first-impressions\val\04oq2yrBwMg.003.mp4,validation
C:\Users\athas\Downloads\Chalearn\first-impressions\val\04oq2yrBwMg.005.mp4,validation
C:\Users\athas\Downloads\Chalearn\first-impressions\val\05l5bteT_qA.004.mp4,validation
C:\Users\athas\Downloads\Chalearn\first-impressions\val\0a5FOYBAIcc.001.mp4,validation
C:\Users\athas\Downloads\Chalearn\first-impressions\val\0axZSeaUbfs.003.mp4,validation
C:\Users\athas\Downloads\Chalearn\first-impressions\val\0G9vplL8ae8.004.mp4,validation
C:\Users\athas\Downloads\Chalearn\first-impressions\val\0iQIfGnKflc.004.mp4,validation
C:\Users\athas\Downloads\Chalearn\first-impressions\val\0mym1CooiTE.002.mp4,validation
C:\Users\athas\Downloads\Chalearn\first-impressions\val\0mym1CooiTE.005.mp4,validation
C:\Users\athas\Downloads\Chalearn\first-impressions\val\0ObEtA6Q8vU.004.mp4,validation
C:\Users\athas\Downloads\Chalearn\first-impressions\val\0qtCdb23_2g.000.mp4,validation
C:\Users\athas\Downloads\Chalearn\first-impressions\val\0QTR0WiJSNk.004.mp4,validation
C:\Users\athas\Downloads\Chalearn\first-impressions\val\0SS47KwVOQ4.000.mp4,validation
C:\Users\athas\Downloads\Chalearn\first-impressions\val\0tse0Fsy_rg.000.mp4,validation
C:\Users\athas\Downloads\Chalearn\first-impressions\val\0tse0Fsy_rg.003.mp4,validation
C:\Users\athas\Downloads\Chalearn\first-impressions\val\0u56Q_QmxIM.001.mp4,validation
C:\Users\athas\Downloads\Chalearn\first-impressions\val\0u56Q_QmxIM.003.mp4,validation
C:\Users\athas\Downloads\Chalearn\first-impressions\val\0u56Q_QmxIM.005.mp4,validation
C:\Users\athas\Downloads\Chalearn\first-impressions\val\0uCqd5hZcyI.001.mp4,validation
C:\Users\athas\Downloads\Chalearn\first-impressions\val\0uCqd5hZcyI.004.mp4,validation
C:\Users\athas\Downloads\Chalearn\first-impressions\val\0VnZngec8sc.002.mp4,validation
C:\Users\athas\Downloads\Chalearn\first-impressions\val\0zJcYnsh55g.002.mp4,validation
C:\Users\athas\Downloads\Chalearn\first-impressions\val\1-GgVRmAEoo.000.mp4,validation
C:\Users\athas\Downloads\Chalearn\first-impressions\val\12Ezy1y1cWY.004.mp4,validation
C:\Users\athas\Downloads\Chalearn\first-impressions\val\12lqQE6oPNE.002.mp4,validation
C:\Users\athas\Downloads\Chalearn\first-impressions\val\176vWywoq9E.003.mp4,validation
C:\Users\athas\Downloads\Chalearn\first-impressions\val\19pTUX8KfYM.004.mp4,validation
C:\Users\athas\Downloads\Chalearn\first-impressions\val\19pTUX8KfYM.005.mp4,validation
C:\Users\athas\Downloads\Chalearn\first-impressions\val\1ajEXdEsJ-k.002.mp4,validation
C:\Users\athas\Downloads\Chalearn\first-impressions\val\1CYzbX8AaP8.000.mp4,validation
C:\Users\athas\Downloads\Chalearn\first-impressions\val\1CYzbX8AaP8.005.mp4,validation
C:\Users\athas\Downloads\Chalearn\first-impressions\val\1dOaM7zWPo8.002.mp4,validation
C:\Users\athas\Downloads\Chalearn\first-impressions\val\1hpZ2ecWqtI.000.mp4,validation
C:\Users\athas\Downloads\Chalearn\first-impressions\val\1hpZ2ecWqtI.001.mp4,validation
C:\Users\athas\Downloads\Chalearn\first-impressions\val\1izSTcQI7H4.005.mp4,validation
C:\Users\athas\Downloads\Chalearn\first-impressions\val\1jC4vsQsjwM.000.mp4,validation
C:\Users\athas\Downloads\Chalearn\first-impressions\val\1m4WjLRKTwc.000.mp4,validation
C:\Users\athas\Downloads\Chalearn\first-impressions\val\1m67onLoRwY.001.mp4,validation
C:\Users\athas\Downloads\Chalearn\first-impressions\val\1mdMhaq5p4w.000.mp4,validation
C:\Users\athas\Downloads\Chalearn\first-impressions\val\1mHjMNZZvFo.002.mp4,validation
C:\Users\athas\Downloads\Chalearn\first-impressions\val\1mODTfLRGdI.002.mp4,validation
C:\Users\athas\Downloads\Chalearn\first-impressions\val\1pm5uoU85FI.002.mp4,validation
C:\Users\athas\Downloads\Chalearn\first-impressions\val\1pm5uoU85FI.004.mp4,validation
C:\Users\athas\Downloads\Chalearn\first-impressions\val\1pMNczHCXPc.000.mp4,validation
C:\Users\athas\Downloads\Chalearn\first-impressions\val\1S0SxmfbOus.003.mp4,validation
C:\Users\athas\Downloads\Chalearn\first-impressions\val\1sjXuXtx9-E.001.mp4,validation
C:\Users\athas\Downloads\Chalearn\first-impressions\val\1sjXuXtx9-E.004.mp4,validation
C:\Users\athas\Downloads\Chalearn\first-impressions\val\1tPH6PNeOSk.000.mp4,validation
C:\Users\athas\Downloads\Chalearn\first-impressions\val\1tPH6PNeOSk.001.mp4,validation
C:\Users\athas\Downloads\Chalearn\first-impressions\val\1TXS1Zg4wDc.001.mp4,validation
C:\Users\athas\Downloads\Chalearn\first-impressions\val\1uC-2TZqplE.001.mp4,validation
C:\Users\athas\Downloads\Chalearn\first-impressions\val\1uC-2TZqplE.002.mp4,validation
C:\Users\athas\Downloads\Chalearn\first-impressions\val\1uC-2TZqplE.005.mp4,validation
C:\Users\athas\Downloads\Chalearn\first-impressions\val\1W7XLdNpEgc.002.mp4,validation
C:\Users\athas\Downloads\Chalearn\first-impressions\val\1XkKu4LBvog.004.mp4,validation
C:\Users\athas\Downloads\Chalearn\first-impressions\val\1XkKu4LBvog.005.mp4,validation
C:\Users\athas\Downloads\Chalearn\first-impressions\val\1XqMZQu_pP4.001.mp4,validation
C:\Users\athas\Downloads\Chalearn\first-impressions\val\1XqMZQu_pP4.003.mp4,validation
C:\Users\athas\Downloads\Chalearn\first-impressions\val\1yIGI42lzak.004.mp4,validation
C:\Users\athas\Downloads\Chalearn\first-impressions\val\1zpucNpIDk8.000.mp4,validation
C:\Users\athas\Downloads\Chalearn\first-impressions\val\2-LDYe7OXZU.004.mp4,validation
C:\Users\athas\Downloads\Chalearn\first-impressions\val\2c42A4Z7qPE.000.mp4,validation
C:\Users\athas\Downloads\Chalearn\first-impressions\val\2c42A4Z7qPE.002.mp4,validation
C:\Users\athas\Downloads\Chalearn\first-impressions\val\2d6btbaNdfo.001.mp4,validation
C:\Users\athas\Downloads\Chalearn\first-impressions\val\2d6btbaNdfo.003.mp4,validation
C:\Users\athas\Downloads\Chalearn\first-impressions\val\2d6btbaNdfo.005.mp4,validation
C:\Users\athas\Downloads\Chalearn\first-impressions\val\2DZb5yIc6Fg.004.mp4,validation
C:\Users\athas\Downloads\Chalearn\first-impressions\val\2DZb5yIc6Fg.005.mp4,validation
C:\Users\athas\Downloads\Chalearn\first-impressions\val\2fzLibPAtvI.001.mp4,validation
C:\Users\athas\Downloads\Chalearn\first-impressions\val\2fzLibPAtvI.002.mp4,validation
C:\Users\athas\Downloads\Chalearn\first-impressions\val\2HE6cw3HFPk.004.mp4,validation
C:\Users\athas\Downloads\Chalearn\first-impressions\val\2hhqEWiv4eI.003.mp4,validation
C:\Users\athas\Downloads\Chalearn\first-impressions\val\2HU92Hfx8Lo.000.mp4,validation
C:\Users\athas\Downloads\Chalearn\first-impressions\val\2kqPuht5jTg.001.mp4,validation
C:\Users\athas\Downloads\Chalearn\first-impressions\val\2kqPuht5jTg.003.mp4,validation
C:\Users\athas\Downloads\Chalearn\first-impressions\val\2KSBoJZMcMU.000.mp4,validation
C:\Users\athas\Downloads\Chalearn\first-impressions\val\2mfmw63l88g.002.mp4,validation
C:\Users\athas\Downloads\Chalearn\first-impressions\val\2NNYN1ZCJhw.002.mp4,validation
C:\Users\athas\Downloads\Chalearn\first-impressions\val\2OAA4slRc5M.000.mp4,validation
C:\Users\athas\Downloads\Chalearn\first-impressions\val\2oEUp9sGRGk.003.mp4,validation
C:\Users\athas\Downloads\Chalearn\first-impressions\val\2oiXF5_gTyk.000.mp4,validation
C:\Users\athas\Downloads\Chalearn\first-impressions\val\2PSGksTyrnI.002.mp4,validation
C:\Users\athas\Downloads\Chalearn\first-impressions\val\2r5NVi3SZ2I.003.mp4,validation
C:\Users\athas\Downloads\Chalearn\first-impressions\val\2rV3Ibtdnvs.001.mp4,validation
C:\Users\athas\Downloads\Chalearn\first-impressions\val\2rV3Ibtdnvs.002.mp4,validation
C:\Users\athas\Downloads\Chalearn\first-impressions\val\2SzC9dm4Yy4.001.mp4,validation
C:\Users\athas\Downloads\Chalearn\first-impressions\val\2T3oK1Gse2g.004.mp4,validation
C:\Users\athas\Downloads\Chalearn\first-impressions\val\2T3oK1Gse2g.005.mp4,validation
C:\Users\athas\Downloads\Chalearn\first-impressions\val\2TMl5EMrdVI.000.mp4,validation
C:\Users\athas\Downloads\Chalearn\first-impressions\val\2TXrDZgbDHE.002.mp4,validation
C:\Users\athas\Downloads\Chalearn\first-impressions\val\2UqnC_rFcRQ.005.mp4,validation
C:\Users\athas\Downloads\Chalearn\first-impressions\val\2UxhlaDEPmI.000.mp4,validation
C:\Users\athas\Downloads\Chalearn\first-impressions\val\2WuhWF4fAOQ.000.mp4,validation
C:\Users\athas\Downloads\Chalearn\first-impressions\val\2WuhWF4fAOQ.005.mp4,validation
C:\Users\athas\Downloads\Chalearn\first-impressions\val\2x8GZaBY6TM.000.mp4,validation
C:\Users\athas\Downloads\Chalearn\first-impressions\val\2yUnXroXyeI.000.mp4,validation
C:\Users\athas\Downloads\Chalearn\first-impressions\val\2yUnXroXyeI.001.mp4,validation
C:\Users\athas\Downloads\Chalearn\first-impressions\val\2_OOIcYfLV0.000.mp4,validation
C:\Users\athas\Downloads\Chalearn\first-impressions\val\300gK3CnzW0.005.mp4,validation
C:\Users\athas\Downloads\Chalearn\first-impressions\val\39BJkEXJpgc.000.mp4,validation
C:\Users\athas\Downloads\Chalearn\first-impressions\val\39BJkEXJpgc.004.mp4,validation
C:\Users\athas\Downloads\Chalearn\first-impressions\val\3AyjQQYmqU4.002.mp4,validation
C:\Users\athas\Downloads\Chalearn\first-impressions\val\3ccY8jYkI5o.001.mp4,validation
C:\Users\athas\Downloads\Chalearn\first-impressions\val\3ccY8jYkI5o.003.mp4,validation
C:\Users\athas\Downloads\Chalearn\first-impressions\val\3gUpRQ22vUs.002.mp4,validation
C:\Users\athas\Downloads\Chalearn\first-impressions\val\3GylAjrajHs.005.mp4,validation
C:\Users\athas\Downloads\Chalearn\first-impressions\val\3HA2W1s4oP8.004.mp4,validation
C:\Users\athas\Downloads\Chalearn\first-impressions\val\3hKgh9AB3tk.000.mp4,validation
C:\Users\athas\Downloads\Chalearn\first-impressions\val\3J7Cl3FXs1o.003.mp4,validation
C:\Users\athas\Downloads\Chalearn\first-impressions\val\3JzvXA-Zfbs.004.mp4,validation
C:\Users\athas\Downloads\Chalearn\first-impressions\val\3K16KyiAZHw.000.mp4,validation
C:\Users\athas\Downloads\Chalearn\first-impressions\val\3K16KyiAZHw.003.mp4,validation
C:\Users\athas\Downloads\Chalearn\first-impressions\val\3LAaFUSGvsU.000.mp4,validation
C:\Users\athas\Downloads\Chalearn\first-impressions\val\3lV-sr3NOUo.000.mp4,validation
C:\Users\athas\Downloads\Chalearn\first-impressions\val\3lV-sr3NOUo.002.mp4,validation
C:\Users\athas\Downloads\Chalearn\first-impressions\val\3lV-sr3NOUo.005.mp4,validation
C:\Users\athas\Downloads\Chalearn\first-impressions\val\3n-QaO3EvPQ.000.mp4,validation
C:\Users\athas\Downloads\Chalearn\first-impressions\val\3OoQBXWTGfE.003.mp4,validation
C:\Users\athas\Downloads\Chalearn\first-impressions\val\3orJLMVqWYw.002.mp4,validation
C:\Users\athas\Downloads\Chalearn\first-impressions\val\3Q3SB1dVAng.004.mp4,validation
C:\Users\athas\Downloads\Chalearn\first-impressions\val\3S72dDIm1fM.003.mp4,validation
C:\Users\athas\Downloads\Chalearn\first-impressions\val\3Sj-GZ3YXWs.003.mp4,validation
C:\Users\athas\Downloads\Chalearn\first-impressions\val\3taD1fEPfC8.000.mp4,validation
C:\Users\athas\Downloads\Chalearn\first-impressions\val\3tPq9fNOXZQ.004.mp4,validation
C:\Users\athas\Downloads\Chalearn\first-impressions\val\3wgZrRMosvY.000.mp4,validation
C:\Users\athas\Downloads\Chalearn\first-impressions\val\3WoXkI06zGk.004.mp4,validation
C:\Users\athas\Downloads\Chalearn\first-impressions\val\3wRj39GKLJ0.004.mp4,validation
C:\Users\athas\Downloads\Chalearn\first-impressions\val\3yU-7AXnFCM.004.mp4,validation
C:\Users\athas\Downloads\Chalearn\first-impressions\val\3zAyM2edy1g.003.mp4,validation
C:\Users\athas\Downloads\Chalearn\first-impressions\val\45SH4ohAH3M.004.mp4,validation
C:\Users\athas\Downloads\Chalearn\first-impressions\val\4b-LkHBGWp4.005.mp4,validation
C:\Users\athas\Downloads\Chalearn\first-impressions\val\4bDOetaLvZs.000.mp4,validation
C:\Users\athas\Downloads\Chalearn\first-impressions\val\4CiR99jTzso.002.mp4,validation
C:\Users\athas\Downloads\Chalearn\first-impressions\val\4fN-DKUzgWQ.000.mp4,validation
C:\Users\athas\Downloads\Chalearn\first-impressions\val\4fN-DKUzgWQ.002.mp4,validation
C:\Users\athas\Downloads\Chalearn\first-impressions\val\4JjpfL4y3XM.003.mp4,validation
C:\Users\athas\Downloads\Chalearn\first-impressions\val\4JjpfL4y3XM.005.mp4,validation
C:\Users\athas\Downloads\Chalearn\first-impressions\val\4JYmE9a21aI.001.mp4,validation
C:\Users\athas\Downloads\Chalearn\first-impressions\val\4KD3XCMsIBs.002.mp4,validation
C:\Users\athas\Downloads\Chalearn\first-impressions\val\4kIHxR6s1L4.000.mp4,validation
C:\Users\athas\Downloads\Chalearn\first-impressions\val\4lH5nLSwmoM.002.mp4,validation
C:\Users\athas\Downloads\Chalearn\first-impressions\val\4lH5nLSwmoM.004.mp4,validation
C:\Users\athas\Downloads\Chalearn\first-impressions\val\4lIbWq27O84.004.mp4,validation
C:\Users\athas\Downloads\Chalearn\first-impressions\val\4lIbWq27O84.005.mp4,validation
C:\Users\athas\Downloads\Chalearn\first-impressions\val\4lj66h4CXI8.001.mp4,validation
C:\Users\athas\Downloads\Chalearn\first-impressions\val\4lj66h4CXI8.004.mp4,validation
C:\Users\athas\Downloads\Chalearn\first-impressions\val\4nir0YtjHVs.003.mp4,validation
C:\Users\athas\Downloads\Chalearn\first-impressions\val\4nir0YtjHVs.004.mp4,validation
C:\Users\athas\Downloads\Chalearn\first-impressions\val\4nMstrTuXXw.000.mp4,validation
C:\Users\athas\Downloads\Chalearn\first-impressions\val\4NzqG0XwOWg.003.mp4,validation
C:\Users\athas\Downloads\Chalearn\first-impressions\val\4OKYywIqnqg.004.mp4,validation
C:\Users\athas\Downloads\Chalearn\first-impressions\val\4Qr1BjZhnpg.005.mp4,validation
C:\Users\athas\Downloads\Chalearn\first-impressions\val\4sCa35TOxgs.003.mp4,validation
C:\Users\athas\Downloads\Chalearn\first-impressions\val\4T9UUWWRE94.001.mp4,validation
C:\Users\athas\Downloads\Chalearn\first-impressions\val\4vJ69g7gAH4.000.mp4,validation
C:\Users\athas\Downloads\Chalearn\first-impressions\val\4vJ69g7gAH4.003.mp4,validation
C:\Users\athas\Downloads\Chalearn\first-impressions\val\4vJ69g7gAH4.005.mp4,validation
C:\Users\athas\Downloads\Chalearn\first-impressions\val\4VwcU0ROy5k.000.mp4,validation
C:\Users\athas\Downloads\Chalearn\first-impressions\val\4VwcU0ROy5k.005.mp4,validation
C:\Users\athas\Downloads\Chalearn\first-impressions\val\4XdZDodpzac.001.mp4,validation
C:\Users\athas\Downloads\Chalearn\first-impressions\val\4XdZDodpzac.002.mp4,validation
C:\Users\athas\Downloads\Chalearn\first-impressions\val\4yogPbHFQ9o.000.mp4,validation
C:\Users\athas\Downloads\Chalearn\first-impressions\val\4ZlcaXadwlo.002.mp4,validation
C:\Users\athas\Downloads\Chalearn\first-impressions\val\4ZlcaXadwlo.004.mp4,validation
C:\Users\athas\Downloads\Chalearn\first-impressions\val\5-mwIFjOWZ4.002.mp4,validation
C:\Users\athas\Downloads\Chalearn\first-impressions\val\50gokPvvMs8.003.mp4,validation
C:\Users\athas\Downloads\Chalearn\first-impressions\val\51KRxB3g7A8.001.mp4,validation
C:\Users\athas\Downloads\Chalearn\first-impressions\val\51KRxB3g7A8.004.mp4,validation
C:\Users\athas\Downloads\Chalearn\first-impressions\val\54JawR1x0II.003.mp4,validation
C:\Users\athas\Downloads\Chalearn\first-impressions\val\54K75EhiTEk.001.mp4,validation
C:\Users\athas\Downloads\Chalearn\first-impressions\val\59Smv7wl--w.004.mp4,validation
C:\Users\athas\Downloads\Chalearn\first-impressions\val\5bi_PM3XMEQ.004.mp4,validation
C:\Users\athas\Downloads\Chalearn\first-impressions\val\5BPGRteF64Y.000.mp4,validation
C:\Users\athas\Downloads\Chalearn\first-impressions\val\5CRqN54uejE.003.mp4,validation
C:\Users\athas\Downloads\Chalearn\first-impressions\val\5CRqN54uejE.004.mp4,validation
C:\Users\athas\Downloads\Chalearn\first-impressions\val\5Eez38v8TuU.001.mp4,validation
C:\Users\athas\Downloads\Chalearn\first-impressions\val\5Eez38v8TuU.002.mp4,validation
C:\Users\athas\Downloads\Chalearn\first-impressions\val\5hFRSHAis2E.001.mp4,validation
C:\Users\athas\Downloads\Chalearn\first-impressions\val\5hFRSHAis2E.004.mp4,validation
C:\Users\athas\Downloads\Chalearn\first-impressions\val\5kaqMZ7SB9w.004.mp4,validation
C:\Users\athas\Downloads\Chalearn\first-impressions\val\5KHOpRCxnwQ.001.mp4,validation
C:\Users\athas\Downloads\Chalearn\first-impressions\val\5Ku4_r_Yxsk.004.mp4,validation
C:\Users\athas\Downloads\Chalearn\first-impressions\val\5kwoq4EZixQ.002.mp4,validation
C:\Users\athas\Downloads\Chalearn\first-impressions\val\5lqg3tAI9H0.002.mp4,validation
C:\Users\athas\Downloads\Chalearn\first-impressions\val\5lqg3tAI9H0.004.mp4,validation
C:\Users\athas\Downloads\Chalearn\first-impressions\val\5LT-hTT4J7s.005.mp4,validation
C:\Users\athas\Downloads\Chalearn\first-impressions\val\5PsD_NFMWpQ.001.mp4,validation
C:\Users\athas\Downloads\Chalearn\first-impressions\val\5TYuLy7JLj4.003.mp4,validation
C:\Users\athas\Downloads\Chalearn\first-impressions\val\5VG1EgzvprE.002.mp4,validation
C:\Users\athas\Downloads\Chalearn\first-impressions\val\5wpoKhbt28c.002.mp4,validation
C:\Users\athas\Downloads\Chalearn\first-impressions\val\65xWDhgq1OE.002.mp4,validation
C:\Users\athas\Downloads\Chalearn\first-impressions\val\65xWDhgq1OE.003.mp4,validation
C:\Users\athas\Downloads\Chalearn\first-impressions\val\69BopbFc34U.003.mp4,validation
C:\Users\athas\Downloads\Chalearn\first-impressions\val\6CRet5sD6xI.000.mp4,validation
C:\Users\athas\Downloads\Chalearn\first-impressions\val\6inqwyJPQ6k.002.mp4,validation
C:\Users\athas\Downloads\Chalearn\first-impressions\val\6JfSPPVUgIg.001.mp4,validation
C:\Users\athas\Downloads\Chalearn\first-impressions\val\6l0RBbxg4fk.001.mp4,validation
C:\Users\athas\Downloads\Chalearn\first-impressions\val\6LKbPUX03sY.002.mp4,validation
C:\Users\athas\Downloads\Chalearn\first-impressions\val\6M8OQNo64Tc.000.mp4,validation
C:\Users\athas\Downloads\Chalearn\first-impressions\val\6nbxAP_ZKQQ.004.mp4,validation
C:\Users\athas\Downloads\Chalearn\first-impressions\val\6NjuNY4LfQc.001.mp4,validation
C:\Users\athas\Downloads\Chalearn\first-impressions\val\6NjuNY4LfQc.002.mp4,validation
C:\Users\athas\Downloads\Chalearn\first-impressions\val\6oL9yyc9iJc.005.mp4,validation
C:\Users\athas\Downloads\Chalearn\first-impressions\val\6tBnFWDqvJE.000.mp4,validation
C:\Users\athas\Downloads\Chalearn\first-impressions\val\6U2qLDZA5lQ.000.mp4,validation
C:\Users\athas\Downloads\Chalearn\first-impressions\val\6uqXoPJSoPg.001.mp4,validation
C:\Users\athas\Downloads\Chalearn\first-impressions\val\6uqXoPJSoPg.002.mp4,validation
C:\Users\athas\Downloads\Chalearn\first-impressions\val\6waL_gUxtAM.002.mp4,validation
C:\Users\athas\Downloads\Chalearn\first-impressions\val\6wHQsN5g2RM.005.mp4,validation
C:\Users\athas\Downloads\Chalearn\first-impressions\val\6WSr4IW6cNI.005.mp4,validation
C:\Users\athas\Downloads\Chalearn\first-impressions\val\6zm71IHOCZA.004.mp4,validation
C:\Users\athas\Downloads\Chalearn\first-impressions\val\75XbCb7G8kw.005.mp4,validation
C:\Users\athas\Downloads\Chalearn\first-impressions\val\78zauTEQ-k8.003.mp4,validation
C:\Users\athas\Downloads\Chalearn\first-impressions\val\7A7gav98tW4.000.mp4,validation
C:\Users\athas\Downloads\Chalearn\first-impressions\val\7b9DirXrkHo.000.mp4,validation
C:\Users\athas\Downloads\Chalearn\first-impressions\val\7fOxteINSUg.002.mp4,validation
C:\Users\athas\Downloads\Chalearn\first-impressions\val\7fOxteINSUg.005.mp4,validation
C:\Users\athas\Downloads\Chalearn\first-impressions\val\7GRC7XjGzX8.000.mp4,validation
C:\Users\athas\Downloads\Chalearn\first-impressions\val\7IegDaeNlik.001.mp4,validation
C:\Users\athas\Downloads\Chalearn\first-impressions\val\7IegDaeNlik.004.mp4,validation
C:\Users\athas\Downloads\Chalearn\first-impressions\val\7LHmNEH65Pk.001.mp4,validation
C:\Users\athas\Downloads\Chalearn\first-impressions\val\7nJPNkWZDOY.001.mp4,validation
C:\Users\athas\Downloads\Chalearn\first-impressions\val\7nJPNkWZDOY.004.mp4,validation
C:\Users\athas\Downloads\Chalearn\first-impressions\val\7P2F5Mk_Q1s.001.mp4,validation
C:\Users\athas\Downloads\Chalearn\first-impressions\val\7pLYJKO75_c.004.mp4,validation
C:\Users\athas\Downloads\Chalearn\first-impressions\val\7pLYJKO75_c.005.mp4,validation
C:\Users\athas\Downloads\Chalearn\first-impressions\val\7PYAn9njCHI.003.mp4,validation
C:\Users\athas\Downloads\Chalearn\first-impressions\val\7qGYGbIg45c.000.mp4,validation
C:\Users\athas\Downloads\Chalearn\first-impressions\val\7T-KyMnEbJM.000.mp4,validation
C:\Users\athas\Downloads\Chalearn\first-impressions\val\7tlMys6MZ34.002.mp4,validation
C:\Users\athas\Downloads\Chalearn\first-impressions\val\7u0o63Z7q9E.000.mp4,validation
C:\Users\athas\Downloads\Chalearn\first-impressions\val\7vF5WLD1RxY.000.mp4,validation
C:\Users\athas\Downloads\Chalearn\first-impressions\val\7WixH0aSfqI.000.mp4,validation
C:\Users\athas\Downloads\Chalearn\first-impressions\val\7WixH0aSfqI.004.mp4,validation
C:\Users\athas\Downloads\Chalearn\first-impressions\val\7wsksuXYoMY.003.mp4,validation
C:\Users\athas\Downloads\Chalearn\first-impressions\val\7Y3S4nfQHeo.004.mp4,validation
C:\Users\athas\Downloads\Chalearn\first-impressions\val\7Y4cUPFEt-4.001.mp4,validation
C:\Users\athas\Downloads\Chalearn\first-impressions\val\7ZnijRlK5-E.001.mp4,validation
C:\Users\athas\Downloads\Chalearn\first-impressions\val\81f9t2HMNas.000.mp4,validation
C:\Users\athas\Downloads\Chalearn\first-impressions\val\836kYlEs9GI.004.mp4,validation
C:\Users\athas\Downloads\Chalearn\first-impressions\val\84emxO86qa8.004.mp4,validation
C:\Users\athas\Downloads\Chalearn\first-impressions\val\84Lz5a9yRZg.000.mp4,validation
C:\Users\athas\Downloads\Chalearn\first-impressions\val\85isLsZHZpo.003.mp4,validation
C:\Users\athas\Downloads\Chalearn\first-impressions\val\85isLsZHZpo.005.mp4,validation
C:\Users\athas\Downloads\Chalearn\first-impressions\val\86upzmhvpXw.000.mp4,validation
C:\Users\athas\Downloads\Chalearn\first-impressions\val\8AnIttmflwI.000.mp4,validation
C:\Users\athas\Downloads\Chalearn\first-impressions\val\8AnIttmflwI.004.mp4,validation
C:\Users\athas\Downloads\Chalearn\first-impressions\val\8AnIttmflwI.005.mp4,validation
C:\Users\athas\Downloads\Chalearn\first-impressions\val\8dVcA5J1Dcw.001.mp4,validation
C:\Users\athas\Downloads\Chalearn\first-impressions\val\8e4nnel_x-M.004.mp4,validation
C:\Users\athas\Downloads\Chalearn\first-impressions\val\8eeZjC_bmtc.000.mp4,validation
C:\Users\athas\Downloads\Chalearn\first-impressions\val\8eeZjC_bmtc.002.mp4,validation
C:\Users\athas\Downloads\Chalearn\first-impressions\val\8eeZjC_bmtc.004.mp4,validation
C:\Users\athas\Downloads\Chalearn\first-impressions\val\8gvBbE6iZNo.000.mp4,validation
C:\Users\athas\Downloads\Chalearn\first-impressions\val\8gvBbE6iZNo.004.mp4,validation
C:\Users\athas\Downloads\Chalearn\first-impressions\val\8hGOOynn3ZU.004.mp4,validation
C:\Users\athas\Downloads\Chalearn\first-impressions\val\8hH_eJ8qv_M.000.mp4,validation
C:\Users\athas\Downloads\Chalearn\first-impressions\val\8hH_eJ8qv_M.002.mp4,validation
C:\Users\athas\Downloads\Chalearn\first-impressions\val\8hH_eJ8qv_M.005.mp4,validation
C:\Users\athas\Downloads\Chalearn\first-impressions\val\8hW6WfYBP18.000.mp4,validation
C:\Users\athas\Downloads\Chalearn\first-impressions\val\8hW6WfYBP18.002.mp4,validation
C:\Users\athas\Downloads\Chalearn\first-impressions\val\8hW6WfYBP18.003.mp4,validation
C:\Users\athas\Downloads\Chalearn\first-impressions\val\8hW6WfYBP18.004.mp4,validation
C:\Users\athas\Downloads\Chalearn\first-impressions\val\8i7H-uSCQcc.003.mp4,validation
C:\Users\athas\Downloads\Chalearn\first-impressions\val\8lg8A_zFOmg.002.mp4,validation
C:\Users\athas\Downloads\Chalearn\first-impressions\val\8lg8A_zFOmg.004.mp4,validation
C:\Users\athas\Downloads\Chalearn\first-impressions\val\8n6G3V3-Tk8.001.mp4,validation
C:\Users\athas\Downloads\Chalearn\first-impressions\val\8narByy2B5g.002.mp4,validation
C:\Users\athas\Downloads\Chalearn\first-impressions\val\8narByy2B5g.003.mp4,validation
C:\Users\athas\Downloads\Chalearn\first-impressions\val\8narByy2B5g.005.mp4,validation
C:\Users\athas\Downloads\Chalearn\first-impressions\val\8nt2PL_p-Io.001.mp4,validation
C:\Users\athas\Downloads\Chalearn\first-impressions\val\8OckVmEZ8X8.001.mp4,validation
C:\Users\athas\Downloads\Chalearn\first-impressions\val\8OckVmEZ8X8.002.mp4,validation
C:\Users\athas\Downloads\Chalearn\first-impressions\val\8OckVmEZ8X8.004.mp4,validation
C:\Users\athas\Downloads\Chalearn\first-impressions\val\8OckVmEZ8X8.005.mp4,validation
C:\Users\athas\Downloads\Chalearn\first-impressions\val\8OGiv7FetSQ.003.mp4,validation
C:\Users\athas\Downloads\Chalearn\first-impressions\val\8OGiv7FetSQ.005.mp4,validation
C:\Users\athas\Downloads\Chalearn\first-impressions\val\8pM3X-xsD4s.002.mp4,validation
C:\Users\athas\Downloads\Chalearn\first-impressions\val\8pM3X-xsD4s.005.mp4,validation
C:\Users\athas\Downloads\Chalearn\first-impressions\val\8PXQ_5tUv74.003.mp4,validation
C:\Users\athas\Downloads\Chalearn\first-impressions\val\8py6SksNsZQ.000.mp4,validation
C:\Users\athas\Downloads\Chalearn\first-impressions\val\8py6SksNsZQ.004.mp4,validation
C:\Users\athas\Downloads\Chalearn\first-impressions\val\8qesctueAV0.003.mp4,validation
C:\Users\athas\Downloads\Chalearn\first-impressions\val\8qesctueAV0.005.mp4,validation
C:\Users\athas\Downloads\Chalearn\first-impressions\val\8qG1sMihtPA.001.mp4,validation
C:\Users\athas\Downloads\Chalearn\first-impressions\val\8qG1sMihtPA.002.mp4,validation
C:\Users\athas\Downloads\Chalearn\first-impressions\val\8qG1sMihtPA.005.mp4,validation
C:\Users\athas\Downloads\Chalearn\first-impressions\val\8QtlG5ujHyc.000.mp4,validation
C:\Users\athas\Downloads\Chalearn\first-impressions\val\8QtlG5ujHyc.003.mp4,validation
C:\Users\athas\Downloads\Chalearn\first-impressions\val\8RVJqjILSD0.002.mp4,validation
C:\Users\athas\Downloads\Chalearn\first-impressions\val\8RVJqjILSD0.005.mp4,validation
C:\Users\athas\Downloads\Chalearn\first-impressions\val\8s0R8r6UsU0.001.mp4,validation
C:\Users\athas\Downloads\Chalearn\first-impressions\val\8s0R8r6UsU0.002.mp4,validation
C:\Users\athas\Downloads\Chalearn\first-impressions\val\8voP9HTSffg.000.mp4,validation
C:\Users\athas\Downloads\Chalearn\first-impressions\val\8w_oPolxRWQ.000.mp4,validation
C:\Users\athas\Downloads\Chalearn\first-impressions\val\8XBprf4NyOg.003.mp4,validation
C:\Users\athas\Downloads\Chalearn\first-impressions\val\8YQKwMdiaAE.000.mp4,validation
C:\Users\athas\Downloads\Chalearn\first-impressions\val\8Z6PrQdqffA.000.mp4,validation
C:\Users\athas\Downloads\Chalearn\first-impressions\val\8Z6PrQdqffA.003.mp4,validation
C:\Users\athas\Downloads\Chalearn\first-impressions\val\93bQfdes68U.000.mp4,validation
C:\Users\athas\Downloads\Chalearn\first-impressions\val\93XyRBd_HqU.003.mp4,validation
C:\Users\athas\Downloads\Chalearn\first-impressions\val\9a-3LrB7cDI.002.mp4,validation
C:\Users\athas\Downloads\Chalearn\first-impressions\val\9c66Lb7e1BQ.001.mp4,validation
C:\Users\athas\Downloads\Chalearn\first-impressions\val\9cHxDnk6SUs.004.mp4,validation
C:\Users\athas\Downloads\Chalearn\first-impressions\val\9DKE8426js0.000.mp4,validation
C:\Users\athas\Downloads\Chalearn\first-impressions\val\9lA-PGQcHBc.000.mp4,validation
C:\Users\athas\Downloads\Chalearn\first-impressions\val\9mM_0vrO3wc.000.mp4,validation
C:\Users\athas\Downloads\Chalearn\first-impressions\val\9n8dNi-ERQ0.000.mp4,validation
C:\Users\athas\Downloads\Chalearn\first-impressions\val\9o10YrQykMk.005.mp4,validation
C:\Users\athas\Downloads\Chalearn\first-impressions\val\9pGJyf1MXLY.003.mp4,validation
C:\Users\athas\Downloads\Chalearn\first-impressions\val\9QGTbcqb2tM.004.mp4,validation
C:\Users\athas\Downloads\Chalearn\first-impressions\val\9QGTbcqb2tM.005.mp4,validation
C:\Users\athas\Downloads\Chalearn\first-impressions\val\9rF3BEXetOo.003.mp4,validation
C:\Users\athas\Downloads\Chalearn\first-impressions\val\9RfE2-aTvaM.005.mp4,validation
C:\Users\athas\Downloads\Chalearn\first-impressions\val\9SGTRbePKLI.000.mp4,validation
C:\Users\athas\Downloads\Chalearn\first-impressions\val\9uMpKla2OQM.003.mp4,validation
C:\Users\athas\Downloads\Chalearn\first-impressions\val\9uMpKla2OQM.005.mp4,validation
C:\Users\athas\Downloads\Chalearn\first-impressions\val\9UUtf0_ZR14.000.mp4,validation
C:\Users\athas\Downloads\Chalearn\first-impressions\val\9UUtf0_ZR14.003.mp4,validation
C:\Users\athas\Downloads\Chalearn\first-impressions\val\9UWCHrG5mys.000.mp4,validation
C:\Users\athas\Downloads\Chalearn\first-impressions\val\9XqeGs2MMic.001.mp4,validation
C:\Users\athas\Downloads\Chalearn\first-impressions\val\9ydyJKZBWiA.004.mp4,validation
C:\Users\athas\Downloads\Chalearn\first-impressions\val\9z5cV1ANYwE.005.mp4,validation
C:\Users\athas\Downloads\Chalearn\first-impressions\val\a-nUsP7oETI.004.mp4,validation
C:\Users\athas\Downloads\Chalearn\first-impressions\val\A1lbD_OCuj4.002.mp4,validation
C:\Users\athas\Downloads\Chalearn\first-impressions\val\a38rz5AIslE.000.mp4,validation
C:\Users\athas\Downloads\Chalearn\first-impressions\val\a38rz5AIslE.002.mp4,validation
C:\Users\athas\Downloads\Chalearn\first-impressions\val\A6ZWTfKPLPE.000.mp4,validation
C:\Users\athas\Downloads\Chalearn\first-impressions\val\A7qb47cmxJo.004.mp4,validation
C:\Users\athas\Downloads\Chalearn\first-impressions\val\a84s1DYag-I.000.mp4,validation
C:\Users\athas\Downloads\Chalearn\first-impressions\val\a84s1DYag-I.003.mp4,validation
C:\Users\athas\Downloads\Chalearn\first-impressions\val\a97PXgrKSxo.001.mp4,validation
C:\Users\athas\Downloads\Chalearn\first-impressions\val\aaDlp62qn60.000.mp4,validation
C:\Users\athas\Downloads\Chalearn\first-impressions\val\ADa9rkwF2uA.004.mp4,validation
C:\Users\athas\Downloads\Chalearn\first-impressions\val\ADa9rkwF2uA.005.mp4,validation
C:\Users\athas\Downloads\Chalearn\first-impressions\val\adBtc3XrSsg.003.mp4,validation
C:\Users\athas\Downloads\Chalearn\first-impressions\val\aenedH_X3Us.000.mp4,validation
C:\Users\athas\Downloads\Chalearn\first-impressions\val\AFQz-qy0FkY.005.mp4,validation
C:\Users\athas\Downloads\Chalearn\first-impressions\val\aFVFvJNnFt0.002.mp4,validation
C:\Users\athas\Downloads\Chalearn\first-impressions\val\AFvUxDwJB84.005.mp4,validation
C:\Users\athas\Downloads\Chalearn\first-impressions\val\Af_F0IzHK6o.005.mp4,validation
C:\Users\athas\Downloads\Chalearn\first-impressions\val\Agg7z10B_iY.005.mp4,validation
C:\Users\athas\Downloads\Chalearn\first-impressions\val\Ahiq4zhmYco.000.mp4,validation
C:\Users\athas\Downloads\Chalearn\first-impressions\val\Ahiq4zhmYco.001.mp4,validation
C:\Users\athas\Downloads\Chalearn\first-impressions\val\Ahiq4zhmYco.003.mp4,validation
C:\Users\athas\Downloads\Chalearn\first-impressions\val\ahqyOhg6D7c.001.mp4,validation
C:\Users\athas\Downloads\Chalearn\first-impressions\val\aIwWcLojoh0.000.mp4,validation
C:\Users\athas\Downloads\Chalearn\first-impressions\val\aL0oPOOeoB8.000.mp4,validation
C:\Users\athas\Downloads\Chalearn\first-impressions\val\aLAqJkRWKuk.001.mp4,validation
C:\Users\athas\Downloads\Chalearn\first-impressions\val\aLAqJkRWKuk.003.mp4,validation
C:\Users\athas\Downloads\Chalearn\first-impressions\val\AlEqtGWa43g.003.mp4,validation
C:\Users\athas\Downloads\Chalearn\first-impressions\val\AlEqtGWa43g.004.mp4,validation
C:\Users\athas\Downloads\Chalearn\first-impressions\val\Alox0G4xUfM.001.mp4,validation
C:\Users\athas\Downloads\Chalearn\first-impressions\val\alucqviYJFE.000.mp4,validation
C:\Users\athas\Downloads\Chalearn\first-impressions\val\alucqviYJFE.005.mp4,validation
C:\Users\athas\Downloads\Chalearn\first-impressions\val\aLvpOYqzErk.001.mp4,validation
C:\Users\athas\Downloads\Chalearn\first-impressions\val\aLvpOYqzErk.002.mp4,validation
C:\Users\athas\Downloads\Chalearn\first-impressions\val\aLvpOYqzErk.005.mp4,validation
C:\Users\athas\Downloads\Chalearn\first-impressions\val\An7WScf0RRc.001.mp4,validation
C:\Users\athas\Downloads\Chalearn\first-impressions\val\AobPtpyKat8.003.mp4,validation
C:\Users\athas\Downloads\Chalearn\first-impressions\val\AotbiNsU85A.005.mp4,validation
C:\Users\athas\Downloads\Chalearn\first-impressions\val\AP0aklGHino.002.mp4,validation
C:\Users\athas\Downloads\Chalearn\first-impressions\val\ApCq0dwH1Ak.000.mp4,validation
C:\Users\athas\Downloads\Chalearn\first-impressions\val\ApPnsnIZozw.002.mp4,validation
C:\Users\athas\Downloads\Chalearn\first-impressions\val\APqMkruLkoE.001.mp4,validation
C:\Users\athas\Downloads\Chalearn\first-impressions\val\aptKaxP81xA.001.mp4,validation
C:\Users\athas\Downloads\Chalearn\first-impressions\val\aptKaxP81xA.003.mp4,validation
C:\Users\athas\Downloads\Chalearn\first-impressions\val\aptKaxP81xA.005.mp4,validation
C:\Users\athas\Downloads\Chalearn\first-impressions\val\aPTNxA43WHY.001.mp4,validation
C:\Users\athas\Downloads\Chalearn\first-impressions\val\AR3UwbmgKuQ.000.mp4,validation
C:\Users\athas\Downloads\Chalearn\first-impressions\val\AR3UwbmgKuQ.002.mp4,validation
C:\Users\athas\Downloads\Chalearn\first-impressions\val\AuaQ0rtedRk.000.mp4,validation
C:\Users\athas\Downloads\Chalearn\first-impressions\val\AuaQ0rtedRk.002.mp4,validation
C:\Users\athas\Downloads\Chalearn\first-impressions\val\AvuGsnkWjt8.000.mp4,validation
C:\Users\athas\Downloads\Chalearn\first-impressions\val\AvuGsnkWjt8.003.mp4,validation
C:\Users\athas\Downloads\Chalearn\first-impressions\val\AWe6ZZUmlZw.001.mp4,validation
C:\Users\athas\Downloads\Chalearn\first-impressions\val\AWe6ZZUmlZw.003.mp4,validation
C:\Users\athas\Downloads\Chalearn\first-impressions\val\AwNVGShHjvw.003.mp4,validation
C:\Users\athas\Downloads\Chalearn\first-impressions\val\ax1Fck6zMzk.001.mp4,validation
C:\Users\athas\Downloads\Chalearn\first-impressions\val\ax8wm9K41og.002.mp4,validation
C:\Users\athas\Downloads\Chalearn\first-impressions\val\ay4cdKr1I0o.002.mp4,validation
C:\Users\athas\Downloads\Chalearn\first-impressions\val\Ay7bZ7Sgx9Q.000.mp4,validation
C:\Users\athas\Downloads\Chalearn\first-impressions\val\Ay7bZ7Sgx9Q.005.mp4,validation
C:\Users\athas\Downloads\Chalearn\first-impressions\val\AZ2HyBOmliQ.000.mp4,validation
C:\Users\athas\Downloads\Chalearn\first-impressions\val\AZj2VoCcayA.002.mp4,validation
C:\Users\athas\Downloads\Chalearn\first-impressions\val\a_HpQgY5vb4.000.mp4,validation
C:\Users\athas\Downloads\Chalearn\first-impressions\val\B-OJ_xZILLg.000.mp4,validation
C:\Users\athas\Downloads\Chalearn\first-impressions\val\b-qfeGqPd04.003.mp4,validation
C:\Users\athas\Downloads\Chalearn\first-impressions\val\B1efbNxLPe8.002.mp4,validation
C:\Users\athas\Downloads\Chalearn\first-impressions\val\B2riMsP8LD8.000.mp4,validation
C:\Users\athas\Downloads\Chalearn\first-impressions\val\B2riMsP8LD8.002.mp4,validation
C:\Users\athas\Downloads\Chalearn\first-impressions\val\b2Y41GrCrPs.004.mp4,validation
C:\Users\athas\Downloads\Chalearn\first-impressions\val\b2Y41GrCrPs.005.mp4,validation
C:\Users\athas\Downloads\Chalearn\first-impressions\val\B3zFJhrmqwg.000.mp4,validation
C:\Users\athas\Downloads\Chalearn\first-impressions\val\B77ZCcCMrkM.001.mp4,validation
C:\Users\athas\Downloads\Chalearn\first-impressions\val\B77ZCcCMrkM.002.mp4,validation
C:\Users\athas\Downloads\Chalearn\first-impressions\val\bAxlTgobVHE.003.mp4,validation
C:\Users\athas\Downloads\Chalearn\first-impressions\val\bBqZyG-9ksM.000.mp4,validation
C:\Users\athas\Downloads\Chalearn\first-impressions\val\bBqZyG-9ksM.003.mp4,validation
C:\Users\athas\Downloads\Chalearn\first-impressions\val\bBqZyG-9ksM.004.mp4,validation
C:\Users\athas\Downloads\Chalearn\first-impressions\val\BBSB9OJdb0Q.003.mp4,validation
C:\Users\athas\Downloads\Chalearn\first-impressions\val\BCNZ_j_kMB4.003.mp4,validation
C:\Users\athas\Downloads\Chalearn\first-impressions\val\bcRPLKygrNk.002.mp4,validation
C:\Users\athas\Downloads\Chalearn\first-impressions\val\bcRPLKygrNk.005.mp4,validation
C:\Users\athas\Downloads\Chalearn\first-impressions\val\bcx6xr9Ja-8.002.mp4,validation
C:\Users\athas\Downloads\Chalearn\first-impressions\val\bDjqDn6susQ.002.mp4,validation
C:\Users\athas\Downloads\Chalearn\first-impressions\val\bej-DbxTkWA.001.mp4,validation
C:\Users\athas\Downloads\Chalearn\first-impressions\val\BeyIfaH64xY.002.mp4,validation
C:\Users\athas\Downloads\Chalearn\first-impressions\val\bFwtVtZodIg.001.mp4,validation
C:\Users\athas\Downloads\Chalearn\first-impressions\val\bFwtVtZodIg.003.mp4,validation
C:\Users\athas\Downloads\Chalearn\first-impressions\val\bJktioZ5Yxk.001.mp4,validation
C:\Users\athas\Downloads\Chalearn\first-impressions\val\bJktioZ5Yxk.005.mp4,validation
C:\Users\athas\Downloads\Chalearn\first-impressions\val\BjQ95T-Dw1U.001.mp4,validation
C:\Users\athas\Downloads\Chalearn\first-impressions\val\bkzgccBFztM.002.mp4,validation
C:\Users\athas\Downloads\Chalearn\first-impressions\val\blAjqQ0ja8Q.001.mp4,validation
C:\Users\athas\Downloads\Chalearn\first-impressions\val\blAjqQ0ja8Q.002.mp4,validation
C:\Users\athas\Downloads\Chalearn\first-impressions\val\blAjqQ0ja8Q.004.mp4,validation
C:\Users\athas\Downloads\Chalearn\first-impressions\val\bLOSPQ8MAC8.000.mp4,validation
C:\Users\athas\Downloads\Chalearn\first-impressions\val\BlvmREgt2C0.004.mp4,validation
C:\Users\athas\Downloads\Chalearn\first-impressions\val\BlXViK_ltm8.001.mp4,validation
C:\Users\athas\Downloads\Chalearn\first-impressions\val\BmDClgdWlH4.005.mp4,validation
C:\Users\athas\Downloads\Chalearn\first-impressions\val\Bmn4YEhgBDY.000.mp4,validation
C:\Users\athas\Downloads\Chalearn\first-impressions\val\bN2IM-rqZlc.001.mp4,validation
C:\Users\athas\Downloads\Chalearn\first-impressions\val\bN2IM-rqZlc.005.mp4,validation
C:\Users\athas\Downloads\Chalearn\first-impressions\val\Bn5QwANp5LM.004.mp4,validation
C:\Users\athas\Downloads\Chalearn\first-impressions\val\bnoPmV0_aIc.001.mp4,validation
C:\Users\athas\Downloads\Chalearn\first-impressions\val\Bo-mrL28d8M.001.mp4,validation
C:\Users\athas\Downloads\Chalearn\first-impressions\val\Bo-mrL28d8M.005.mp4,validation
C:\Users\athas\Downloads\Chalearn\first-impressions\val\bPLhV0PGR50.000.mp4,validation
C:\Users\athas\Downloads\Chalearn\first-impressions\val\BPUFqFLZgZU.000.mp4,validation
C:\Users\athas\Downloads\Chalearn\first-impressions\val\BQ9i8qkXiVQ.001.mp4,validation
C:\Users\athas\Downloads\Chalearn\first-impressions\val\BS0wgLXqFgc.000.mp4,validation
C:\Users\athas\Downloads\Chalearn\first-impressions\val\BS0wgLXqFgc.004.mp4,validation
C:\Users\athas\Downloads\Chalearn\first-impressions\val\bSeTNdOtK7I.002.mp4,validation
C:\Users\athas\Downloads\Chalearn\first-impressions\val\bSeTNdOtK7I.003.mp4,validation
C:\Users\athas\Downloads\Chalearn\first-impressions\val\BStHNKV820Q.000.mp4,validation
C:\Users\athas\Downloads\Chalearn\first-impressions\val\bt-ev53zZWE.005.mp4,validation
C:\Users\athas\Downloads\Chalearn\first-impressions\val\bTLTLzXehPE.000.mp4,validation
C:\Users\athas\Downloads\Chalearn\first-impressions\val\bTLTLzXehPE.005.mp4,validation
C:\Users\athas\Downloads\Chalearn\first-impressions\val\bviHajVIie0.001.mp4,validation
C:\Users\athas\Downloads\Chalearn\first-impressions\val\BxD2uO_3RXU.001.mp4,validation
C:\Users\athas\Downloads\Chalearn\first-impressions\val\bYXRyimxh7A.005.mp4,validation
C:\Users\athas\Downloads\Chalearn\first-impressions\val\BZ3FEf_KKso.002.mp4,validation
C:\Users\athas\Downloads\Chalearn\first-impressions\val\Bz3Jx4QL_6Q.002.mp4,validation
C:\Users\athas\Downloads\Chalearn\first-impressions\val\Bz3Jx4QL_6Q.005.mp4,validation
C:\Users\athas\Downloads\Chalearn\first-impressions\val\bzaOB8BoWPU.001.mp4,validation
C:\Users\athas\Downloads\Chalearn\first-impressions\val\BzMLhulrt0Q.000.mp4,validation
C:\Users\athas\Downloads\Chalearn\first-impressions\val\C-48U5oDuvw.000.mp4,validation
C:\Users\athas\Downloads\Chalearn\first-impressions\val\C-48U5oDuvw.001.mp4,validation
C:\Users\athas\Downloads\Chalearn\first-impressions\val\C0uc-2KrnnQ.003.mp4,validation
C:\Users\athas\Downloads\Chalearn\first-impressions\val\c2LeNguVNrI.000.mp4,validation
C:\Users\athas\Downloads\Chalearn\first-impressions\val\c2LeNguVNrI.005.mp4,validation
C:\Users\athas\Downloads\Chalearn\first-impressions\val\C2MEPH7x9m0.000.mp4,validation
C:\Users\athas\Downloads\Chalearn\first-impressions\val\C2MEPH7x9m0.004.mp4,validation
C:\Users\athas\Downloads\Chalearn\first-impressions\val\C2Y9Puk3Obk.002.mp4,validation
C:\Users\athas\Downloads\Chalearn\first-impressions\val\c3esnCQDoKc.000.mp4,validation
C:\Users\athas\Downloads\Chalearn\first-impressions\val\c4XnKouozXU.002.mp4,validation
C:\Users\athas\Downloads\Chalearn\first-impressions\val\c4XnKouozXU.005.mp4,validation
C:\Users\athas\Downloads\Chalearn\first-impressions\val\C5qRszPK9HY.002.mp4,validation
C:\Users\athas\Downloads\Chalearn\first-impressions\val\c5ZnKbaNCE8.001.mp4,validation
C:\Users\athas\Downloads\Chalearn\first-impressions\val\c5ZnKbaNCE8.002.mp4,validation
C:\Users\athas\Downloads\Chalearn\first-impressions\val\c70zW-HoZUA.001.mp4,validation
C:\Users\athas\Downloads\Chalearn\first-impressions\val\C8xZ0vhrrFE.004.mp4,validation
C:\Users\athas\Downloads\Chalearn\first-impressions\val\cA3KzjBNr4M.001.mp4,validation
C:\Users\athas\Downloads\Chalearn\first-impressions\val\cA3KzjBNr4M.004.mp4,validation
C:\Users\athas\Downloads\Chalearn\first-impressions\val\CAuVlnNy95E.002.mp4,validation
C:\Users\athas\Downloads\Chalearn\first-impressions\val\CDTo7WVyf5s.003.mp4,validation
C:\Users\athas\Downloads\Chalearn\first-impressions\val\cdtZKwM5NIM.002.mp4,validation
C:\Users\athas\Downloads\Chalearn\first-impressions\val\cdtZKwM5NIM.003.mp4,validation
C:\Users\athas\Downloads\Chalearn\first-impressions\val\CESTtNvDpww.001.mp4,validation
C:\Users\athas\Downloads\Chalearn\first-impressions\val\cFGjJg-2zOk.004.mp4,validation
C:\Users\athas\Downloads\Chalearn\first-impressions\val\CFK8ib0aWe8.004.mp4,validation
C:\Users\athas\Downloads\Chalearn\first-impressions\val\CFK8ib0aWe8.005.mp4,validation
C:\Users\athas\Downloads\Chalearn\first-impressions\val\CGfr9jl8w4Y.000.mp4,validation
C:\Users\athas\Downloads\Chalearn\first-impressions\val\cgGCyBMdGrA.004.mp4,validation
C:\Users\athas\Downloads\Chalearn\first-impressions\val\cgT-3CHBmKs.001.mp4,validation
C:\Users\athas\Downloads\Chalearn\first-impressions\val\CHkKv9TXm0g.002.mp4,validation
C:\Users\athas\Downloads\Chalearn\first-impressions\val\ciWUq6iQTIE.001.mp4,validation
C:\Users\athas\Downloads\Chalearn\first-impressions\val\cjbh1lfr43c.001.mp4,validation
C:\Users\athas\Downloads\Chalearn\first-impressions\val\cJs_LosR-u8.001.mp4,validation
C:\Users\athas\Downloads\Chalearn\first-impressions\val\cJs_LosR-u8.003.mp4,validation
C:\Users\athas\Downloads\Chalearn\first-impressions\val\cJs_LosR-u8.005.mp4,validation
C:\Users\athas\Downloads\Chalearn\first-impressions\val\CLGJCzz6tIU.000.mp4,validation
C:\Users\athas\Downloads\Chalearn\first-impressions\val\CLGJCzz6tIU.002.mp4,validation
C:\Users\athas\Downloads\Chalearn\first-impressions\val\clMg72MI8rw.000.mp4,validation
C:\Users\athas\Downloads\Chalearn\first-impressions\val\clMg72MI8rw.001.mp4,validation
C:\Users\athas\Downloads\Chalearn\first-impressions\val\ClSP2k9DFX0.001.mp4,validation
C:\Users\athas\Downloads\Chalearn\first-impressions\val\cMLkNVKkaOQ.001.mp4,validation
C:\Users\athas\Downloads\Chalearn\first-impressions\val\Cng72emlXAM.001.mp4,validation
C:\Users\athas\Downloads\Chalearn\first-impressions\val\cNXnowQb7rs.001.mp4,validation
C:\Users\athas\Downloads\Chalearn\first-impressions\val\CO7vZjYF6Zk.003.mp4,validation
C:\Users\athas\Downloads\Chalearn\first-impressions\val\cOo5N1qblyw.000.mp4,validation
C:\Users\athas\Downloads\Chalearn\first-impressions\val\cOossY5pTrU.005.mp4,validation
C:\Users\athas\Downloads\Chalearn\first-impressions\val\CpmR-91GxmY.001.mp4,validation
C:\Users\athas\Downloads\Chalearn\first-impressions\val\CpmR-91GxmY.003.mp4,validation
C:\Users\athas\Downloads\Chalearn\first-impressions\val\CPtaCNonKlE.001.mp4,validation
C:\Users\athas\Downloads\Chalearn\first-impressions\val\cpzY1b6wJqs.000.mp4,validation
C:\Users\athas\Downloads\Chalearn\first-impressions\val\CQR-eM3mTFU.000.mp4,validation
C:\Users\athas\Downloads\Chalearn\first-impressions\val\cQRFb-xa4Vc.000.mp4,validation
C:\Users\athas\Downloads\Chalearn\first-impressions\val\cRDYrvxRJ6U.004.mp4,validation
C:\Users\athas\Downloads\Chalearn\first-impressions\val\cT3oyHhUznw.000.mp4,validation
C:\Users\athas\Downloads\Chalearn\first-impressions\val\CuGuiOZ48Ig.003.mp4,validation
C:\Users\athas\Downloads\Chalearn\first-impressions\val\CUiG7UZ9A3k.004.mp4,validation
C:\Users\athas\Downloads\Chalearn\first-impressions\val\CV930dFsubs.004.mp4,validation
C:\Users\athas\Downloads\Chalearn\first-impressions\val\CV930dFsubs.005.mp4,validation
C:\Users\athas\Downloads\Chalearn\first-impressions\val\cvHqtadNJDo.002.mp4,validation
C:\Users\athas\Downloads\Chalearn\first-impressions\val\Cvuu76B-bxA.004.mp4,validation
C:\Users\athas\Downloads\Chalearn\first-impressions\val\CwFH8J7smjE.000.mp4,validation
C:\Users\athas\Downloads\Chalearn\first-impressions\val\CwmYqA1yi0Q.004.mp4,validation
C:\Users\athas\Downloads\Chalearn\first-impressions\val\cx8IycWgMVs.000.mp4,validation
C:\Users\athas\Downloads\Chalearn\first-impressions\val\cx8IycWgMVs.002.mp4,validation
C:\Users\athas\Downloads\Chalearn\first-impressions\val\cxJ0u6r0-pU.004.mp4,validation
C:\Users\athas\Downloads\Chalearn\first-impressions\val\cY3nHc5fDYE.004.mp4,validation
C:\Users\athas\Downloads\Chalearn\first-impressions\val\CyzKot0CNyU.002.mp4,validation
C:\Users\athas\Downloads\Chalearn\first-impressions\val\cZ6xhB5yhfY.005.mp4,validation
C:\Users\athas\Downloads\Chalearn\first-impressions\val\d4cPiUXpGbc.001.mp4,validation
C:\Users\athas\Downloads\Chalearn\first-impressions\val\d4cPiUXpGbc.003.mp4,validation
C:\Users\athas\Downloads\Chalearn\first-impressions\val\d4cPiUXpGbc.004.mp4,validation
C:\Users\athas\Downloads\Chalearn\first-impressions\val\d4iSwRMV0bA.001.mp4,validation
C:\Users\athas\Downloads\Chalearn\first-impressions\val\d5ujzxBlvwY.000.mp4,validation
C:\Users\athas\Downloads\Chalearn\first-impressions\val\d8skGb2ycio.004.mp4,validation
C:\Users\athas\Downloads\Chalearn\first-impressions\val\d8skGb2ycio.005.mp4,validation
C:\Users\athas\Downloads\Chalearn\first-impressions\val\d9ekvXz64Mc.001.mp4,validation
C:\Users\athas\Downloads\Chalearn\first-impressions\val\d9_YDJdF-7I.004.mp4,validation
C:\Users\athas\Downloads\Chalearn\first-impressions\val\d9_YDJdF-7I.005.mp4,validation
C:\Users\athas\Downloads\Chalearn\first-impressions\val\datcFOBWYxc.000.mp4,validation
C:\Users\athas\Downloads\Chalearn\first-impressions\val\datcFOBWYxc.002.mp4,validation
C:\Users\athas\Downloads\Chalearn\first-impressions\val\datcFOBWYxc.004.mp4,validation
C:\Users\athas\Downloads\Chalearn\first-impressions\val\dB-kMg4t-V8.000.mp4,validation
C:\Users\athas\Downloads\Chalearn\first-impressions\val\dB2XYhvqUBU.005.mp4,validation
C:\Users\athas\Downloads\Chalearn\first-impressions\val\dB65He57Ki8.003.mp4,validation
C:\Users\athas\Downloads\Chalearn\first-impressions\val\dB65He57Ki8.004.mp4,validation
C:\Users\athas\Downloads\Chalearn\first-impressions\val\DChmTb-c9uM.000.mp4,validation
C:\Users\athas\Downloads\Chalearn\first-impressions\val\DCROfrHI1MU.004.mp4,validation
C:\Users\athas\Downloads\Chalearn\first-impressions\val\dDi6vy-OZRg.001.mp4,validation
C:\Users\athas\Downloads\Chalearn\first-impressions\val\DefePa0_6Sg.000.mp4,validation
C:\Users\athas\Downloads\Chalearn\first-impressions\val\DfpKVl9Zpdg.002.mp4,validation
C:\Users\athas\Downloads\Chalearn\first-impressions\val\DGCGeNlA-Ww.004.mp4,validation
C:\Users\athas\Downloads\Chalearn\first-impressions\val\dh6iOU2RtTA.000.mp4,validation
C:\Users\athas\Downloads\Chalearn\first-impressions\val\DiaibIBisuM.000.mp4,validation
C:\Users\athas\Downloads\Chalearn\first-impressions\val\DjfLWIZq3bo.000.mp4,validation
C:\Users\athas\Downloads\Chalearn\first-impressions\val\DjfLWIZq3bo.002.mp4,validation
C:\Users\athas\Downloads\Chalearn\first-impressions\val\dl9IT3OvI0o.005.mp4,validation
C:\Users\athas\Downloads\Chalearn\first-impressions\val\dLaqub4BEsA.000.mp4,validation
C:\Users\athas\Downloads\Chalearn\first-impressions\val\dLltwqkvsNg.004.mp4,validation
C:\Users\athas\Downloads\Chalearn\first-impressions\val\dmOKZLeFKCM.001.mp4,validation
C:\Users\athas\Downloads\Chalearn\first-impressions\val\dmycfNpiWCE.000.mp4,validation
C:\Users\athas\Downloads\Chalearn\first-impressions\val\dmycfNpiWCE.003.mp4,validation
C:\Users\athas\Downloads\Chalearn\first-impressions\val\DmYsoYs9jyI.000.mp4,validation
C:\Users\athas\Downloads\Chalearn\first-impressions\val\dNXqs5HNijI.000.mp4,validation
C:\Users\athas\Downloads\Chalearn\first-impressions\val\do8FmnQbI5I.002.mp4,validation
C:\Users\athas\Downloads\Chalearn\first-impressions\val\do8FmnQbI5I.005.mp4,validation
C:\Users\athas\Downloads\Chalearn\first-impressions\val\dOFnHXRLEdM.002.mp4,validation
C:\Users\athas\Downloads\Chalearn\first-impressions\val\dOFnHXRLEdM.004.mp4,validation
C:\Users\athas\Downloads\Chalearn\first-impressions\val\DogbMnh5k0o.004.mp4,validation
C:\Users\athas\Downloads\Chalearn\first-impressions\val\dQOeQYWIgm8.003.mp4,validation
C:\Users\athas\Downloads\Chalearn\first-impressions\val\DrlC4bEYcmw.001.mp4,validation
C:\Users\athas\Downloads\Chalearn\first-impressions\val\DSYiLCGNDP0.000.mp4,validation
C:\Users\athas\Downloads\Chalearn\first-impressions\val\DSYiLCGNDP0.001.mp4,validation
C:\Users\athas\Downloads\Chalearn\first-impressions\val\DSYiLCGNDP0.003.mp4,validation
C:\Users\athas\Downloads\Chalearn\first-impressions\val\dvCKoyBG1pE.000.mp4,validation
C:\Users\athas\Downloads\Chalearn\first-impressions\val\dvCKoyBG1pE.003.mp4,validation
C:\Users\athas\Downloads\Chalearn\first-impressions\val\DVh_7dO2cWY.001.mp4,validation
C:\Users\athas\Downloads\Chalearn\first-impressions\val\DVh_7dO2cWY.002.mp4,validation
C:\Users\athas\Downloads\Chalearn\first-impressions\val\dvMeqVbpKW8.000.mp4,validation
C:\Users\athas\Downloads\Chalearn\first-impressions\val\dvU5jYExl0o.000.mp4,validation
C:\Users\athas\Downloads\Chalearn\first-impressions\val\dvU5jYExl0o.002.mp4,validation
C:\Users\athas\Downloads\Chalearn\first-impressions\val\DvWzedL3QCk.000.mp4,validation
C:\Users\athas\Downloads\Chalearn\first-impressions\val\DvWzedL3QCk.002.mp4,validation
C:\Users\athas\Downloads\Chalearn\first-impressions\val\DXYRJ8PReoE.005.mp4,validation
C:\Users\athas\Downloads\Chalearn\first-impressions\val\DyZlhseSuec.001.mp4,validation
C:\Users\athas\Downloads\Chalearn\first-impressions\val\DzqJmiQjsZ4.001.mp4,validation
C:\Users\athas\Downloads\Chalearn\first-impressions\val\D_FGBb-1B1o.000.mp4,validation
C:\Users\athas\Downloads\Chalearn\first-impressions\val\d_POf1pikX0.004.mp4,validation
C:\Users\athas\Downloads\Chalearn\first-impressions\val\e07IozLUeKc.004.mp4,validation
C:\Users\athas\Downloads\Chalearn\first-impressions\val\e3Y7na4SBh4.003.mp4,validation
C:\Users\athas\Downloads\Chalearn\first-impressions\val\E49FxumXPnc.000.mp4,validation
C:\Users\athas\Downloads\Chalearn\first-impressions\val\e5gDLMLOE9U.000.mp4,validation
C:\Users\athas\Downloads\Chalearn\first-impressions\val\e6YTvjDXEl0.000.mp4,validation
C:\Users\athas\Downloads\Chalearn\first-impressions\val\EA8BEYAZqAA.005.mp4,validation
C:\Users\athas\Downloads\Chalearn\first-impressions\val\EaBCJB8LXdI.003.mp4,validation
C:\Users\athas\Downloads\Chalearn\first-impressions\val\eAkWSjU-JyY.003.mp4,validation
C:\Users\athas\Downloads\Chalearn\first-impressions\val\EAMHqNxa9yY.003.mp4,validation
C:\Users\athas\Downloads\Chalearn\first-impressions\val\EAMHqNxa9yY.005.mp4,validation
C:\Users\athas\Downloads\Chalearn\first-impressions\val\ECuouf2tVYU.002.mp4,validation
C:\Users\athas\Downloads\Chalearn\first-impressions\val\ED70UxZkohc.004.mp4,validation
C:\Users\athas\Downloads\Chalearn\first-impressions\val\EDXQLrsZctw.001.mp4,validation
C:\Users\athas\Downloads\Chalearn\first-impressions\val\EeI8iXLDfc0.000.mp4,validation
C:\Users\athas\Downloads\Chalearn\first-impressions\val\EeI8iXLDfc0.003.mp4,validation
C:\Users\athas\Downloads\Chalearn\first-impressions\val\EelHLfeSJfM.001.mp4,validation
C:\Users\athas\Downloads\Chalearn\first-impressions\val\EelHLfeSJfM.005.mp4,validation
C:\Users\athas\Downloads\Chalearn\first-impressions\val\EffEoI1l1zE.004.mp4,validation
C:\Users\athas\Downloads\Chalearn\first-impressions\val\EfQ2eU2MFEc.000.mp4,validation
C:\Users\athas\Downloads\Chalearn\first-impressions\val\EfQUV-C-YrU.003.mp4,validation
C:\Users\athas\Downloads\Chalearn\first-impressions\val\Egogv6acOd0.005.mp4,validation
C:\Users\athas\Downloads\Chalearn\first-impressions\val\EgolOPjkkg8.002.mp4,validation
C:\Users\athas\Downloads\Chalearn\first-impressions\val\EHPZNxP5mN8.003.mp4,validation
C:\Users\athas\Downloads\Chalearn\first-impressions\val\EiXQ9RErt6c.001.mp4,validation
C:\Users\athas\Downloads\Chalearn\first-impressions\val\eI_7SimPnnQ.004.mp4,validation
C:\Users\athas\Downloads\Chalearn\first-impressions\val\ej0RpdM9kJA.004.mp4,validation
C:\Users\athas\Downloads\Chalearn\first-impressions\val\EjhDyc8Oc6k.002.mp4,validation
C:\Users\athas\Downloads\Chalearn\first-impressions\val\EjhDyc8Oc6k.005.mp4,validation
C:\Users\athas\Downloads\Chalearn\first-impressions\val\EknEAPhAjdA.005.mp4,validation
C:\Users\athas\Downloads\Chalearn\first-impressions\val\EMqrrHHbP3s.005.mp4,validation
C:\Users\athas\Downloads\Chalearn\first-impressions\val\encC96iqr9Y.000.mp4,validation
C:\Users\athas\Downloads\Chalearn\first-impressions\val\Ep2F3e1xiPc.000.mp4,validation
C:\Users\athas\Downloads\Chalearn\first-impressions\val\eqXrUXW4yHY.000.mp4,validation
C:\Users\athas\Downloads\Chalearn\first-impressions\val\erjlIt61pUk.001.mp4,validation
C:\Users\athas\Downloads\Chalearn\first-impressions\val\esk_mav4MRk.004.mp4,validation
C:\Users\athas\Downloads\Chalearn\first-impressions\val\Etfh8X-ECtY.005.mp4,validation
C:\Users\athas\Downloads\Chalearn\first-impressions\val\euRnmvd_dus.000.mp4,validation
C:\Users\athas\Downloads\Chalearn\first-impressions\val\evrzg3Pzyc0.004.mp4,validation
C:\Users\athas\Downloads\Chalearn\first-impressions\val\EvZ0esZgPK4.005.mp4,validation
C:\Users\athas\Downloads\Chalearn\first-impressions\val\EwMMNKLjO9w.005.mp4,validation
C:\Users\athas\Downloads\Chalearn\first-impressions\val\EYhvnALhXt8.002.mp4,validation
C:\Users\athas\Downloads\Chalearn\first-impressions\val\F-Dy1EFm_Mw.003.mp4,validation
C:\Users\athas\Downloads\Chalearn\first-impressions\val\F0kidNe_RSo.003.mp4,validation
C:\Users\athas\Downloads\Chalearn\first-impressions\val\f0LnGz5Z6kA.003.mp4,validation
C:\Users\athas\Downloads\Chalearn\first-impressions\val\F0VbEO_0Ybc.004.mp4,validation
C:\Users\athas\Downloads\Chalearn\first-impressions\val\F0_EI_X5JVk.000.mp4,validation
C:\Users\athas\Downloads\Chalearn\first-impressions\val\F1lAPYh4t3U.005.mp4,validation
C:\Users\athas\Downloads\Chalearn\first-impressions\val\F2v55oUN-4w.003.mp4,validation
C:\Users\athas\Downloads\Chalearn\first-impressions\val\F5kL7RWS_f0.001.mp4,validation
C:\Users\athas\Downloads\Chalearn\first-impressions\val\f7E26XfU8rw.001.mp4,validation
C:\Users\athas\Downloads\Chalearn\first-impressions\val\f7togdqxEoo.001.mp4,validation
C:\Users\athas\Downloads\Chalearn\first-impressions\val\f7togdqxEoo.002.mp4,validation
C:\Users\athas\Downloads\Chalearn\first-impressions\val\f7togdqxEoo.004.mp4,validation
C:\Users\athas\Downloads\Chalearn\first-impressions\val\f7togdqxEoo.005.mp4,validation
C:\Users\athas\Downloads\Chalearn\first-impressions\val\f83xK4chMJs.001.mp4,validation
C:\Users\athas\Downloads\Chalearn\first-impressions\val\FaBTYkzhuK4.002.mp4,validation
C:\Users\athas\Downloads\Chalearn\first-impressions\val\FaBTYkzhuK4.004.mp4,validation
C:\Users\athas\Downloads\Chalearn\first-impressions\val\fBcc1UMtZME.000.mp4,validation
C:\Users\athas\Downloads\Chalearn\first-impressions\val\fBcc1UMtZME.002.mp4,validation
C:\Users\athas\Downloads\Chalearn\first-impressions\val\fBMKlYUjA9E.004.mp4,validation
C:\Users\athas\Downloads\Chalearn\first-impressions\val\fBMKlYUjA9E.005.mp4,validation
C:\Users\athas\Downloads\Chalearn\first-impressions\val\fczufbliJfQ.000.mp4,validation
C:\Users\athas\Downloads\Chalearn\first-impressions\val\fDBpO2TyB-Y.001.mp4,validation
C:\Users\athas\Downloads\Chalearn\first-impressions\val\fDw_PAgW07o.004.mp4,validation
C:\Users\athas\Downloads\Chalearn\first-impressions\val\Fe9_SVPd_5I.002.mp4,validation
C:\Users\athas\Downloads\Chalearn\first-impressions\val\fEC3lEDxRnc.003.mp4,validation
C:\Users\athas\Downloads\Chalearn\first-impressions\val\feg-RNvT-t0.002.mp4,validation
C:\Users\athas\Downloads\Chalearn\first-impressions\val\feg-RNvT-t0.003.mp4,validation
C:\Users\athas\Downloads\Chalearn\first-impressions\val\Ff0WqsFl-1s.001.mp4,validation
C:\Users\athas\Downloads\Chalearn\first-impressions\val\fG-hvGTHoec.000.mp4,validation
C:\Users\athas\Downloads\Chalearn\first-impressions\val\FGkS4vJYOpM.000.mp4,validation
C:\Users\athas\Downloads\Chalearn\first-impressions\val\FGkS4vJYOpM.003.mp4,validation
C:\Users\athas\Downloads\Chalearn\first-impressions\val\FGkS4vJYOpM.005.mp4,validation
C:\Users\athas\Downloads\Chalearn\first-impressions\val\FhCOvzMrNs8.003.mp4,validation
C:\Users\athas\Downloads\Chalearn\first-impressions\val\Fi1ILrwQpSY.004.mp4,validation
C:\Users\athas\Downloads\Chalearn\first-impressions\val\fipvPdFbKN4.001.mp4,validation
C:\Users\athas\Downloads\Chalearn\first-impressions\val\fipvPdFbKN4.005.mp4,validation
C:\Users\athas\Downloads\Chalearn\first-impressions\val\fiVORaERbP0.001.mp4,validation
C:\Users\athas\Downloads\Chalearn\first-impressions\val\fiVORaERbP0.003.mp4,validation
C:\Users\athas\Downloads\Chalearn\first-impressions\val\fkDqn2muw-A.004.mp4,validation
C:\Users\athas\Downloads\Chalearn\first-impressions\val\fKrX-KXgXYM.001.mp4,validation
C:\Users\athas\Downloads\Chalearn\first-impressions\val\FkuwzJcoRVI.002.mp4,validation
C:\Users\athas\Downloads\Chalearn\first-impressions\val\FkzVX7SQ9wE.000.mp4,validation
C:\Users\athas\Downloads\Chalearn\first-impressions\val\FkzVX7SQ9wE.003.mp4,validation
C:\Users\athas\Downloads\Chalearn\first-impressions\val\fk_ggmC872E.004.mp4,validation
C:\Users\athas\Downloads\Chalearn\first-impressions\val\fk_ggmC872E.005.mp4,validation
C:\Users\athas\Downloads\Chalearn\first-impressions\val\FlAGm93fJa0.001.mp4,validation
C:\Users\athas\Downloads\Chalearn\first-impressions\val\FM5UaJS-bhg.003.mp4,validation
C:\Users\athas\Downloads\Chalearn\first-impressions\val\FNHMXPaHll0.000.mp4,validation
C:\Users\athas\Downloads\Chalearn\first-impressions\val\FNHMXPaHll0.002.mp4,validation
C:\Users\athas\Downloads\Chalearn\first-impressions\val\FNHMXPaHll0.003.mp4,validation
C:\Users\athas\Downloads\Chalearn\first-impressions\val\FogaU_yB9aY.003.mp4,validation
C:\Users\athas\Downloads\Chalearn\first-impressions\val\foj4bqLSmF8.000.mp4,validation
C:\Users\athas\Downloads\Chalearn\first-impressions\val\FPfgwGsy8dE.003.mp4,validation
C:\Users\athas\Downloads\Chalearn\first-impressions\val\frEf7Kz1Usk.000.mp4,validation
C:\Users\athas\Downloads\Chalearn\first-impressions\val\fsaslN7xV-w.003.mp4,validation
C:\Users\athas\Downloads\Chalearn\first-impressions\val\fsCK8Xuzl1Y.002.mp4,validation
C:\Users\athas\Downloads\Chalearn\first-impressions\val\fSDA4eEyGHk.001.mp4,validation
C:\Users\athas\Downloads\Chalearn\first-impressions\val\fSkQXqXR7D0.003.mp4,validation
C:\Users\athas\Downloads\Chalearn\first-impressions\val\fsLf6Xv_Gbk.004.mp4,validation
C:\Users\athas\Downloads\Chalearn\first-impressions\val\Ft0ahViXZPc.005.mp4,validation
C:\Users\athas\Downloads\Chalearn\first-impressions\val\FTk2SCmJI_w.000.mp4,validation
C:\Users\athas\Downloads\Chalearn\first-impressions\val\FTk2SCmJI_w.005.mp4,validation
C:\Users\athas\Downloads\Chalearn\first-impressions\val\fUf2XzWpSVo.003.mp4,validation
C:\Users\athas\Downloads\Chalearn\first-impressions\val\fUf2XzWpSVo.004.mp4,validation
C:\Users\athas\Downloads\Chalearn\first-impressions\val\fUIWjaZCYwM.002.mp4,validation
C:\Users\athas\Downloads\Chalearn\first-impressions\val\FvjIziLzffo.000.mp4,validation
C:\Users\athas\Downloads\Chalearn\first-impressions\val\FvjIziLzffo.001.mp4,validation
C:\Users\athas\Downloads\Chalearn\first-impressions\val\FwjoTGcsFNg.004.mp4,validation
C:\Users\athas\Downloads\Chalearn\first-impressions\val\FwjoTGcsFNg.005.mp4,validation
C:\Users\athas\Downloads\Chalearn\first-impressions\val\fwJykIyvS04.005.mp4,validation
C:\Users\athas\Downloads\Chalearn\first-impressions\val\fY4gU5NiV_I.001.mp4,validation
C:\Users\athas\Downloads\Chalearn\first-impressions\val\fY4tctYZTz8.000.mp4,validation
C:\Users\athas\Downloads\Chalearn\first-impressions\val\fY4tctYZTz8.001.mp4,validation
C:\Users\athas\Downloads\Chalearn\first-impressions\val\fY4tctYZTz8.004.mp4,validation
C:\Users\athas\Downloads\Chalearn\first-impressions\val\f_mEEFFeh-0.002.mp4,validation
C:\Users\athas\Downloads\Chalearn\first-impressions\val\g0PWBzU95sI.002.mp4,validation
C:\Users\athas\Downloads\Chalearn\first-impressions\val\g0Zlp-F6Z6E.005.mp4,validation
C:\Users\athas\Downloads\Chalearn\first-impressions\val\G7hYffrZ1Hc.001.mp4,validation
C:\Users\athas\Downloads\Chalearn\first-impressions\val\G7hYffrZ1Hc.003.mp4,validation
C:\Users\athas\Downloads\Chalearn\first-impressions\val\G7QTNbKbu_4.004.mp4,validation
C:\Users\athas\Downloads\Chalearn\first-impressions\val\g9zgIN56MnQ.002.mp4,validation
C:\Users\athas\Downloads\Chalearn\first-impressions\val\g9zgIN56MnQ.003.mp4,validation
C:\Users\athas\Downloads\Chalearn\first-impressions\val\ga_XczsO4eY.002.mp4,validation
C:\Users\athas\Downloads\Chalearn\first-impressions\val\GBp9YtOw_eQ.000.mp4,validation
C:\Users\athas\Downloads\Chalearn\first-impressions\val\gCd5bIDNAbI.003.mp4,validation
C:\Users\athas\Downloads\Chalearn\first-impressions\val\gChqk1izWkc.001.mp4,validation
C:\Users\athas\Downloads\Chalearn\first-impressions\val\gCLfduV3Phw.001.mp4,validation
C:\Users\athas\Downloads\Chalearn\first-impressions\val\gCLfduV3Phw.002.mp4,validation
C:\Users\athas\Downloads\Chalearn\first-impressions\val\gCQT7zfS7sI.000.mp4,validation
C:\Users\athas\Downloads\Chalearn\first-impressions\val\gCQT7zfS7sI.005.mp4,validation
C:\Users\athas\Downloads\Chalearn\first-impressions\val\GcuoyJPO-KU.001.mp4,validation
C:\Users\athas\Downloads\Chalearn\first-impressions\val\GcuoyJPO-KU.003.mp4,validation
C:\Users\athas\Downloads\Chalearn\first-impressions\val\Gdv79afXNKE.000.mp4,validation
C:\Users\athas\Downloads\Chalearn\first-impressions\val\Gdv79afXNKE.004.mp4,validation
C:\Users\athas\Downloads\Chalearn\first-impressions\val\geji1U2YAvg.003.mp4,validation
C:\Users\athas\Downloads\Chalearn\first-impressions\val\gfTTzlRNF8s.002.mp4,validation
C:\Users\athas\Downloads\Chalearn\first-impressions\val\GG9WPQLI_rg.001.mp4,validation
C:\Users\athas\Downloads\Chalearn\first-impressions\val\gggp205gPMI.000.mp4,validation
C:\Users\athas\Downloads\Chalearn\first-impressions\val\gipWTZy9mjI.004.mp4,validation
C:\Users\athas\Downloads\Chalearn\first-impressions\val\gIWZPg1BxlU.000.mp4,validation
C:\Users\athas\Downloads\Chalearn\first-impressions\val\gj3-xvhPeWg.000.mp4,validation
C:\Users\athas\Downloads\Chalearn\first-impressions\val\gJMH7pfz-14.005.mp4,validation
C:\Users\athas\Downloads\Chalearn\first-impressions\val\gKxJl7pIYMo.001.mp4,validation
C:\Users\athas\Downloads\Chalearn\first-impressions\val\glgfB3vFewc.001.mp4,validation
C:\Users\athas\Downloads\Chalearn\first-impressions\val\gM_KAA-ejJA.000.mp4,validation
C:\Users\athas\Downloads\Chalearn\first-impressions\val\GntxKkVigvE.001.mp4,validation
C:\Users\athas\Downloads\Chalearn\first-impressions\val\GO6s-qDADuU.005.mp4,validation
C:\Users\athas\Downloads\Chalearn\first-impressions\val\Gomd4Y8-D2Q.004.mp4,validation
C:\Users\athas\Downloads\Chalearn\first-impressions\val\gq0yaEv6gSE.001.mp4,validation
C:\Users\athas\Downloads\Chalearn\first-impressions\val\grhDDOLsBho.001.mp4,validation
C:\Users\athas\Downloads\Chalearn\first-impressions\val\grhDDOLsBho.003.mp4,validation
C:\Users\athas\Downloads\Chalearn\first-impressions\val\Gs-AdRcYSPo.003.mp4,validation
C:\Users\athas\Downloads\Chalearn\first-impressions\val\GS7cBLgZKgk.005.mp4,validation
C:\Users\athas\Downloads\Chalearn\first-impressions\val\gsleSGEZHAs.003.mp4,validation
C:\Users\athas\Downloads\Chalearn\first-impressions\val\GsNZh1TS68g.000.mp4,validation
C:\Users\athas\Downloads\Chalearn\first-impressions\val\GTmHSF6vNWc.000.mp4,validation
C:\Users\athas\Downloads\Chalearn\first-impressions\val\Gtq5nfRlRx8.003.mp4,validation
C:\Users\athas\Downloads\Chalearn\first-impressions\val\Gtq5nfRlRx8.004.mp4,validation
C:\Users\athas\Downloads\Chalearn\first-impressions\val\Gtq5nfRlRx8.005.mp4,validation
C:\Users\athas\Downloads\Chalearn\first-impressions\val\guthEFaGEiA.001.mp4,validation
C:\Users\athas\Downloads\Chalearn\first-impressions\val\GwKmjEb3qN0.000.mp4,validation
C:\Users\athas\Downloads\Chalearn\first-impressions\val\GWOtluILlk4.004.mp4,validation
C:\Users\athas\Downloads\Chalearn\first-impressions\val\gZblxCs4EV4.002.mp4,validation
C:\Users\athas\Downloads\Chalearn\first-impressions\val\gZzB49daFfA.000.mp4,validation
C:\Users\athas\Downloads\Chalearn\first-impressions\val\H0_4dZMjUow.000.mp4,validation
C:\Users\athas\Downloads\Chalearn\first-impressions\val\h2-_bQdTZYY.005.mp4,validation
C:\Users\athas\Downloads\Chalearn\first-impressions\val\H523MhINmbA.000.mp4,validation
C:\Users\athas\Downloads\Chalearn\first-impressions\val\h6LOjpCRXtY.003.mp4,validation
C:\Users\athas\Downloads\Chalearn\first-impressions\val\h6LOjpCRXtY.005.mp4,validation
C:\Users\athas\Downloads\Chalearn\first-impressions\val\H6s9aFAQP3M.003.mp4,validation
C:\Users\athas\Downloads\Chalearn\first-impressions\val\h7qbP1GS50U.000.mp4,validation
C:\Users\athas\Downloads\Chalearn\first-impressions\val\H8h4fAGgV18.004.mp4,validation
C:\Users\athas\Downloads\Chalearn\first-impressions\val\HbGeoKBULAA.000.mp4,validation
C:\Users\athas\Downloads\Chalearn\first-impressions\val\HCkDd0UnUgo.001.mp4,validation
C:\Users\athas\Downloads\Chalearn\first-impressions\val\HCkDd0UnUgo.005.mp4,validation
C:\Users\athas\Downloads\Chalearn\first-impressions\val\hDqsuyVeWmw.002.mp4,validation
C:\Users\athas\Downloads\Chalearn\first-impressions\val\hDqsuyVeWmw.005.mp4,validation
C:\Users\athas\Downloads\Chalearn\first-impressions\val\heE4ZZXwehI.000.mp4,validation
C:\Users\athas\Downloads\Chalearn\first-impressions\val\heE4ZZXwehI.004.mp4,validation
C:\Users\athas\Downloads\Chalearn\first-impressions\val\HekcZ0Em60E.003.mp4,validation
C:\Users\athas\Downloads\Chalearn\first-impressions\val\hG0I7DLSSYg.000.mp4,validation
C:\Users\athas\Downloads\Chalearn\first-impressions\val\hG0I7DLSSYg.004.mp4,validation
C:\Users\athas\Downloads\Chalearn\first-impressions\val\HH03EXo0TB0.000.mp4,validation
C:\Users\athas\Downloads\Chalearn\first-impressions\val\HH03EXo0TB0.003.mp4,validation
C:\Users\athas\Downloads\Chalearn\first-impressions\val\HH14jGFGuL0.001.mp4,validation
C:\Users\athas\Downloads\Chalearn\first-impressions\val\HhC2cGFFZeY.002.mp4,validation
C:\Users\athas\Downloads\Chalearn\first-impressions\val\hIxLNK_x_QA.004.mp4,validation
C:\Users\athas\Downloads\Chalearn\first-impressions\val\hjQpiGBO1Ao.000.mp4,validation
C:\Users\athas\Downloads\Chalearn\first-impressions\val\hK5lmI9pwck.001.mp4,validation
C:\Users\athas\Downloads\Chalearn\first-impressions\val\Hklc55y7vUI.002.mp4,validation
C:\Users\athas\Downloads\Chalearn\first-impressions\val\HKSgsi7HWWI.000.mp4,validation
C:\Users\athas\Downloads\Chalearn\first-impressions\val\Hm5K_K0v718.005.mp4,validation
C:\Users\athas\Downloads\Chalearn\first-impressions\val\hnMp0eX28es.002.mp4,validation
C:\Users\athas\Downloads\Chalearn\first-impressions\val\hnWMsZEQWt4.000.mp4,validation
C:\Users\athas\Downloads\Chalearn\first-impressions\val\HPEemWelY1E.003.mp4,validation
C:\Users\athas\Downloads\Chalearn\first-impressions\val\HQDkoaHULbw.005.mp4,validation
C:\Users\athas\Downloads\Chalearn\first-impressions\val\hqe-8SMJGmc.000.mp4,validation
C:\Users\athas\Downloads\Chalearn\first-impressions\val\hqe-8SMJGmc.002.mp4,validation
C:\Users\athas\Downloads\Chalearn\first-impressions\val\hqe-8SMJGmc.004.mp4,validation
C:\Users\athas\Downloads\Chalearn\first-impressions\val\hqe-8SMJGmc.005.mp4,validation
C:\Users\athas\Downloads\Chalearn\first-impressions\val\hquzfo9MVDo.004.mp4,validation
C:\Users\athas\Downloads\Chalearn\first-impressions\val\HQZD4j8_FR8.004.mp4,validation
C:\Users\athas\Downloads\Chalearn\first-impressions\val\hrat_RJczFM.000.mp4,validation
C:\Users\athas\Downloads\Chalearn\first-impressions\val\HrddpXxWFns.001.mp4,validation
C:\Users\athas\Downloads\Chalearn\first-impressions\val\HrddpXxWFns.004.mp4,validation
C:\Users\athas\Downloads\Chalearn\first-impressions\val\HrddpXxWFns.005.mp4,validation
C:\Users\athas\Downloads\Chalearn\first-impressions\val\hspeWl-Bip0.000.mp4,validation
C:\Users\athas\Downloads\Chalearn\first-impressions\val\HT_8WpgGqjk.002.mp4,validation
C:\Users\athas\Downloads\Chalearn\first-impressions\val\HT_8WpgGqjk.005.mp4,validation
C:\Users\athas\Downloads\Chalearn\first-impressions\val\huIQlWsIEvY.001.mp4,validation
C:\Users\athas\Downloads\Chalearn\first-impressions\val\huIQlWsIEvY.002.mp4,validation
C:\Users\athas\Downloads\Chalearn\first-impressions\val\hvGLlMhj7iE.002.mp4,validation
C:\Users\athas\Downloads\Chalearn\first-impressions\val\HWuh0biZQ_c.004.mp4,validation
C:\Users\athas\Downloads\Chalearn\first-impressions\val\HwZlfygV2eU.004.mp4,validation
C:\Users\athas\Downloads\Chalearn\first-impressions\val\HX-3jJdK7HM.005.mp4,validation
C:\Users\athas\Downloads\Chalearn\first-impressions\val\h_GDQ9_H1es.000.mp4,validation
C:\Users\athas\Downloads\Chalearn\first-impressions\val\I01_ubtktEQ.000.mp4,validation
C:\Users\athas\Downloads\Chalearn\first-impressions\val\i3s5XtbhSrE.004.mp4,validation
C:\Users\athas\Downloads\Chalearn\first-impressions\val\i4IVTm3uvoM.003.mp4,validation
C:\Users\athas\Downloads\Chalearn\first-impressions\val\i4IVTm3uvoM.004.mp4,validation
C:\Users\athas\Downloads\Chalearn\first-impressions\val\I53JQFtiQxM.001.mp4,validation
C:\Users\athas\Downloads\Chalearn\first-impressions\val\I53JQFtiQxM.003.mp4,validation
C:\Users\athas\Downloads\Chalearn\first-impressions\val\I5x9T9ftW18.002.mp4,validation
C:\Users\athas\Downloads\Chalearn\first-impressions\val\ibawV2tqKug.002.mp4,validation
C:\Users\athas\Downloads\Chalearn\first-impressions\val\ibawV2tqKug.003.mp4,validation
C:\Users\athas\Downloads\Chalearn\first-impressions\val\ic_LECbCm5M.005.mp4,validation
C:\Users\athas\Downloads\Chalearn\first-impressions\val\Ie2y_yOeKpo.001.mp4,validation
C:\Users\athas\Downloads\Chalearn\first-impressions\val\Ie2y_yOeKpo.003.mp4,validation
C:\Users\athas\Downloads\Chalearn\first-impressions\val\Ie2y_yOeKpo.005.mp4,validation
C:\Users\athas\Downloads\Chalearn\first-impressions\val\If96Xniy6Go.002.mp4,validation
C:\Users\athas\Downloads\Chalearn\first-impressions\val\IFF47jVKMj8.001.mp4,validation
C:\Users\athas\Downloads\Chalearn\first-impressions\val\iFSF6v3xw_k.000.mp4,validation
C:\Users\athas\Downloads\Chalearn\first-impressions\val\iGBVrJMr62U.004.mp4,validation
C:\Users\athas\Downloads\Chalearn\first-impressions\val\IGjI8aP14gg.003.mp4,validation
C:\Users\athas\Downloads\Chalearn\first-impressions\val\iiW_nu6JITY.000.mp4,validation
C:\Users\athas\Downloads\Chalearn\first-impressions\val\iiW_nu6JITY.003.mp4,validation
C:\Users\athas\Downloads\Chalearn\first-impressions\val\iJGHwoJKEpA.000.mp4,validation
C:\Users\athas\Downloads\Chalearn\first-impressions\val\ikCqtEGQbrg.000.mp4,validation
C:\Users\athas\Downloads\Chalearn\first-impressions\val\ikCqtEGQbrg.003.mp4,validation
C:\Users\athas\Downloads\Chalearn\first-impressions\val\ilOi-sQo9HI.003.mp4,validation
C:\Users\athas\Downloads\Chalearn\first-impressions\val\IMCEXoAkZv4.003.mp4,validation
C:\Users\athas\Downloads\Chalearn\first-impressions\val\IMCEXoAkZv4.004.mp4,validation
C:\Users\athas\Downloads\Chalearn\first-impressions\val\in-HuMgiDCE.000.mp4,validation
C:\Users\athas\Downloads\Chalearn\first-impressions\val\ins5QQc2dR0.000.mp4,validation
C:\Users\athas\Downloads\Chalearn\first-impressions\val\ins5QQc2dR0.002.mp4,validation
C:\Users\athas\Downloads\Chalearn\first-impressions\val\io0aNQE8En8.004.mp4,validation
C:\Users\athas\Downloads\Chalearn\first-impressions\val\iOB65zCiOFM.000.mp4,validation
C:\Users\athas\Downloads\Chalearn\first-impressions\val\iOB65zCiOFM.005.mp4,validation
C:\Users\athas\Downloads\Chalearn\first-impressions\val\iOv0_RdVPCM.004.mp4,validation
C:\Users\athas\Downloads\Chalearn\first-impressions\val\ipP--IqIuWU.000.mp4,validation
C:\Users\athas\Downloads\Chalearn\first-impressions\val\IQdz0Pd-L2Y.000.mp4,validation
C:\Users\athas\Downloads\Chalearn\first-impressions\val\IQdz0Pd-L2Y.002.mp4,validation
C:\Users\athas\Downloads\Chalearn\first-impressions\val\IQNNEfYYYiw.003.mp4,validation
C:\Users\athas\Downloads\Chalearn\first-impressions\val\iqs7mZbg5UI.002.mp4,validation
C:\Users\athas\Downloads\Chalearn\first-impressions\val\iqs7mZbg5UI.003.mp4,validation
C:\Users\athas\Downloads\Chalearn\first-impressions\val\iqs7mZbg5UI.004.mp4,validation
C:\Users\athas\Downloads\Chalearn\first-impressions\val\iQvoDdxt06M.004.mp4,validation
C:\Users\athas\Downloads\Chalearn\first-impressions\val\Isa3WdmciZQ.005.mp4,validation
C:\Users\athas\Downloads\Chalearn\first-impressions\val\It0-yCwOc5k.004.mp4,validation
C:\Users\athas\Downloads\Chalearn\first-impressions\val\It0-yCwOc5k.005.mp4,validation
C:\Users\athas\Downloads\Chalearn\first-impressions\val\itQ2wSlXqCw.002.mp4,validation
C:\Users\athas\Downloads\Chalearn\first-impressions\val\itQ2wSlXqCw.004.mp4,validation
C:\Users\athas\Downloads\Chalearn\first-impressions\val\IV01x2GS61g.002.mp4,validation
C:\Users\athas\Downloads\Chalearn\first-impressions\val\IV01x2GS61g.005.mp4,validation
C:\Users\athas\Downloads\Chalearn\first-impressions\val\ivcVlDXJCDo.004.mp4,validation
C:\Users\athas\Downloads\Chalearn\first-impressions\val\ivpw58MIRtQ.004.mp4,validation
C:\Users\athas\Downloads\Chalearn\first-impressions\val\iW1t-ZiG2rc.002.mp4,validation
C:\Users\athas\Downloads\Chalearn\first-impressions\val\IyBCZySg-c4.005.mp4,validation
C:\Users\athas\Downloads\Chalearn\first-impressions\val\iz_eT0DXx3s.001.mp4,validation
C:\Users\athas\Downloads\Chalearn\first-impressions\val\j-F-t4BS0yM.002.mp4,validation
C:\Users\athas\Downloads\Chalearn\first-impressions\val\j08b_trEQrU.001.mp4,validation
C:\Users\athas\Downloads\Chalearn\first-impressions\val\J30sMEMrKjA.004.mp4,validation
C:\Users\athas\Downloads\Chalearn\first-impressions\val\j5fXaXrNPoA.003.mp4,validation
C:\Users\athas\Downloads\Chalearn\first-impressions\val\J5Q9cutAmY8.001.mp4,validation
C:\Users\athas\Downloads\Chalearn\first-impressions\val\J6RHl6U6Jcw.001.mp4,validation
C:\Users\athas\Downloads\Chalearn\first-impressions\val\j6Rvmjjp7pU.003.mp4,validation
C:\Users\athas\Downloads\Chalearn\first-impressions\val\j7VLzb0qw8Q.003.mp4,validation
C:\Users\athas\Downloads\Chalearn\first-impressions\val\J9WyswA0vow.004.mp4,validation
C:\Users\athas\Downloads\Chalearn\first-impressions\val\JBiq9X_-r84.001.mp4,validation
C:\Users\athas\Downloads\Chalearn\first-impressions\val\JBiq9X_-r84.003.mp4,validation
C:\Users\athas\Downloads\Chalearn\first-impressions\val\JBiq9X_-r84.005.mp4,validation
C:\Users\athas\Downloads\Chalearn\first-impressions\val\JciLbidX1Q8.001.mp4,validation
C:\Users\athas\Downloads\Chalearn\first-impressions\val\Jcw9NZkMn6I.001.mp4,validation
C:\Users\athas\Downloads\Chalearn\first-impressions\val\Jcw9NZkMn6I.002.mp4,validation
C:\Users\athas\Downloads\Chalearn\first-impressions\val\jd9_8OPxM3A.001.mp4,validation
C:\Users\athas\Downloads\Chalearn\first-impressions\val\jd9_8OPxM3A.002.mp4,validation
C:\Users\athas\Downloads\Chalearn\first-impressions\val\jd9_8OPxM3A.003.mp4,validation
C:\Users\athas\Downloads\Chalearn\first-impressions\val\jd9_8OPxM3A.004.mp4,validation
C:\Users\athas\Downloads\Chalearn\first-impressions\val\jdli4DDP7XM.000.mp4,validation
C:\Users\athas\Downloads\Chalearn\first-impressions\val\JEhC58vobs4.000.mp4,validation
C:\Users\athas\Downloads\Chalearn\first-impressions\val\JEualxMkaE4.001.mp4,validation
C:\Users\athas\Downloads\Chalearn\first-impressions\val\Jf8lqSpAjZ8.000.mp4,validation
C:\Users\athas\Downloads\Chalearn\first-impressions\val\Jf8lqSpAjZ8.003.mp4,validation
C:\Users\athas\Downloads\Chalearn\first-impressions\val\jFx6AEw6viQ.000.mp4,validation
C:\Users\athas\Downloads\Chalearn\first-impressions\val\Jh8yMyNZkuo.002.mp4,validation
C:\Users\athas\Downloads\Chalearn\first-impressions\val\Jhz5ssCKaug.000.mp4,validation
C:\Users\athas\Downloads\Chalearn\first-impressions\val\Jhz5ssCKaug.004.mp4,validation
C:\Users\athas\Downloads\Chalearn\first-impressions\val\JiXJeI5_jGM.001.mp4,validation
C:\Users\athas\Downloads\Chalearn\first-impressions\val\JKDEEwxZwrw.000.mp4,validation
C:\Users\athas\Downloads\Chalearn\first-impressions\val\JKDEEwxZwrw.004.mp4,validation
C:\Users\athas\Downloads\Chalearn\first-impressions\val\jKHaHWuaU14.000.mp4,validation
C:\Users\athas\Downloads\Chalearn\first-impressions\val\jKHaHWuaU14.002.mp4,validation
C:\Users\athas\Downloads\Chalearn\first-impressions\val\jKHaHWuaU14.003.mp4,validation
C:\Users\athas\Downloads\Chalearn\first-impressions\val\jKHaHWuaU14.005.mp4,validation
C:\Users\athas\Downloads\Chalearn\first-impressions\val\jlHKgXrxCu8.002.mp4,validation
C:\Users\athas\Downloads\Chalearn\first-impressions\val\jlHKgXrxCu8.003.mp4,validation
C:\Users\athas\Downloads\Chalearn\first-impressions\val\jmuVZ3HBiWA.005.mp4,validation
C:\Users\athas\Downloads\Chalearn\first-impressions\val\Jn76eAPxjNA.000.mp4,validation
C:\Users\athas\Downloads\Chalearn\first-impressions\val\jnEHHvlBgxE.001.mp4,validation
C:\Users\athas\Downloads\Chalearn\first-impressions\val\jolhoLhAurM.000.mp4,validation
C:\Users\athas\Downloads\Chalearn\first-impressions\val\Jp-Hu7yxqR8.002.mp4,validation
C:\Users\athas\Downloads\Chalearn\first-impressions\val\jPpZkVzQywk.002.mp4,validation
C:\Users\athas\Downloads\Chalearn\first-impressions\val\jPpZkVzQywk.004.mp4,validation
C:\Users\athas\Downloads\Chalearn\first-impressions\val\jpPZVmzleAo.003.mp4,validation
C:\Users\athas\Downloads\Chalearn\first-impressions\val\jpPZVmzleAo.005.mp4,validation
C:\Users\athas\Downloads\Chalearn\first-impressions\val\jpRnHWTLDUs.001.mp4,validation
C:\Users\athas\Downloads\Chalearn\first-impressions\val\jpRnHWTLDUs.002.mp4,validation
C:\Users\athas\Downloads\Chalearn\first-impressions\val\jq1dLOVUQJA.003.mp4,validation
C:\Users\athas\Downloads\Chalearn\first-impressions\val\Jr6GmDtvTK0.001.mp4,validation
C:\Users\athas\Downloads\Chalearn\first-impressions\val\jrhvXPaXo-0.001.mp4,validation
C:\Users\athas\Downloads\Chalearn\first-impressions\val\jrhvXPaXo-0.002.mp4,validation
C:\Users\athas\Downloads\Chalearn\first-impressions\val\jrhvXPaXo-0.005.mp4,validation
C:\Users\athas\Downloads\Chalearn\first-impressions\val\jTkEWnuDnbA.005.mp4,validation
C:\Users\athas\Downloads\Chalearn\first-impressions\val\JTmq4k4uQCY.004.mp4,validation
C:\Users\athas\Downloads\Chalearn\first-impressions\val\JU_XfoyZIVM.000.mp4,validation
C:\Users\athas\Downloads\Chalearn\first-impressions\val\jVGTEDAYWZ8.002.mp4,validation
C:\Users\athas\Downloads\Chalearn\first-impressions\val\jwcSbw4NDn0.000.mp4,validation
C:\Users\athas\Downloads\Chalearn\first-impressions\val\JxxF9y61ujA.001.mp4,validation
C:\Users\athas\Downloads\Chalearn\first-impressions\val\Jy716zClCKs.001.mp4,validation
C:\Users\athas\Downloads\Chalearn\first-impressions\val\jZDlFzVUZwY.004.mp4,validation
C:\Users\athas\Downloads\Chalearn\first-impressions\val\jZl3Rq1MRQg.001.mp4,validation
C:\Users\athas\Downloads\Chalearn\first-impressions\val\JzXnxQDnwWE.005.mp4,validation
C:\Users\athas\Downloads\Chalearn\first-impressions\val\K-Z_mLE8nlo.000.mp4,validation
C:\Users\athas\Downloads\Chalearn\first-impressions\val\K-Z_mLE8nlo.001.mp4,validation
C:\Users\athas\Downloads\Chalearn\first-impressions\val\k2buv6xZ4_o.002.mp4,validation
C:\Users\athas\Downloads\Chalearn\first-impressions\val\K3-YXXLR0Ho.001.mp4,validation
C:\Users\athas\Downloads\Chalearn\first-impressions\val\k4eeYoHtnnI.002.mp4,validation
C:\Users\athas\Downloads\Chalearn\first-impressions\val\k4eeYoHtnnI.003.mp4,validation
C:\Users\athas\Downloads\Chalearn\first-impressions\val\k4eeYoHtnnI.005.mp4,validation
C:\Users\athas\Downloads\Chalearn\first-impressions\val\k4QmzZuQl9s.002.mp4,validation
C:\Users\athas\Downloads\Chalearn\first-impressions\val\K9h_wA30XgM.000.mp4,validation
C:\Users\athas\Downloads\Chalearn\first-impressions\val\K9h_wA30XgM.001.mp4,validation
C:\Users\athas\Downloads\Chalearn\first-impressions\val\K9ZTOb6PbfQ.002.mp4,validation
C:\Users\athas\Downloads\Chalearn\first-impressions\val\K9ZTOb6PbfQ.003.mp4,validation
C:\Users\athas\Downloads\Chalearn\first-impressions\val\kAjvzIWWrWA.001.mp4,validation
C:\Users\athas\Downloads\Chalearn\first-impressions\val\KB09jENVJ_0.001.mp4,validation
C:\Users\athas\Downloads\Chalearn\first-impressions\val\KB09jENVJ_0.003.mp4,validation
C:\Users\athas\Downloads\Chalearn\first-impressions\val\Kbcvurfuvhk.001.mp4,validation
C:\Users\athas\Downloads\Chalearn\first-impressions\val\Kbcvurfuvhk.003.mp4,validation
C:\Users\athas\Downloads\Chalearn\first-impressions\val\kco35S1k5Ks.001.mp4,validation
C:\Users\athas\Downloads\Chalearn\first-impressions\val\kDJigDGDJTo.004.mp4,validation
C:\Users\athas\Downloads\Chalearn\first-impressions\val\kdPRPO3wgg0.003.mp4,validation
C:\Users\athas\Downloads\Chalearn\first-impressions\val\keW8-eSiQ70.001.mp4,validation
C:\Users\athas\Downloads\Chalearn\first-impressions\val\keW8-eSiQ70.002.mp4,validation
C:\Users\athas\Downloads\Chalearn\first-impressions\val\keW8-eSiQ70.005.mp4,validation
C:\Users\athas\Downloads\Chalearn\first-impressions\val\kFak4VnRnRM.002.mp4,validation
C:\Users\athas\Downloads\Chalearn\first-impressions\val\KfurkMyjD-c.000.mp4,validation
C:\Users\athas\Downloads\Chalearn\first-impressions\val\KfurkMyjD-c.005.mp4,validation
C:\Users\athas\Downloads\Chalearn\first-impressions\val\khCsAN1Bk_I.004.mp4,validation
C:\Users\athas\Downloads\Chalearn\first-impressions\val\KhMsmtSC5Lg.004.mp4,validation
C:\Users\athas\Downloads\Chalearn\first-impressions\val\KHQJhOzdrYo.005.mp4,validation
C:\Users\athas\Downloads\Chalearn\first-impressions\val\KIhpjwf5uAA.004.mp4,validation
C:\Users\athas\Downloads\Chalearn\first-impressions\val\kJLeYUobR0M.000.mp4,validation
C:\Users\athas\Downloads\Chalearn\first-impressions\val\KJP4SKS2vtY.001.mp4,validation
C:\Users\athas\Downloads\Chalearn\first-impressions\val\KJP4SKS2vtY.005.mp4,validation
C:\Users\athas\Downloads\Chalearn\first-impressions\val\kK4QL7pOrhs.005.mp4,validation
C:\Users\athas\Downloads\Chalearn\first-impressions\val\kK534gUcRF4.003.mp4,validation
C:\Users\athas\Downloads\Chalearn\first-impressions\val\kKRc2aXzQyM.003.mp4,validation
C:\Users\athas\Downloads\Chalearn\first-impressions\val\KM6Nc_VipyQ.003.mp4,validation
C:\Users\athas\Downloads\Chalearn\first-impressions\val\KmHe8urs3LI.000.mp4,validation
C:\Users\athas\Downloads\Chalearn\first-impressions\val\Kmrd1MsZKmQ.004.mp4,validation
C:\Users\athas\Downloads\Chalearn\first-impressions\val\KnbEca4Ibwk.001.mp4,validation
C:\Users\athas\Downloads\Chalearn\first-impressions\val\knpgk7LAMb0.001.mp4,validation
C:\Users\athas\Downloads\Chalearn\first-impressions\val\kppgmuWEv-A.002.mp4,validation
C:\Users\athas\Downloads\Chalearn\first-impressions\val\Kpto8K_B-5A.001.mp4,validation
C:\Users\athas\Downloads\Chalearn\first-impressions\val\kPXVZD3ac8s.000.mp4,validation
C:\Users\athas\Downloads\Chalearn\first-impressions\val\kPXVZD3ac8s.002.mp4,validation
C:\Users\athas\Downloads\Chalearn\first-impressions\val\kSk-rf7a1Ig.002.mp4,validation
C:\Users\athas\Downloads\Chalearn\first-impressions\val\kSk-rf7a1Ig.004.mp4,validation
C:\Users\athas\Downloads\Chalearn\first-impressions\val\KskDPaLfZNQ.001.mp4,validation
C:\Users\athas\Downloads\Chalearn\first-impressions\val\kUpkeJDcxaE.001.mp4,validation
C:\Users\athas\Downloads\Chalearn\first-impressions\val\kUpkeJDcxaE.004.mp4,validation
C:\Users\athas\Downloads\Chalearn\first-impressions\val\Kv0kZgqZEM0.000.mp4,validation
C:\Users\athas\Downloads\Chalearn\first-impressions\val\Kv0kZgqZEM0.002.mp4,validation
C:\Users\athas\Downloads\Chalearn\first-impressions\val\kV7MFI2_ddo.001.mp4,validation
C:\Users\athas\Downloads\Chalearn\first-impressions\val\kV7MFI2_ddo.004.mp4,validation
C:\Users\athas\Downloads\Chalearn\first-impressions\val\KVepk_9iPEU.003.mp4,validation
C:\Users\athas\Downloads\Chalearn\first-impressions\val\KVepk_9iPEU.004.mp4,validation
C:\Users\athas\Downloads\Chalearn\first-impressions\val\kvNiQ7LVQnY.000.mp4,validation
C:\Users\athas\Downloads\Chalearn\first-impressions\val\kxJVM1-pYxc.005.mp4,validation
C:\Users\athas\Downloads\Chalearn\first-impressions\val\kxlqIrk0WnY.000.mp4,validation
C:\Users\athas\Downloads\Chalearn\first-impressions\val\KYkfjIZEScM.004.mp4,validation
C:\Users\athas\Downloads\Chalearn\first-impressions\val\kyq-X4IFMtw.004.mp4,validation
C:\Users\athas\Downloads\Chalearn\first-impressions\val\KYvbRwTCtaU.004.mp4,validation
C:\Users\athas\Downloads\Chalearn\first-impressions\val\KYvMsMLNGvY.000.mp4,validation
C:\Users\athas\Downloads\Chalearn\first-impressions\val\KYvMsMLNGvY.003.mp4,validation
C:\Users\athas\Downloads\Chalearn\first-impressions\val\kY_4WyAXxrQ.005.mp4,validation
C:\Users\athas\Downloads\Chalearn\first-impressions\val\L-C1blPD_ec.002.mp4,validation
C:\Users\athas\Downloads\Chalearn\first-impressions\val\l-WgXcGLdZk.000.mp4,validation
C:\Users\athas\Downloads\Chalearn\first-impressions\val\l1V-DuJ-WgU.003.mp4,validation
C:\Users\athas\Downloads\Chalearn\first-impressions\val\l3IoZ_QmOQo.002.mp4,validation
C:\Users\athas\Downloads\Chalearn\first-impressions\val\l3RE0rN7oEg.004.mp4,validation
C:\Users\athas\Downloads\Chalearn\first-impressions\val\L4Jlm0vGsvc.001.mp4,validation
C:\Users\athas\Downloads\Chalearn\first-impressions\val\L4uFD6434Pc.004.mp4,validation
C:\Users\athas\Downloads\Chalearn\first-impressions\val\L5kpy0SA7os.002.mp4,validation
C:\Users\athas\Downloads\Chalearn\first-impressions\val\L5PkZA1ErYY.000.mp4,validation
C:\Users\athas\Downloads\Chalearn\first-impressions\val\L5PkZA1ErYY.001.mp4,validation
C:\Users\athas\Downloads\Chalearn\first-impressions\val\l8weBJSCHbA.004.mp4,validation
C:\Users\athas\Downloads\Chalearn\first-impressions\val\L9sG80PI1Gw.002.mp4,validation
C:\Users\athas\Downloads\Chalearn\first-impressions\val\lAJWoIcgXlU.003.mp4,validation
C:\Users\athas\Downloads\Chalearn\first-impressions\val\LBKbubsgpE8.005.mp4,validation
C:\Users\athas\Downloads\Chalearn\first-impressions\val\LCafv-LfC3Y.002.mp4,validation
C:\Users\athas\Downloads\Chalearn\first-impressions\val\LeQKH1vAVpg.000.mp4,validation
C:\Users\athas\Downloads\Chalearn\first-impressions\val\lErjGxBb1Bk.000.mp4,validation
C:\Users\athas\Downloads\Chalearn\first-impressions\val\lErjGxBb1Bk.003.mp4,validation
C:\Users\athas\Downloads\Chalearn\first-impressions\val\lErjGxBb1Bk.005.mp4,validation
C:\Users\athas\Downloads\Chalearn\first-impressions\val\LeuT6NgJ6N8.003.mp4,validation
C:\Users\athas\Downloads\Chalearn\first-impressions\val\LeuT6NgJ6N8.005.mp4,validation
C:\Users\athas\Downloads\Chalearn\first-impressions\val\LfvTKoMYLEE.001.mp4,validation
C:\Users\athas\Downloads\Chalearn\first-impressions\val\LGdzP-r_G3U.003.mp4,validation
C:\Users\athas\Downloads\Chalearn\first-impressions\val\LGgx7RVdL2Y.001.mp4,validation
C:\Users\athas\Downloads\Chalearn\first-impressions\val\LGPm8ok6kVo.005.mp4,validation
C:\Users\athas\Downloads\Chalearn\first-impressions\val\LHV4HNK35pM.002.mp4,validation
C:\Users\athas\Downloads\Chalearn\first-impressions\val\liRQoL7SsPw.003.mp4,validation
C:\Users\athas\Downloads\Chalearn\first-impressions\val\lK1HFH7j93c.002.mp4,validation
C:\Users\athas\Downloads\Chalearn\first-impressions\val\lK8qOASUwFE.005.mp4,validation
C:\Users\athas\Downloads\Chalearn\first-impressions\val\LKBoLbWHJYI.001.mp4,validation
C:\Users\athas\Downloads\Chalearn\first-impressions\val\LKc69Et2Jg8.001.mp4,validation
C:\Users\athas\Downloads\Chalearn\first-impressions\val\lkdQjIunxSE.005.mp4,validation
C:\Users\athas\Downloads\Chalearn\first-impressions\val\lKePJbjYiy0.004.mp4,validation
C:\Users\athas\Downloads\Chalearn\first-impressions\val\LKqO2BhfAvM.003.mp4,validation
C:\Users\athas\Downloads\Chalearn\first-impressions\val\LKvxVEI8uVA.000.mp4,validation
C:\Users\athas\Downloads\Chalearn\first-impressions\val\lLObIVKYDUI.001.mp4,validation
C:\Users\athas\Downloads\Chalearn\first-impressions\val\lLWOcztaIBI.005.mp4,validation
C:\Users\athas\Downloads\Chalearn\first-impressions\val\lnawWqnGpMc.001.mp4,validation
C:\Users\athas\Downloads\Chalearn\first-impressions\val\lnawWqnGpMc.003.mp4,validation
C:\Users\athas\Downloads\Chalearn\first-impressions\val\lNG_XdqMf0g.001.mp4,validation
C:\Users\athas\Downloads\Chalearn\first-impressions\val\LNM1i-a9q_A.005.mp4,validation
C:\Users\athas\Downloads\Chalearn\first-impressions\val\Lq4uvcHNiy8.005.mp4,validation
C:\Users\athas\Downloads\Chalearn\first-impressions\val\LRczShwIVbM.002.mp4,validation
C:\Users\athas\Downloads\Chalearn\first-impressions\val\LRU4jLhKaak.001.mp4,validation
C:\Users\athas\Downloads\Chalearn\first-impressions\val\LRU4jLhKaak.004.mp4,validation
C:\Users\athas\Downloads\Chalearn\first-impressions\val\LRU4jLhKaak.005.mp4,validation
C:\Users\athas\Downloads\Chalearn\first-impressions\val\lsVwEApsljU.001.mp4,validation
C:\Users\athas\Downloads\Chalearn\first-impressions\val\lsXw8u4QXIU.005.mp4,validation
C:\Users\athas\Downloads\Chalearn\first-impressions\val\Lt89YrQHF_w.000.mp4,validation
C:\Users\athas\Downloads\Chalearn\first-impressions\val\Lt89YrQHF_w.001.mp4,validation
C:\Users\athas\Downloads\Chalearn\first-impressions\val\LtTR6elruhU.000.mp4,validation
C:\Users\athas\Downloads\Chalearn\first-impressions\val\Lu9UNCSpQZM.001.mp4,validation
C:\Users\athas\Downloads\Chalearn\first-impressions\val\Lu9UNCSpQZM.002.mp4,validation
C:\Users\athas\Downloads\Chalearn\first-impressions\val\luH2RoZW-eY.002.mp4,validation
C:\Users\athas\Downloads\Chalearn\first-impressions\val\LvpUVPQKWcQ.004.mp4,validation
C:\Users\athas\Downloads\Chalearn\first-impressions\val\lx6A8s_Ega8.005.mp4,validation
C:\Users\athas\Downloads\Chalearn\first-impressions\val\lxnV9X8T2Zc.005.mp4,validation
C:\Users\athas\Downloads\Chalearn\first-impressions\val\lyznxF-Pj6g.000.mp4,validation
C:\Users\athas\Downloads\Chalearn\first-impressions\val\lyZZSU1ziCQ.000.mp4,validation
C:\Users\athas\Downloads\Chalearn\first-impressions\val\L_gmlaz-0s4.002.mp4,validation
C:\Users\athas\Downloads\Chalearn\first-impressions\val\m04e9ylCoK0.002.mp4,validation
C:\Users\athas\Downloads\Chalearn\first-impressions\val\m04e9ylCoK0.004.mp4,validation
C:\Users\athas\Downloads\Chalearn\first-impressions\val\M0O87_LiyMw.003.mp4,validation
C:\Users\athas\Downloads\Chalearn\first-impressions\val\m0tNIKbEwHE.005.mp4,validation
C:\Users\athas\Downloads\Chalearn\first-impressions\val\m2uxFfpb5xU.000.mp4,validation
C:\Users\athas\Downloads\Chalearn\first-impressions\val\M56UFrEgXnI.000.mp4,validation
C:\Users\athas\Downloads\Chalearn\first-impressions\val\M56UFrEgXnI.002.mp4,validation
C:\Users\athas\Downloads\Chalearn\first-impressions\val\m5kTITzj1bY.000.mp4,validation
C:\Users\athas\Downloads\Chalearn\first-impressions\val\m6JOFpKvkE0.002.mp4,validation
C:\Users\athas\Downloads\Chalearn\first-impressions\val\m6JOFpKvkE0.005.mp4,validation
C:\Users\athas\Downloads\Chalearn\first-impressions\val\m7zdWVDT-34.000.mp4,validation
C:\Users\athas\Downloads\Chalearn\first-impressions\val\m7zdWVDT-34.003.mp4,validation
C:\Users\athas\Downloads\Chalearn\first-impressions\val\M9nVAfSPOZ8.000.mp4,validation
C:\Users\athas\Downloads\Chalearn\first-impressions\val\mAjagYWuT7A.003.mp4,validation
C:\Users\athas\Downloads\Chalearn\first-impressions\val\mAjagYWuT7A.005.mp4,validation
C:\Users\athas\Downloads\Chalearn\first-impressions\val\MajYvFTkKnk.001.mp4,validation
C:\Users\athas\Downloads\Chalearn\first-impressions\val\mBdVuEXRlfQ.002.mp4,validation
C:\Users\athas\Downloads\Chalearn\first-impressions\val\MbufNmC0JL0.001.mp4,validation
C:\Users\athas\Downloads\Chalearn\first-impressions\val\MbunPsukPnQ.004.mp4,validation
C:\Users\athas\Downloads\Chalearn\first-impressions\val\MCqC9VBT4q4.001.mp4,validation
C:\Users\athas\Downloads\Chalearn\first-impressions\val\MCr6FmFAhak.002.mp4,validation
C:\Users\athas\Downloads\Chalearn\first-impressions\val\MCr6FmFAhak.003.mp4,validation
C:\Users\athas\Downloads\Chalearn\first-impressions\val\MD9yyz-OSRs.001.mp4,validation
C:\Users\athas\Downloads\Chalearn\first-impressions\val\MDoZUDTSayc.001.mp4,validation
C:\Users\athas\Downloads\Chalearn\first-impressions\val\MDoZUDTSayc.002.mp4,validation
C:\Users\athas\Downloads\Chalearn\first-impressions\val\mDRMCwSD3Ms.001.mp4,validation
C:\Users\athas\Downloads\Chalearn\first-impressions\val\mDRMCwSD3Ms.004.mp4,validation
C:\Users\athas\Downloads\Chalearn\first-impressions\val\MDTC4y4ZrSM.000.mp4,validation
C:\Users\athas\Downloads\Chalearn\first-impressions\val\me15sHPOjKo.001.mp4,validation
C:\Users\athas\Downloads\Chalearn\first-impressions\val\Me22JENkhJA.001.mp4,validation
C:\Users\athas\Downloads\Chalearn\first-impressions\val\Me22JENkhJA.002.mp4,validation
C:\Users\athas\Downloads\Chalearn\first-impressions\val\me5UoRny6NU.000.mp4,validation
C:\Users\athas\Downloads\Chalearn\first-impressions\val\me9kzWYVEoI.000.mp4,validation
C:\Users\athas\Downloads\Chalearn\first-impressions\val\mEQBB6XsJFk.000.mp4,validation
C:\Users\athas\Downloads\Chalearn\first-impressions\val\mEQBB6XsJFk.004.mp4,validation
C:\Users\athas\Downloads\Chalearn\first-impressions\val\mfcs3Ta49K8.000.mp4,validation
C:\Users\athas\Downloads\Chalearn\first-impressions\val\mfGhtr0zy3k.000.mp4,validation
C:\Users\athas\Downloads\Chalearn\first-impressions\val\mfGhtr0zy3k.005.mp4,validation
C:\Users\athas\Downloads\Chalearn\first-impressions\val\mFz5Fbs97QA.001.mp4,validation
C:\Users\athas\Downloads\Chalearn\first-impressions\val\mhvkJjOAjYI.001.mp4,validation
C:\Users\athas\Downloads\Chalearn\first-impressions\val\mIQnQ8Nmj-c.000.mp4,validation
C:\Users\athas\Downloads\Chalearn\first-impressions\val\mIQnQ8Nmj-c.003.mp4,validation
C:\Users\athas\Downloads\Chalearn\first-impressions\val\MI_GQLbnoew.005.mp4,validation
C:\Users\athas\Downloads\Chalearn\first-impressions\val\mKsGK9nCTxw.004.mp4,validation
C:\Users\athas\Downloads\Chalearn\first-impressions\val\mKWscEow1U8.001.mp4,validation
C:\Users\athas\Downloads\Chalearn\first-impressions\val\mKWscEow1U8.004.mp4,validation
C:\Users\athas\Downloads\Chalearn\first-impressions\val\MLCIfM5jYlI.003.mp4,validation
C:\Users\athas\Downloads\Chalearn\first-impressions\val\MLCIfM5jYlI.005.mp4,validation
C:\Users\athas\Downloads\Chalearn\first-impressions\val\mlXZQ8dO0nQ.001.mp4,validation
C:\Users\athas\Downloads\Chalearn\first-impressions\val\mlXZQ8dO0nQ.002.mp4,validation
C:\Users\athas\Downloads\Chalearn\first-impressions\val\mLZw7Hf8AYI.000.mp4,validation
C:\Users\athas\Downloads\Chalearn\first-impressions\val\mLZw7Hf8AYI.001.mp4,validation
C:\Users\athas\Downloads\Chalearn\first-impressions\val\MnARi5OWW9Q.003.mp4,validation
C:\Users\athas\Downloads\Chalearn\first-impressions\val\modNfUPt3F4.002.mp4,validation
C:\Users\athas\Downloads\Chalearn\first-impressions\val\modNfUPt3F4.003.mp4,validation
C:\Users\athas\Downloads\Chalearn\first-impressions\val\MOobNUpfWiY.003.mp4,validation
C:\Users\athas\Downloads\Chalearn\first-impressions\val\MOXPVzRBDPo.000.mp4,validation
C:\Users\athas\Downloads\Chalearn\first-impressions\val\mpk5Ubw2fj8.001.mp4,validation
C:\Users\athas\Downloads\Chalearn\first-impressions\val\mpXOSY5dW7c.003.mp4,validation
C:\Users\athas\Downloads\Chalearn\first-impressions\val\mq9NNKmKYdk.002.mp4,validation
C:\Users\athas\Downloads\Chalearn\first-impressions\val\mqDv8688ztg.000.mp4,validation
C:\Users\athas\Downloads\Chalearn\first-impressions\val\mQpNe8f5xA8.001.mp4,validation
C:\Users\athas\Downloads\Chalearn\first-impressions\val\MrfJ1qDJAwo.000.mp4,validation
C:\Users\athas\Downloads\Chalearn\first-impressions\val\mrMp9EorOxE.000.mp4,validation
C:\Users\athas\Downloads\Chalearn\first-impressions\val\MRquWhqw4Jw.001.mp4,validation
C:\Users\athas\Downloads\Chalearn\first-impressions\val\MrYEK0nvnAo.005.mp4,validation
C:\Users\athas\Downloads\Chalearn\first-impressions\val\MsGTYOOp4hE.001.mp4,validation
C:\Users\athas\Downloads\Chalearn\first-impressions\val\MSlMVMM8obY.000.mp4,validation
C:\Users\athas\Downloads\Chalearn\first-impressions\val\MswJxdf-3Fc.003.mp4,validation
C:\Users\athas\Downloads\Chalearn\first-impressions\val\muLgzV1gGao.002.mp4,validation
C:\Users\athas\Downloads\Chalearn\first-impressions\val\MuYYY3XaJ7Q.000.mp4,validation
C:\Users\athas\Downloads\Chalearn\first-impressions\val\MvWDky9ZaWU.001.mp4,validation
C:\Users\athas\Downloads\Chalearn\first-impressions\val\MvWDky9ZaWU.002.mp4,validation
C:\Users\athas\Downloads\Chalearn\first-impressions\val\MvWDky9ZaWU.004.mp4,validation
C:\Users\athas\Downloads\Chalearn\first-impressions\val\mwjoabuP-GM.000.mp4,validation
C:\Users\athas\Downloads\Chalearn\first-impressions\val\mwjoabuP-GM.005.mp4,validation
C:\Users\athas\Downloads\Chalearn\first-impressions\val\mXaI17Dx7u0.002.mp4,validation
C:\Users\athas\Downloads\Chalearn\first-impressions\val\mxLRr3YqgMU.002.mp4,validation
C:\Users\athas\Downloads\Chalearn\first-impressions\val\mxLRr3YqgMU.003.mp4,validation
C:\Users\athas\Downloads\Chalearn\first-impressions\val\mxLRr3YqgMU.005.mp4,validation
C:\Users\athas\Downloads\Chalearn\first-impressions\val\mY1ZTvNVkSA.000.mp4,validation
C:\Users\athas\Downloads\Chalearn\first-impressions\val\mZ2CHgzwDt0.004.mp4,validation
C:\Users\athas\Downloads\Chalearn\first-impressions\val\mZ3vypXAfHg.001.mp4,validation
C:\Users\athas\Downloads\Chalearn\first-impressions\val\mZ3vypXAfHg.004.mp4,validation
C:\Users\athas\Downloads\Chalearn\first-impressions\val\MZkDsB04kt8.005.mp4,validation
C:\Users\athas\Downloads\Chalearn\first-impressions\val\mZQP06F94u8.005.mp4,validation
C:\Users\athas\Downloads\Chalearn\first-impressions\val\mZzWhUI0CP0.001.mp4,validation
C:\Users\athas\Downloads\Chalearn\first-impressions\val\mZzWhUI0CP0.002.mp4,validation
C:\Users\athas\Downloads\Chalearn\first-impressions\val\mZzWhUI0CP0.003.mp4,validation
C:\Users\athas\Downloads\Chalearn\first-impressions\val\mZzWhUI0CP0.004.mp4,validation
C:\Users\athas\Downloads\Chalearn\first-impressions\val\m_2k0dL8CRM.000.mp4,validation
C:\Users\athas\Downloads\Chalearn\first-impressions\val\m_9aygJNij8.000.mp4,validation
C:\Users\athas\Downloads\Chalearn\first-impressions\val\n0acEDmc0mA.001.mp4,validation
C:\Users\athas\Downloads\Chalearn\first-impressions\val\n0acEDmc0mA.004.mp4,validation
C:\Users\athas\Downloads\Chalearn\first-impressions\val\N0s2M3bJkUk.004.mp4,validation
C:\Users\athas\Downloads\Chalearn\first-impressions\val\n2BuwHbdilY.000.mp4,validation
C:\Users\athas\Downloads\Chalearn\first-impressions\val\N5nIQZMW_ig.004.mp4,validation
C:\Users\athas\Downloads\Chalearn\first-impressions\val\N5YT0FFd3-s.001.mp4,validation
C:\Users\athas\Downloads\Chalearn\first-impressions\val\N5YT0FFd3-s.002.mp4,validation
C:\Users\athas\Downloads\Chalearn\first-impressions\val\N5YT0FFd3-s.003.mp4,validation
C:\Users\athas\Downloads\Chalearn\first-impressions\val\N5YT0FFd3-s.005.mp4,validation
C:\Users\athas\Downloads\Chalearn\first-impressions\val\n6JNJurop2U.005.mp4,validation
C:\Users\athas\Downloads\Chalearn\first-impressions\val\N7oR6_oMBFk.001.mp4,validation
C:\Users\athas\Downloads\Chalearn\first-impressions\val\N7oR6_oMBFk.002.mp4,validation
C:\Users\athas\Downloads\Chalearn\first-impressions\val\nB-fPmvZg3U.004.mp4,validation
C:\Users\athas\Downloads\Chalearn\first-impressions\val\nBjBfN9SbpM.000.mp4,validation
C:\Users\athas\Downloads\Chalearn\first-impressions\val\nCWEEoJfjgE.001.mp4,validation
C:\Users\athas\Downloads\Chalearn\first-impressions\val\NDC375coN1o.000.mp4,validation
C:\Users\athas\Downloads\Chalearn\first-impressions\val\NDC375coN1o.003.mp4,validation
C:\Users\athas\Downloads\Chalearn\first-impressions\val\NDC375coN1o.004.mp4,validation
C:\Users\athas\Downloads\Chalearn\first-impressions\val\nDsTSmE73M0.001.mp4,validation
C:\Users\athas\Downloads\Chalearn\first-impressions\val\nEm44UpCKmA.001.mp4,validation
C:\Users\athas\Downloads\Chalearn\first-impressions\val\nEm44UpCKmA.003.mp4,validation
C:\Users\athas\Downloads\Chalearn\first-impressions\val\nex61B854Ms.000.mp4,validation
C:\Users\athas\Downloads\Chalearn\first-impressions\val\NFAlff6GUpA.001.mp4,validation
C:\Users\athas\Downloads\Chalearn\first-impressions\val\NFAlff6GUpA.002.mp4,validation
C:\Users\athas\Downloads\Chalearn\first-impressions\val\nfEhF5GBQpo.001.mp4,validation
C:\Users\athas\Downloads\Chalearn\first-impressions\val\nFP7EEgz0Xg.000.mp4,validation
C:\Users\athas\Downloads\Chalearn\first-impressions\val\ng42eoHytOA.000.mp4,validation
C:\Users\athas\Downloads\Chalearn\first-impressions\val\ng42eoHytOA.004.mp4,validation
C:\Users\athas\Downloads\Chalearn\first-impressions\val\ngB_cSxOjx0.005.mp4,validation
C:\Users\athas\Downloads\Chalearn\first-impressions\val\nHdhGsdsKPI.000.mp4,validation
C:\Users\athas\Downloads\Chalearn\first-impressions\val\NhyVkwcZbTA.000.mp4,validation
C:\Users\athas\Downloads\Chalearn\first-impressions\val\nKLhatlbqEw.003.mp4,validation
C:\Users\athas\Downloads\Chalearn\first-impressions\val\nKx64KH7Xks.000.mp4,validation
C:\Users\athas\Downloads\Chalearn\first-impressions\val\nlIrqbcvqLk.002.mp4,validation
C:\Users\athas\Downloads\Chalearn\first-impressions\val\nlIrqbcvqLk.004.mp4,validation
C:\Users\athas\Downloads\Chalearn\first-impressions\val\nLy7x9kXURM.001.mp4,validation
C:\Users\athas\Downloads\Chalearn\first-impressions\val\nmZRXxKPPuQ.000.mp4,validation
C:\Users\athas\Downloads\Chalearn\first-impressions\val\nndDX4RgU1w.002.mp4,validation
C:\Users\athas\Downloads\Chalearn\first-impressions\val\nndDX4RgU1w.004.mp4,validation
C:\Users\athas\Downloads\Chalearn\first-impressions\val\nndDX4RgU1w.005.mp4,validation
C:\Users\athas\Downloads\Chalearn\first-impressions\val\nOCSTnpB_F4.000.mp4,validation
C:\Users\athas\Downloads\Chalearn\first-impressions\val\noepjVnUVFY.002.mp4,validation
C:\Users\athas\Downloads\Chalearn\first-impressions\val\noepjVnUVFY.004.mp4,validation
C:\Users\athas\Downloads\Chalearn\first-impressions\val\nOFHZ_s7Et4.004.mp4,validation
C:\Users\athas\Downloads\Chalearn\first-impressions\val\NoHext7JXYU.004.mp4,validation
C:\Users\athas\Downloads\Chalearn\first-impressions\val\NOrjfF0-pQ4.000.mp4,validation
C:\Users\athas\Downloads\Chalearn\first-impressions\val\NpiglwrZzsA.000.mp4,validation
C:\Users\athas\Downloads\Chalearn\first-impressions\val\NpiglwrZzsA.003.mp4,validation
C:\Users\athas\Downloads\Chalearn\first-impressions\val\NpkHOa4uIn4.000.mp4,validation
C:\Users\athas\Downloads\Chalearn\first-impressions\val\NPOSIyDF-Sg.002.mp4,validation
C:\Users\athas\Downloads\Chalearn\first-impressions\val\NTATNIs2sSc.002.mp4,validation
C:\Users\athas\Downloads\Chalearn\first-impressions\val\NTSMogqhvBg.003.mp4,validation
C:\Users\athas\Downloads\Chalearn\first-impressions\val\nUazOUcW_AM.002.mp4,validation
C:\Users\athas\Downloads\Chalearn\first-impressions\val\nUbhRInpVbA.002.mp4,validation
C:\Users\athas\Downloads\Chalearn\first-impressions\val\NVvKBE5FTMk.001.mp4,validation
C:\Users\athas\Downloads\Chalearn\first-impressions\val\NYlFsljF0VM.004.mp4,validation
C:\Users\athas\Downloads\Chalearn\first-impressions\val\NyQ2K2J3N0s.001.mp4,validation
C:\Users\athas\Downloads\Chalearn\first-impressions\val\nZC82V87Pm0.001.mp4,validation
C:\Users\athas\Downloads\Chalearn\first-impressions\val\nZC82V87Pm0.003.mp4,validation
C:\Users\athas\Downloads\Chalearn\first-impressions\val\nZz1hK90gwA.001.mp4,validation
C:\Users\athas\Downloads\Chalearn\first-impressions\val\o1mTIo1vPas.003.mp4,validation
C:\Users\athas\Downloads\Chalearn\first-impressions\val\O2wMPdp2-Is.003.mp4,validation
C:\Users\athas\Downloads\Chalearn\first-impressions\val\O2wMPdp2-Is.005.mp4,validation
C:\Users\athas\Downloads\Chalearn\first-impressions\val\o2wtRccAgjE.000.mp4,validation
C:\Users\athas\Downloads\Chalearn\first-impressions\val\o2wtRccAgjE.001.mp4,validation
C:\Users\athas\Downloads\Chalearn\first-impressions\val\o2wtRccAgjE.004.mp4,validation
C:\Users\athas\Downloads\Chalearn\first-impressions\val\o2wtRccAgjE.005.mp4,validation
C:\Users\athas\Downloads\Chalearn\first-impressions\val\O3_j0d7mq7k.003.mp4,validation
C:\Users\athas\Downloads\Chalearn\first-impressions\val\o5eCmKiomvo.000.mp4,validation
C:\Users\athas\Downloads\Chalearn\first-impressions\val\o5eCmKiomvo.003.mp4,validation
C:\Users\athas\Downloads\Chalearn\first-impressions\val\o6JCQlOC3oE.001.mp4,validation
C:\Users\athas\Downloads\Chalearn\first-impressions\val\o6JCQlOC3oE.004.mp4,validation
C:\Users\athas\Downloads\Chalearn\first-impressions\val\o6xswp0D8tc.000.mp4,validation
C:\Users\athas\Downloads\Chalearn\first-impressions\val\o6xswp0D8tc.003.mp4,validation
C:\Users\athas\Downloads\Chalearn\first-impressions\val\O7h-kf7hPIU.003.mp4,validation
C:\Users\athas\Downloads\Chalearn\first-impressions\val\o7J2fWIJndQ.001.mp4,validation
C:\Users\athas\Downloads\Chalearn\first-impressions\val\o7J2fWIJndQ.002.mp4,validation
C:\Users\athas\Downloads\Chalearn\first-impressions\val\O7ke1Wjb1ZM.000.mp4,validation
C:\Users\athas\Downloads\Chalearn\first-impressions\val\o7rFDFvW300.000.mp4,validation
C:\Users\athas\Downloads\Chalearn\first-impressions\val\o7rFDFvW300.001.mp4,validation
C:\Users\athas\Downloads\Chalearn\first-impressions\val\O8L2pHEIcuo.000.mp4,validation
C:\Users\athas\Downloads\Chalearn\first-impressions\val\obr7ktzX8w8.005.mp4,validation
C:\Users\athas\Downloads\Chalearn\first-impressions\val\OcS4H_dFeOc.000.mp4,validation
C:\Users\athas\Downloads\Chalearn\first-impressions\val\OcS4H_dFeOc.004.mp4,validation
C:\Users\athas\Downloads\Chalearn\first-impressions\val\odRqijkG28U.002.mp4,validation
C:\Users\athas\Downloads\Chalearn\first-impressions\val\OdwK_oMdfSU.001.mp4,validation
C:\Users\athas\Downloads\Chalearn\first-impressions\val\Oe7ItP7gS4w.001.mp4,validation
C:\Users\athas\Downloads\Chalearn\first-impressions\val\Oe7ItP7gS4w.003.mp4,validation
C:\Users\athas\Downloads\Chalearn\first-impressions\val\Oe7ItP7gS4w.005.mp4,validation
C:\Users\athas\Downloads\Chalearn\first-impressions\val\OeGMd58Wgsk.001.mp4,validation
C:\Users\athas\Downloads\Chalearn\first-impressions\val\OEKg-Tvwcbk.002.mp4,validation
C:\Users\athas\Downloads\Chalearn\first-impressions\val\oG84VxrGfj0.004.mp4,validation
C:\Users\athas\Downloads\Chalearn\first-impressions\val\oGa05H9UXxU.000.mp4,validation
C:\Users\athas\Downloads\Chalearn\first-impressions\val\OgPC4wnLJR0.000.mp4,validation
C:\Users\athas\Downloads\Chalearn\first-impressions\val\OhHg1lyxe4I.005.mp4,validation
C:\Users\athas\Downloads\Chalearn\first-impressions\val\OiDyfO2zB7s.004.mp4,validation
C:\Users\athas\Downloads\Chalearn\first-impressions\val\OiDyfO2zB7s.005.mp4,validation
C:\Users\athas\Downloads\Chalearn\first-impressions\val\OIRq4d8IyKc.000.mp4,validation
C:\Users\athas\Downloads\Chalearn\first-impressions\val\OIRq4d8IyKc.001.mp4,validation
C:\Users\athas\Downloads\Chalearn\first-impressions\val\oJPdfhG4hT0.000.mp4,validation
C:\Users\athas\Downloads\Chalearn\first-impressions\val\okdZnQbLnf8.003.mp4,validation
C:\Users\athas\Downloads\Chalearn\first-impressions\val\okSmKH2k5lE.000.mp4,validation
C:\Users\athas\Downloads\Chalearn\first-impressions\val\okSmKH2k5lE.003.mp4,validation
C:\Users\athas\Downloads\Chalearn\first-impressions\val\okSmKH2k5lE.004.mp4,validation
C:\Users\athas\Downloads\Chalearn\first-impressions\val\OLFhKCgexRU.003.mp4,validation
C:\Users\athas\Downloads\Chalearn\first-impressions\val\omeHsKF7InA.002.mp4,validation
C:\Users\athas\Downloads\Chalearn\first-impressions\val\OmXuhT4yJpo.003.mp4,validation
C:\Users\athas\Downloads\Chalearn\first-impressions\val\On2c_8sU8Vw.003.mp4,validation
C:\Users\athas\Downloads\Chalearn\first-impressions\val\onbyz01BC_Y.002.mp4,validation
C:\Users\athas\Downloads\Chalearn\first-impressions\val\OovRk5U9_GY.002.mp4,validation
C:\Users\athas\Downloads\Chalearn\first-impressions\val\OoxYhDbzWwg.000.mp4,validation
C:\Users\athas\Downloads\Chalearn\first-impressions\val\OoxYhDbzWwg.004.mp4,validation
C:\Users\athas\Downloads\Chalearn\first-impressions\val\opEoJBrcmbI.000.mp4,validation
C:\Users\athas\Downloads\Chalearn\first-impressions\val\Or2_bP4lWYI.003.mp4,validation
C:\Users\athas\Downloads\Chalearn\first-impressions\val\Os7L5C-i9Fw.002.mp4,validation
C:\Users\athas\Downloads\Chalearn\first-impressions\val\OSDlyk5ZgAk.000.mp4,validation
C:\Users\athas\Downloads\Chalearn\first-impressions\val\OSDlyk5ZgAk.002.mp4,validation
C:\Users\athas\Downloads\Chalearn\first-impressions\val\OSDlyk5ZgAk.003.mp4,validation
C:\Users\athas\Downloads\Chalearn\first-impressions\val\osqQpQsJNPQ.002.mp4,validation
C:\Users\athas\Downloads\Chalearn\first-impressions\val\OTeEvhxpoYE.004.mp4,validation
C:\Users\athas\Downloads\Chalearn\first-impressions\val\oU7zAWm_01o.005.mp4,validation
C:\Users\athas\Downloads\Chalearn\first-impressions\val\OuE91U_n04E.003.mp4,validation
C:\Users\athas\Downloads\Chalearn\first-impressions\val\OuE91U_n04E.005.mp4,validation
C:\Users\athas\Downloads\Chalearn\first-impressions\val\outvbZgNX58.005.mp4,validation
C:\Users\athas\Downloads\Chalearn\first-impressions\val\oVSMxtPpQ0M.004.mp4,validation
C:\Users\athas\Downloads\Chalearn\first-impressions\val\OwI3Q-qUqDw.003.mp4,validation
C:\Users\athas\Downloads\Chalearn\first-impressions\val\owRKOW0ymCM.005.mp4,validation
C:\Users\athas\Downloads\Chalearn\first-impressions\val\OxaBanUE6KE.000.mp4,validation
C:\Users\athas\Downloads\Chalearn\first-impressions\val\OXkDmd3nA94.001.mp4,validation
C:\Users\athas\Downloads\Chalearn\first-impressions\val\oYiWW-Qc0rs.003.mp4,validation
C:\Users\athas\Downloads\Chalearn\first-impressions\val\OZlpENU9h28.001.mp4,validation
C:\Users\athas\Downloads\Chalearn\first-impressions\val\o_kTWEEjtyw.000.mp4,validation
C:\Users\athas\Downloads\Chalearn\first-impressions\val\o_kTWEEjtyw.002.mp4,validation
C:\Users\athas\Downloads\Chalearn\first-impressions\val\p-OcwNFQB0U.000.mp4,validation
C:\Users\athas\Downloads\Chalearn\first-impressions\val\p-OcwNFQB0U.003.mp4,validation
C:\Users\athas\Downloads\Chalearn\first-impressions\val\p-OcwNFQB0U.004.mp4,validation
C:\Users\athas\Downloads\Chalearn\first-impressions\val\p-V78q8dtYo.003.mp4,validation
C:\Users\athas\Downloads\Chalearn\first-impressions\val\P0a209IS614.003.mp4,validation
C:\Users\athas\Downloads\Chalearn\first-impressions\val\P0ZzjnS8E24.001.mp4,validation
C:\Users\athas\Downloads\Chalearn\first-impressions\val\P0ZzjnS8E24.004.mp4,validation
C:\Users\athas\Downloads\Chalearn\first-impressions\val\p1ORMiJ0fPU.000.mp4,validation
C:\Users\athas\Downloads\Chalearn\first-impressions\val\P2B2K7DvUC8.003.mp4,validation
C:\Users\athas\Downloads\Chalearn\first-impressions\val\P2B2K7DvUC8.004.mp4,validation
C:\Users\athas\Downloads\Chalearn\first-impressions\val\P5HWmGQ1sbw.005.mp4,validation
C:\Users\athas\Downloads\Chalearn\first-impressions\val\p5QXPhJS8Ks.004.mp4,validation
C:\Users\athas\Downloads\Chalearn\first-impressions\val\P63CUj9KnSw.000.mp4,validation
C:\Users\athas\Downloads\Chalearn\first-impressions\val\P63CUj9KnSw.002.mp4,validation
C:\Users\athas\Downloads\Chalearn\first-impressions\val\P6CH9Q2wH24.002.mp4,validation
C:\Users\athas\Downloads\Chalearn\first-impressions\val\P6g1mZ3f76U.000.mp4,validation
C:\Users\athas\Downloads\Chalearn\first-impressions\val\P6g1mZ3f76U.005.mp4,validation
C:\Users\athas\Downloads\Chalearn\first-impressions\val\p7-JUvStF4w.001.mp4,validation
C:\Users\athas\Downloads\Chalearn\first-impressions\val\P7poMmhYnM0.003.mp4,validation
C:\Users\athas\Downloads\Chalearn\first-impressions\val\p9tAC-RqZPI.005.mp4,validation
C:\Users\athas\Downloads\Chalearn\first-impressions\val\P9WDAY-MFzk.001.mp4,validation
C:\Users\athas\Downloads\Chalearn\first-impressions\val\P9WDAY-MFzk.005.mp4,validation
C:\Users\athas\Downloads\Chalearn\first-impressions\val\Pb7aNc6Kd40.004.mp4,validation
C:\Users\athas\Downloads\Chalearn\first-impressions\val\Pc-oQQwkIv8.005.mp4,validation
C:\Users\athas\Downloads\Chalearn\first-impressions\val\PdE7qRRCz2c.000.mp4,validation
C:\Users\athas\Downloads\Chalearn\first-impressions\val\PEjFZNkbQos.000.mp4,validation
C:\Users\athas\Downloads\Chalearn\first-impressions\val\pEr7WTIPW64.003.mp4,validation
C:\Users\athas\Downloads\Chalearn\first-impressions\val\pEYFpmjwKC0.005.mp4,validation
C:\Users\athas\Downloads\Chalearn\first-impressions\val\pHCPbKprJGY.004.mp4,validation
C:\Users\athas\Downloads\Chalearn\first-impressions\val\phjVMKGYBKs.000.mp4,validation
C:\Users\athas\Downloads\Chalearn\first-impressions\val\phjVMKGYBKs.003.mp4,validation
C:\Users\athas\Downloads\Chalearn\first-impressions\val\PHmkN1cPl10.001.mp4,validation
C:\Users\athas\Downloads\Chalearn\first-impressions\val\PHmkN1cPl10.002.mp4,validation
C:\Users\athas\Downloads\Chalearn\first-impressions\val\PHoVRr0MQ5c.001.mp4,validation
C:\Users\athas\Downloads\Chalearn\first-impressions\val\PHUlL5ZzX5U.003.mp4,validation
C:\Users\athas\Downloads\Chalearn\first-impressions\val\PHUlL5ZzX5U.004.mp4,validation
C:\Users\athas\Downloads\Chalearn\first-impressions\val\PJxgOFaaUZM.005.mp4,validation
C:\Users\athas\Downloads\Chalearn\first-impressions\val\PK0EPT3k4RM.003.mp4,validation
C:\Users\athas\Downloads\Chalearn\first-impressions\val\Pkgi4--hwfo.003.mp4,validation
C:\Users\athas\Downloads\Chalearn\first-impressions\val\PKtzsEqLGx4.002.mp4,validation
C:\Users\athas\Downloads\Chalearn\first-impressions\val\PKtzsEqLGx4.004.mp4,validation
C:\Users\athas\Downloads\Chalearn\first-impressions\val\pkwzo1OkEmY.004.mp4,validation
C:\Users\athas\Downloads\Chalearn\first-impressions\val\Po4UGCJbCbw.001.mp4,validation
C:\Users\athas\Downloads\Chalearn\first-impressions\val\Po4UGCJbCbw.003.mp4,validation
C:\Users\athas\Downloads\Chalearn\first-impressions\val\Po4UGCJbCbw.004.mp4,validation
C:\Users\athas\Downloads\Chalearn\first-impressions\val\PooFvZH6fK0.000.mp4,validation
C:\Users\athas\Downloads\Chalearn\first-impressions\val\PooFvZH6fK0.002.mp4,validation
C:\Users\athas\Downloads\Chalearn\first-impressions\val\PpJ4S8ZM8mQ.003.mp4,validation
C:\Users\athas\Downloads\Chalearn\first-impressions\val\PpK8b_LrAfQ.002.mp4,validation
C:\Users\athas\Downloads\Chalearn\first-impressions\val\pPtzEnf5afw.004.mp4,validation
C:\Users\athas\Downloads\Chalearn\first-impressions\val\PQBGDxYGaXU.000.mp4,validation
C:\Users\athas\Downloads\Chalearn\first-impressions\val\PQBGDxYGaXU.003.mp4,validation
C:\Users\athas\Downloads\Chalearn\first-impressions\val\Pqy0NgxSvU0.004.mp4,validation
C:\Users\athas\Downloads\Chalearn\first-impressions\val\PReOtefm17s.001.mp4,validation
C:\Users\athas\Downloads\Chalearn\first-impressions\val\PRplbrM70sg.000.mp4,validation
C:\Users\athas\Downloads\Chalearn\first-impressions\val\PSFLaQYVg1I.000.mp4,validation
C:\Users\athas\Downloads\Chalearn\first-impressions\val\PsHb4YHooKM.001.mp4,validation
C:\Users\athas\Downloads\Chalearn\first-impressions\val\PsqpkFKX8co.000.mp4,validation
C:\Users\athas\Downloads\Chalearn\first-impressions\val\PsqpkFKX8co.004.mp4,validation
C:\Users\athas\Downloads\Chalearn\first-impressions\val\pT8nyxks1Q4.000.mp4,validation
C:\Users\athas\Downloads\Chalearn\first-impressions\val\pT8nyxks1Q4.004.mp4,validation
C:\Users\athas\Downloads\Chalearn\first-impressions\val\PtA7yAu9-VE.003.mp4,validation
C:\Users\athas\Downloads\Chalearn\first-impressions\val\PTV5TBVRHxo.001.mp4,validation
C:\Users\athas\Downloads\Chalearn\first-impressions\val\PVm7Om88BSw.004.mp4,validation
C:\Users\athas\Downloads\Chalearn\first-impressions\val\PWAe9M2SxT8.000.mp4,validation
C:\Users\athas\Downloads\Chalearn\first-impressions\val\PWM-bKcs2p8.000.mp4,validation
C:\Users\athas\Downloads\Chalearn\first-impressions\val\PWM-bKcs2p8.003.mp4,validation
C:\Users\athas\Downloads\Chalearn\first-impressions\val\PXJfSp2WvVY.001.mp4,validation
C:\Users\athas\Downloads\Chalearn\first-impressions\val\PXJfSp2WvVY.004.mp4,validation
C:\Users\athas\Downloads\Chalearn\first-impressions\val\PxpbeM9VavA.002.mp4,validation
C:\Users\athas\Downloads\Chalearn\first-impressions\val\PYL8BGJKu20.000.mp4,validation
C:\Users\athas\Downloads\Chalearn\first-impressions\val\PyPFJWirPjs.002.mp4,validation
C:\Users\athas\Downloads\Chalearn\first-impressions\val\PYYC0Jiwfdg.001.mp4,validation
C:\Users\athas\Downloads\Chalearn\first-impressions\val\pzfDth6nFQE.002.mp4,validation
C:\Users\athas\Downloads\Chalearn\first-impressions\val\pzG2VeUbefw.002.mp4,validation
C:\Users\athas\Downloads\Chalearn\first-impressions\val\pZxqWp0e-Ik.002.mp4,validation
C:\Users\athas\Downloads\Chalearn\first-impressions\val\pZxqWp0e-Ik.003.mp4,validation
C:\Users\athas\Downloads\Chalearn\first-impressions\val\p_mu11crx-s.000.mp4,validation
C:\Users\athas\Downloads\Chalearn\first-impressions\val\p_mu11crx-s.002.mp4,validation
C:\Users\athas\Downloads\Chalearn\first-impressions\val\P_wDFLJnW-o.003.mp4,validation
C:\Users\athas\Downloads\Chalearn\first-impressions\val\Q4z4GRUtccE.001.mp4,validation
C:\Users\athas\Downloads\Chalearn\first-impressions\val\Q4z4GRUtccE.003.mp4,validation
C:\Users\athas\Downloads\Chalearn\first-impressions\val\q6au1xn_wIE.000.mp4,validation
C:\Users\athas\Downloads\Chalearn\first-impressions\val\Q6We7dJplls.003.mp4,validation
C:\Users\athas\Downloads\Chalearn\first-impressions\val\Q8bdpKNp698.000.mp4,validation
C:\Users\athas\Downloads\Chalearn\first-impressions\val\Q8Hfg0odW2k.000.mp4,validation
C:\Users\athas\Downloads\Chalearn\first-impressions\val\Q9B3SJkH2Q8.000.mp4,validation
C:\Users\athas\Downloads\Chalearn\first-impressions\val\Qa-yF-tByDM.003.mp4,validation
C:\Users\athas\Downloads\Chalearn\first-impressions\val\qAisk1lgv2I.001.mp4,validation
C:\Users\athas\Downloads\Chalearn\first-impressions\val\qAisk1lgv2I.002.mp4,validation
C:\Users\athas\Downloads\Chalearn\first-impressions\val\qBG1mjC7Zgg.002.mp4,validation
C:\Users\athas\Downloads\Chalearn\first-impressions\val\qCFFW1dM8V8.000.mp4,validation
C:\Users\athas\Downloads\Chalearn\first-impressions\val\qD15qWMepxU.002.mp4,validation
C:\Users\athas\Downloads\Chalearn\first-impressions\val\QdafN9Y_j-Y.000.mp4,validation
C:\Users\athas\Downloads\Chalearn\first-impressions\val\QdafN9Y_j-Y.005.mp4,validation
C:\Users\athas\Downloads\Chalearn\first-impressions\val\qfL0ml0f84g.000.mp4,validation
C:\Users\athas\Downloads\Chalearn\first-impressions\val\QfU5JsVMjfI.002.mp4,validation
C:\Users\athas\Downloads\Chalearn\first-impressions\val\qFYgMFMal_s.001.mp4,validation
C:\Users\athas\Downloads\Chalearn\first-impressions\val\qFYgMFMal_s.002.mp4,validation
C:\Users\athas\Downloads\Chalearn\first-impressions\val\QiPb8vlGDFo.005.mp4,validation
C:\Users\athas\Downloads\Chalearn\first-impressions\val\QiR6yJbFCfM.003.mp4,validation
C:\Users\athas\Downloads\Chalearn\first-impressions\val\qJ6_xSx9kCM.004.mp4,validation
C:\Users\athas\Downloads\Chalearn\first-impressions\val\QJcc95Y0XPw.003.mp4,validation
C:\Users\athas\Downloads\Chalearn\first-impressions\val\qjU3GX3jgSY.000.mp4,validation
C:\Users\athas\Downloads\Chalearn\first-impressions\val\qjU3GX3jgSY.005.mp4,validation
C:\Users\athas\Downloads\Chalearn\first-impressions\val\qjWi69HY2Fc.001.mp4,validation
C:\Users\athas\Downloads\Chalearn\first-impressions\val\qjWi69HY2Fc.002.mp4,validation
C:\Users\athas\Downloads\Chalearn\first-impressions\val\QKcx5msA7iA.001.mp4,validation
C:\Users\athas\Downloads\Chalearn\first-impressions\val\QKcx5msA7iA.002.mp4,validation
C:\Users\athas\Downloads\Chalearn\first-impressions\val\qkmEt0ofGq8.001.mp4,validation
C:\Users\athas\Downloads\Chalearn\first-impressions\val\qkx4lCA1iZo.000.mp4,validation
C:\Users\athas\Downloads\Chalearn\first-impressions\val\qLV1a_611kA.000.mp4,validation
C:\Users\athas\Downloads\Chalearn\first-impressions\val\qLV1a_611kA.005.mp4,validation
C:\Users\athas\Downloads\Chalearn\first-impressions\val\qMARpi60Hhs.002.mp4,validation
C:\Users\athas\Downloads\Chalearn\first-impressions\val\qMARpi60Hhs.003.mp4,validation
C:\Users\athas\Downloads\Chalearn\first-impressions\val\qMARpi60Hhs.005.mp4,validation
C:\Users\athas\Downloads\Chalearn\first-impressions\val\qmiBcHJpKR0.001.mp4,validation
C:\Users\athas\Downloads\Chalearn\first-impressions\val\qmiBcHJpKR0.002.mp4,validation
C:\Users\athas\Downloads\Chalearn\first-impressions\val\qmiBcHJpKR0.004.mp4,validation
C:\Users\athas\Downloads\Chalearn\first-impressions\val\QNVsr2mGwGs.000.mp4,validation
C:\Users\athas\Downloads\Chalearn\first-impressions\val\QOIP8pV85D8.003.mp4,validation
C:\Users\athas\Downloads\Chalearn\first-impressions\val\qoztP0w5-Vo.001.mp4,validation
C:\Users\athas\Downloads\Chalearn\first-impressions\val\qoztP0w5-Vo.003.mp4,validation
C:\Users\athas\Downloads\Chalearn\first-impressions\val\qP1UtCbMaW4.000.mp4,validation
C:\Users\athas\Downloads\Chalearn\first-impressions\val\qP1UtCbMaW4.002.mp4,validation
C:\Users\athas\Downloads\Chalearn\first-impressions\val\qP8YzH6LT9c.000.mp4,validation
C:\Users\athas\Downloads\Chalearn\first-impressions\val\qP8YzH6LT9c.004.mp4,validation
C:\Users\athas\Downloads\Chalearn\first-impressions\val\qpwcdPnPeFM.000.mp4,validation
C:\Users\athas\Downloads\Chalearn\first-impressions\val\Qqc1539E6rs.000.mp4,validation
C:\Users\athas\Downloads\Chalearn\first-impressions\val\QqTw0lnrtBo.005.mp4,validation
C:\Users\athas\Downloads\Chalearn\first-impressions\val\QQzeQOoqO20.002.mp4,validation
C:\Users\athas\Downloads\Chalearn\first-impressions\val\qssXr_Fg96o.001.mp4,validation
C:\Users\athas\Downloads\Chalearn\first-impressions\val\QTtTAFqT-no.000.mp4,validation
C:\Users\athas\Downloads\Chalearn\first-impressions\val\QTtTAFqT-no.001.mp4,validation
C:\Users\athas\Downloads\Chalearn\first-impressions\val\Qu81v9Aybv4.001.mp4,validation
C:\Users\athas\Downloads\Chalearn\first-impressions\val\QV4TV3aHxfE.004.mp4,validation
C:\Users\athas\Downloads\Chalearn\first-impressions\val\qVcw5-mm31s.001.mp4,validation
C:\Users\athas\Downloads\Chalearn\first-impressions\val\qVcw5-mm31s.002.mp4,validation
C:\Users\athas\Downloads\Chalearn\first-impressions\val\QXFRE_pjrAE.004.mp4,validation
C:\Users\athas\Downloads\Chalearn\first-impressions\val\qyHn_jrNL48.001.mp4,validation
C:\Users\athas\Downloads\Chalearn\first-impressions\val\qYxxTubipSs.004.mp4,validation
C:\Users\athas\Downloads\Chalearn\first-impressions\val\Qzu9b49qvKo.000.mp4,validation
C:\Users\athas\Downloads\Chalearn\first-impressions\val\Qzu9b49qvKo.004.mp4,validation
C:\Users\athas\Downloads\Chalearn\first-impressions\val\qzwUad9KICA.000.mp4,validation
C:\Users\athas\Downloads\Chalearn\first-impressions\val\Qz_cjgCtDcM.000.mp4,validation
C:\Users\athas\Downloads\Chalearn\first-impressions\val\R-qB2FX7ZbE.002.mp4,validation
C:\Users\athas\Downloads\Chalearn\first-impressions\val\R-vly7LKotQ.000.mp4,validation
C:\Users\athas\Downloads\Chalearn\first-impressions\val\r1v6EmZv7-o.000.mp4,validation
C:\Users\athas\Downloads\Chalearn\first-impressions\val\r1YAW67aevY.004.mp4,validation
C:\Users\athas\Downloads\Chalearn\first-impressions\val\r2HcJYjGK5s.002.mp4,validation
C:\Users\athas\Downloads\Chalearn\first-impressions\val\R42dmIPCXwo.005.mp4,validation
C:\Users\athas\Downloads\Chalearn\first-impressions\val\r4BGKIXrD9c.002.mp4,validation
C:\Users\athas\Downloads\Chalearn\first-impressions\val\R5uXsQsO6Uo.004.mp4,validation
C:\Users\athas\Downloads\Chalearn\first-impressions\val\R6NTuhZtOks.000.mp4,validation
C:\Users\athas\Downloads\Chalearn\first-impressions\val\r93dLeVRk3U.001.mp4,validation
C:\Users\athas\Downloads\Chalearn\first-impressions\val\r93dLeVRk3U.005.mp4,validation
C:\Users\athas\Downloads\Chalearn\first-impressions\val\rag7X1kTyBc.000.mp4,validation
C:\Users\athas\Downloads\Chalearn\first-impressions\val\RB9vu-0Y_Fk.000.mp4,validation
C:\Users\athas\Downloads\Chalearn\first-impressions\val\rBxWZzkEncE.001.mp4,validation
C:\Users\athas\Downloads\Chalearn\first-impressions\val\RCr48dXuZYE.003.mp4,validation
C:\Users\athas\Downloads\Chalearn\first-impressions\val\rCxlfusNJlY.004.mp4,validation
C:\Users\athas\Downloads\Chalearn\first-impressions\val\rD6NViDdyOU.000.mp4,validation
C:\Users\athas\Downloads\Chalearn\first-impressions\val\RDdB2AqJpog.000.mp4,validation
C:\Users\athas\Downloads\Chalearn\first-impressions\val\rFs0AC2qV6o.004.mp4,validation
C:\Users\athas\Downloads\Chalearn\first-impressions\val\rGNeR3p1jKU.004.mp4,validation
C:\Users\athas\Downloads\Chalearn\first-impressions\val\RGuHfwIRKpA.002.mp4,validation
C:\Users\athas\Downloads\Chalearn\first-impressions\val\RGuHfwIRKpA.005.mp4,validation
C:\Users\athas\Downloads\Chalearn\first-impressions\val\RgZTZIf8K8g.005.mp4,validation
C:\Users\athas\Downloads\Chalearn\first-impressions\val\RhFPotjd0hM.005.mp4,validation
C:\Users\athas\Downloads\Chalearn\first-impressions\val\RJe5yobV8n4.003.mp4,validation
C:\Users\athas\Downloads\Chalearn\first-impressions\val\rJgbslC72gw.002.mp4,validation
C:\Users\athas\Downloads\Chalearn\first-impressions\val\rjS0PIwS47M.003.mp4,validation
C:\Users\athas\Downloads\Chalearn\first-impressions\val\rLEfJzLcVdg.001.mp4,validation
C:\Users\athas\Downloads\Chalearn\first-impressions\val\rMFJmA5dRFQ.001.mp4,validation
C:\Users\athas\Downloads\Chalearn\first-impressions\val\rNDxXRvuSDg.000.mp4,validation
C:\Users\athas\Downloads\Chalearn\first-impressions\val\Rops7WYMCCY.004.mp4,validation
C:\Users\athas\Downloads\Chalearn\first-impressions\val\Rp_gyvKE4hI.003.mp4,validation
C:\Users\athas\Downloads\Chalearn\first-impressions\val\RQdZHLGGR_E.002.mp4,validation
C:\Users\athas\Downloads\Chalearn\first-impressions\val\RQeoo3idUJc.002.mp4,validation
C:\Users\athas\Downloads\Chalearn\first-impressions\val\RQeoo3idUJc.003.mp4,validation
C:\Users\athas\Downloads\Chalearn\first-impressions\val\RQeoo3idUJc.005.mp4,validation
C:\Users\athas\Downloads\Chalearn\first-impressions\val\rrdSLfnU2pg.004.mp4,validation
C:\Users\athas\Downloads\Chalearn\first-impressions\val\RsYSOFRFszk.003.mp4,validation
C:\Users\athas\Downloads\Chalearn\first-impressions\val\RtbBc9kI6tE.000.mp4,validation
C:\Users\athas\Downloads\Chalearn\first-impressions\val\rTG9gtci67c.000.mp4,validation
C:\Users\athas\Downloads\Chalearn\first-impressions\val\rTG9gtci67c.003.mp4,validation
C:\Users\athas\Downloads\Chalearn\first-impressions\val\rUGAiuYHNgE.005.mp4,validation
C:\Users\athas\Downloads\Chalearn\first-impressions\val\RuRn2t7iPSc.001.mp4,validation
C:\Users\athas\Downloads\Chalearn\first-impressions\val\RuRn2t7iPSc.003.mp4,validation
C:\Users\athas\Downloads\Chalearn\first-impressions\val\rV6Vdn-JrTA.004.mp4,validation
C:\Users\athas\Downloads\Chalearn\first-impressions\val\RW4a2ERzTO8.002.mp4,validation
C:\Users\athas\Downloads\Chalearn\first-impressions\val\rW7b48Dy_80.000.mp4,validation
C:\Users\athas\Downloads\Chalearn\first-impressions\val\RWhyKkFI3zw.002.mp4,validation
C:\Users\athas\Downloads\Chalearn\first-impressions\val\rwinPicu_aw.003.mp4,validation
C:\Users\athas\Downloads\Chalearn\first-impressions\val\rwinPicu_aw.004.mp4,validation
C:\Users\athas\Downloads\Chalearn\first-impressions\val\Rwsss8y1bf0.001.mp4,validation
C:\Users\athas\Downloads\Chalearn\first-impressions\val\Rwsss8y1bf0.003.mp4,validation
C:\Users\athas\Downloads\Chalearn\first-impressions\val\Rwsss8y1bf0.005.mp4,validation
C:\Users\athas\Downloads\Chalearn\first-impressions\val\RYG6XhdmPY0.003.mp4,validation
C:\Users\athas\Downloads\Chalearn\first-impressions\val\RZgTERiRDjA.000.mp4,validation
C:\Users\athas\Downloads\Chalearn\first-impressions\val\RZgTERiRDjA.002.mp4,validation
C:\Users\athas\Downloads\Chalearn\first-impressions\val\r_cVo5qZ9n0.000.mp4,validation
C:\Users\athas\Downloads\Chalearn\first-impressions\val\S-e9-bW4seo.003.mp4,validation
C:\Users\athas\Downloads\Chalearn\first-impressions\val\S-e9-bW4seo.005.mp4,validation
C:\Users\athas\Downloads\Chalearn\first-impressions\val\s-jZlMKQGwc.005.mp4,validation
C:\Users\athas\Downloads\Chalearn\first-impressions\val\s0MKUEnyHSE.005.mp4,validation
C:\Users\athas\Downloads\Chalearn\first-impressions\val\S1AEj1kO5dc.001.mp4,validation
C:\Users\athas\Downloads\Chalearn\first-impressions\val\s1DOqsQoN5s.000.mp4,validation
C:\Users\athas\Downloads\Chalearn\first-impressions\val\s1DOqsQoN5s.004.mp4,validation
C:\Users\athas\Downloads\Chalearn\first-impressions\val\s1DOqsQoN5s.005.mp4,validation
C:\Users\athas\Downloads\Chalearn\first-impressions\val\s6gN_358tk4.002.mp4,validation
C:\Users\athas\Downloads\Chalearn\first-impressions\val\s6gN_358tk4.004.mp4,validation
C:\Users\athas\Downloads\Chalearn\first-impressions\val\s6N1pv5lzrU.005.mp4,validation
C:\Users\athas\Downloads\Chalearn\first-impressions\val\S8GxCRs1SbQ.000.mp4,validation
C:\Users\athas\Downloads\Chalearn\first-impressions\val\Sb1b8JMVhLs.001.mp4,validation
C:\Users\athas\Downloads\Chalearn\first-impressions\val\Sb1b8JMVhLs.003.mp4,validation
C:\Users\athas\Downloads\Chalearn\first-impressions\val\SBPcIiyUHhE.000.mp4,validation
C:\Users\athas\Downloads\Chalearn\first-impressions\val\sC2k2CD1jC0.002.mp4,validation
C:\Users\athas\Downloads\Chalearn\first-impressions\val\scifP1EXSdo.004.mp4,validation
C:\Users\athas\Downloads\Chalearn\first-impressions\val\Sdqg-jn_tBk.003.mp4,validation
C:\Users\athas\Downloads\Chalearn\first-impressions\val\sDWJMBZ1mVA.000.mp4,validation
C:\Users\athas\Downloads\Chalearn\first-impressions\val\Se3Gts4u1vs.001.mp4,validation
C:\Users\athas\Downloads\Chalearn\first-impressions\val\Se3Gts4u1vs.003.mp4,validation
C:\Users\athas\Downloads\Chalearn\first-impressions\val\SFHklR7lWCA.001.mp4,validation
C:\Users\athas\Downloads\Chalearn\first-impressions\val\SfldZBPyPFo.000.mp4,validation
C:\Users\athas\Downloads\Chalearn\first-impressions\val\SFRis1tTZWk.005.mp4,validation
C:\Users\athas\Downloads\Chalearn\first-impressions\val\SFxiMxHvJuo.002.mp4,validation
C:\Users\athas\Downloads\Chalearn\first-impressions\val\SGnhyxlbqaE.005.mp4,validation
C:\Users\athas\Downloads\Chalearn\first-impressions\val\SgWtBK48AjE.000.mp4,validation
C:\Users\athas\Downloads\Chalearn\first-impressions\val\sHafPWyXs6k.001.mp4,validation
C:\Users\athas\Downloads\Chalearn\first-impressions\val\sHafPWyXs6k.002.mp4,validation
C:\Users\athas\Downloads\Chalearn\first-impressions\val\shEsu57CYnA.000.mp4,validation
C:\Users\athas\Downloads\Chalearn\first-impressions\val\shtirfEzWFA.003.mp4,validation
C:\Users\athas\Downloads\Chalearn\first-impressions\val\shtirfEzWFA.005.mp4,validation
C:\Users\athas\Downloads\Chalearn\first-impressions\val\sHVXhr7_EOs.000.mp4,validation
C:\Users\athas\Downloads\Chalearn\first-impressions\val\sHVXhr7_EOs.004.mp4,validation
C:\Users\athas\Downloads\Chalearn\first-impressions\val\siEnTktB4lQ.003.mp4,validation
C:\Users\athas\Downloads\Chalearn\first-impressions\val\siEnTktB4lQ.005.mp4,validation
C:\Users\athas\Downloads\Chalearn\first-impressions\val\simc6hmrUOE.003.mp4,validation
C:\Users\athas\Downloads\Chalearn\first-impressions\val\SIpQm4G4DDg.002.mp4,validation
C:\Users\athas\Downloads\Chalearn\first-impressions\val\si_gZCrLa4A.003.mp4,validation
C:\Users\athas\Downloads\Chalearn\first-impressions\val\si_gZCrLa4A.004.mp4,validation
C:\Users\athas\Downloads\Chalearn\first-impressions\val\SkNO4x-LSgE.000.mp4,validation
C:\Users\athas\Downloads\Chalearn\first-impressions\val\slE2PWIwzus.003.mp4,validation
C:\Users\athas\Downloads\Chalearn\first-impressions\val\slE2PWIwzus.005.mp4,validation
C:\Users\athas\Downloads\Chalearn\first-impressions\val\SNEoE1c-k64.001.mp4,validation
C:\Users\athas\Downloads\Chalearn\first-impressions\val\sNs4yCA11wk.004.mp4,validation
C:\Users\athas\Downloads\Chalearn\first-impressions\val\SPD5fXHVyIk.000.mp4,validation
C:\Users\athas\Downloads\Chalearn\first-impressions\val\SPD5fXHVyIk.005.mp4,validation
C:\Users\athas\Downloads\Chalearn\first-impressions\val\sPMNhG1Sehc.001.mp4,validation
C:\Users\athas\Downloads\Chalearn\first-impressions\val\spodWGLGBiw.001.mp4,validation
C:\Users\athas\Downloads\Chalearn\first-impressions\val\sqnW6xXYTKg.005.mp4,validation
C:\Users\athas\Downloads\Chalearn\first-impressions\val\squHxV3QXlQ.000.mp4,validation
C:\Users\athas\Downloads\Chalearn\first-impressions\val\squHxV3QXlQ.005.mp4,validation
C:\Users\athas\Downloads\Chalearn\first-impressions\val\SR1Q5M2urxY.005.mp4,validation
C:\Users\athas\Downloads\Chalearn\first-impressions\val\SRjhmQTPOmA.000.mp4,validation
C:\Users\athas\Downloads\Chalearn\first-impressions\val\SRjhmQTPOmA.003.mp4,validation
C:\Users\athas\Downloads\Chalearn\first-impressions\val\ssexxLJLuhU.001.mp4,validation
C:\Users\athas\Downloads\Chalearn\first-impressions\val\SsoZjq7x4MA.003.mp4,validation
C:\Users\athas\Downloads\Chalearn\first-impressions\val\sSR1a5XW7n4.005.mp4,validation
C:\Users\athas\Downloads\Chalearn\first-impressions\val\Ssy7T1T0yKg.003.mp4,validation
C:\Users\athas\Downloads\Chalearn\first-impressions\val\SUI6WNryjqw.001.mp4,validation
C:\Users\athas\Downloads\Chalearn\first-impressions\val\SUI6WNryjqw.004.mp4,validation
C:\Users\athas\Downloads\Chalearn\first-impressions\val\SUI6WNryjqw.005.mp4,validation
C:\Users\athas\Downloads\Chalearn\first-impressions\val\sx57p5HyekI.001.mp4,validation
C:\Users\athas\Downloads\Chalearn\first-impressions\val\SYlV95nPTPs.002.mp4,validation
C:\Users\athas\Downloads\Chalearn\first-impressions\val\T-mK85acIOc.000.mp4,validation
C:\Users\athas\Downloads\Chalearn\first-impressions\val\t0AupkXkkZw.000.mp4,validation
C:\Users\athas\Downloads\Chalearn\first-impressions\val\t0AupkXkkZw.002.mp4,validation
C:\Users\athas\Downloads\Chalearn\first-impressions\val\t0_DAgeU4nM.001.mp4,validation
C:\Users\athas\Downloads\Chalearn\first-impressions\val\t0_DAgeU4nM.005.mp4,validation
C:\Users\athas\Downloads\Chalearn\first-impressions\val\T1--98_78ns.000.mp4,validation
C:\Users\athas\Downloads\Chalearn\first-impressions\val\t30ERiF6b50.001.mp4,validation
C:\Users\athas\Downloads\Chalearn\first-impressions\val\T3v3-2tvV0s.001.mp4,validation
C:\Users\athas\Downloads\Chalearn\first-impressions\val\T3v3-2tvV0s.002.mp4,validation
C:\Users\athas\Downloads\Chalearn\first-impressions\val\T3v3-2tvV0s.005.mp4,validation
C:\Users\athas\Downloads\Chalearn\first-impressions\val\T4eZ81aJwJI.002.mp4,validation
C:\Users\athas\Downloads\Chalearn\first-impressions\val\T6CMGXdPUTA.003.mp4,validation
C:\Users\athas\Downloads\Chalearn\first-impressions\val\T8ibN-b3h7Y.004.mp4,validation
C:\Users\athas\Downloads\Chalearn\first-impressions\val\t9wFHk9TM-U.000.mp4,validation
C:\Users\athas\Downloads\Chalearn\first-impressions\val\t9wFHk9TM-U.001.mp4,validation
C:\Users\athas\Downloads\Chalearn\first-impressions\val\taSAaWKcmTw.001.mp4,validation
C:\Users\athas\Downloads\Chalearn\first-impressions\val\tASMzbFSxsQ.004.mp4,validation
C:\Users\athas\Downloads\Chalearn\first-impressions\val\TaTMtWvSmu4.002.mp4,validation
C:\Users\athas\Downloads\Chalearn\first-impressions\val\tcmYlyeqwuI.001.mp4,validation
C:\Users\athas\Downloads\Chalearn\first-impressions\val\tcmYlyeqwuI.002.mp4,validation
C:\Users\athas\Downloads\Chalearn\first-impressions\val\tCnfvBwWVKw.001.mp4,validation
C:\Users\athas\Downloads\Chalearn\first-impressions\val\TD2jIXMD-SM.004.mp4,validation
C:\Users\athas\Downloads\Chalearn\first-impressions\val\TEGJrmNFvXY.005.mp4,validation
C:\Users\athas\Downloads\Chalearn\first-impressions\val\tEQEKN07KgQ.002.mp4,validation
C:\Users\athas\Downloads\Chalearn\first-impressions\val\teRgvZ63_2I.002.mp4,validation
C:\Users\athas\Downloads\Chalearn\first-impressions\val\Tg8a_iNEamM.003.mp4,validation
C:\Users\athas\Downloads\Chalearn\first-impressions\val\TIRrlL71dEQ.003.mp4,validation
C:\Users\athas\Downloads\Chalearn\first-impressions\val\tiVKJWLzmk4.002.mp4,validation
C:\Users\athas\Downloads\Chalearn\first-impressions\val\tiVKJWLzmk4.003.mp4,validation
C:\Users\athas\Downloads\Chalearn\first-impressions\val\tiVKJWLzmk4.005.mp4,validation
C:\Users\athas\Downloads\Chalearn\first-impressions\val\TjdXLXsOnkw.001.mp4,validation
C:\Users\athas\Downloads\Chalearn\first-impressions\val\TJJJfJfj46M.003.mp4,validation
C:\Users\athas\Downloads\Chalearn\first-impressions\val\TK6hBCARiHI.001.mp4,validation
C:\Users\athas\Downloads\Chalearn\first-impressions\val\TK6hBCARiHI.005.mp4,validation
C:\Users\athas\Downloads\Chalearn\first-impressions\val\TkCDs7NlXyU.002.mp4,validation
C:\Users\athas\Downloads\Chalearn\first-impressions\val\TmpP2fXeVtk.001.mp4,validation
C:\Users\athas\Downloads\Chalearn\first-impressions\val\TmpP2fXeVtk.004.mp4,validation
C:\Users\athas\Downloads\Chalearn\first-impressions\val\TNtcyfM9jak.004.mp4,validation
C:\Users\athas\Downloads\Chalearn\first-impressions\val\tomb22yfjTc.000.mp4,validation
C:\Users\athas\Downloads\Chalearn\first-impressions\val\TPRQyuiNYmI.000.mp4,validation
C:\Users\athas\Downloads\Chalearn\first-impressions\val\TPRQyuiNYmI.003.mp4,validation
C:\Users\athas\Downloads\Chalearn\first-impressions\val\TPRQyuiNYmI.004.mp4,validation
C:\Users\athas\Downloads\Chalearn\first-impressions\val\TQHzCznQ14Y.001.mp4,validation
C:\Users\athas\Downloads\Chalearn\first-impressions\val\TQHzCznQ14Y.002.mp4,validation
C:\Users\athas\Downloads\Chalearn\first-impressions\val\TSGpD2NBeCQ.000.mp4,validation
C:\Users\athas\Downloads\Chalearn\first-impressions\val\TSGpD2NBeCQ.001.mp4,validation
C:\Users\athas\Downloads\Chalearn\first-impressions\val\TSGpD2NBeCQ.003.mp4,validation
C:\Users\athas\Downloads\Chalearn\first-impressions\val\TTx4lC7LLcI.002.mp4,validation
C:\Users\athas\Downloads\Chalearn\first-impressions\val\tvKUJujTUEo.002.mp4,validation
C:\Users\athas\Downloads\Chalearn\first-impressions\val\twmdh5zdvfg.001.mp4,validation
C:\Users\athas\Downloads\Chalearn\first-impressions\val\twmdh5zdvfg.003.mp4,validation
C:\Users\athas\Downloads\Chalearn\first-impressions\val\twO6ceVTuII.004.mp4,validation
C:\Users\athas\Downloads\Chalearn\first-impressions\val\txU8yE9d-4k.002.mp4,validation
C:\Users\athas\Downloads\Chalearn\first-impressions\val\TyE0bVJZZto.001.mp4,validation
C:\Users\athas\Downloads\Chalearn\first-impressions\val\tYpxPqwle5k.001.mp4,validation
C:\Users\athas\Downloads\Chalearn\first-impressions\val\tYpxPqwle5k.003.mp4,validation
C:\Users\athas\Downloads\Chalearn\first-impressions\val\tYpxPqwle5k.004.mp4,validation
C:\Users\athas\Downloads\Chalearn\first-impressions\val\tZiRqu8joX8.004.mp4,validation
C:\Users\athas\Downloads\Chalearn\first-impressions\val\TzW_VxrCR30.001.mp4,validation
C:\Users\athas\Downloads\Chalearn\first-impressions\val\T_X16g5ExgE.003.mp4,validation
C:\Users\athas\Downloads\Chalearn\first-impressions\val\U-XrzfFzMkg.000.mp4,validation
C:\Users\athas\Downloads\Chalearn\first-impressions\val\U-XrzfFzMkg.003.mp4,validation
C:\Users\athas\Downloads\Chalearn\first-impressions\val\u0ge93spFvY.000.mp4,validation
C:\Users\athas\Downloads\Chalearn\first-impressions\val\U22Jy0m5xSQ.002.mp4,validation
C:\Users\athas\Downloads\Chalearn\first-impressions\val\U2RemWUyjts.001.mp4,validation
C:\Users\athas\Downloads\Chalearn\first-impressions\val\U3UaF1aFek4.000.mp4,validation
C:\Users\athas\Downloads\Chalearn\first-impressions\val\U3UaF1aFek4.004.mp4,validation
C:\Users\athas\Downloads\Chalearn\first-impressions\val\U4tSfXq-neQ.005.mp4,validation
C:\Users\athas\Downloads\Chalearn\first-impressions\val\u50B6bIkN9g.001.mp4,validation
C:\Users\athas\Downloads\Chalearn\first-impressions\val\u50B6bIkN9g.003.mp4,validation
C:\Users\athas\Downloads\Chalearn\first-impressions\val\u50B6bIkN9g.004.mp4,validation
C:\Users\athas\Downloads\Chalearn\first-impressions\val\u5mRlNCQ0BQ.001.mp4,validation
C:\Users\athas\Downloads\Chalearn\first-impressions\val\ua5c716lu5s.000.mp4,validation
C:\Users\athas\Downloads\Chalearn\first-impressions\val\UA6UY69EVSI.003.mp4,validation
C:\Users\athas\Downloads\Chalearn\first-impressions\val\uCJNAX_b9mc.001.mp4,validation
C:\Users\athas\Downloads\Chalearn\first-impressions\val\UCKiPkp4ZkA.002.mp4,validation
C:\Users\athas\Downloads\Chalearn\first-impressions\val\uDm7iZuX5DQ.001.mp4,validation
C:\Users\athas\Downloads\Chalearn\first-impressions\val\uDm7iZuX5DQ.002.mp4,validation
C:\Users\athas\Downloads\Chalearn\first-impressions\val\uDm7iZuX5DQ.003.mp4,validation
C:\Users\athas\Downloads\Chalearn\first-impressions\val\uE2U_Y7QrIw.004.mp4,validation
C:\Users\athas\Downloads\Chalearn\first-impressions\val\uEBTnI1zqhs.001.mp4,validation
C:\Users\athas\Downloads\Chalearn\first-impressions\val\uf_sIIw4zxY.004.mp4,validation
C:\Users\athas\Downloads\Chalearn\first-impressions\val\UGp1GNK0GWg.001.mp4,validation
C:\Users\athas\Downloads\Chalearn\first-impressions\val\UGp1GNK0GWg.002.mp4,validation
C:\Users\athas\Downloads\Chalearn\first-impressions\val\UGsr6Vnqf7I.000.mp4,validation
C:\Users\athas\Downloads\Chalearn\first-impressions\val\UhNyHUwo1SY.002.mp4,validation
C:\Users\athas\Downloads\Chalearn\first-impressions\val\Ui1ajQU5Ib8.002.mp4,validation
C:\Users\athas\Downloads\Chalearn\first-impressions\val\Ui1ajQU5Ib8.004.mp4,validation
C:\Users\athas\Downloads\Chalearn\first-impressions\val\UipoC_HLOP0.000.mp4,validation
C:\Users\athas\Downloads\Chalearn\first-impressions\val\ukcUhZbkVBI.002.mp4,validation
C:\Users\athas\Downloads\Chalearn\first-impressions\val\UMMhvyjgRnM.005.mp4,validation
C:\Users\athas\Downloads\Chalearn\first-impressions\val\uoLDJJMK5Gw.001.mp4,validation
C:\Users\athas\Downloads\Chalearn\first-impressions\val\uqd_cEJMJ4o.002.mp4,validation
C:\Users\athas\Downloads\Chalearn\first-impressions\val\UQeuBvZNusI.005.mp4,validation
C:\Users\athas\Downloads\Chalearn\first-impressions\val\uRY3aJAaogw.000.mp4,validation
C:\Users\athas\Downloads\Chalearn\first-impressions\val\US4PxgfKDeA.001.mp4,validation
C:\Users\athas\Downloads\Chalearn\first-impressions\val\US4PxgfKDeA.005.mp4,validation
C:\Users\athas\Downloads\Chalearn\first-impressions\val\usG6pVxbQkw.004.mp4,validation
C:\Users\athas\Downloads\Chalearn\first-impressions\val\usG6pVxbQkw.005.mp4,validation
C:\Users\athas\Downloads\Chalearn\first-impressions\val\utv9RBNcL5w.001.mp4,validation
C:\Users\athas\Downloads\Chalearn\first-impressions\val\UWVOT3YPQH4.000.mp4,validation
C:\Users\athas\Downloads\Chalearn\first-impressions\val\uwYQKM_STCw.001.mp4,validation
C:\Users\athas\Downloads\Chalearn\first-impressions\val\uwYQKM_STCw.003.mp4,validation
C:\Users\athas\Downloads\Chalearn\first-impressions\val\UzgW75Fd4jU.000.mp4,validation
C:\Users\athas\Downloads\Chalearn\first-impressions\val\u_qvbRpm88k.003.mp4,validation
C:\Users\athas\Downloads\Chalearn\first-impressions\val\v1ScttBOQc8.001.mp4,validation
C:\Users\athas\Downloads\Chalearn\first-impressions\val\V1TjmLtgNm0.003.mp4,validation
C:\Users\athas\Downloads\Chalearn\first-impressions\val\V1TjmLtgNm0.004.mp4,validation
C:\Users\athas\Downloads\Chalearn\first-impressions\val\V2nvyZB-JNM.000.mp4,validation
C:\Users\athas\Downloads\Chalearn\first-impressions\val\v5hZeuRW6m0.003.mp4,validation
C:\Users\athas\Downloads\Chalearn\first-impressions\val\v68FyWS-Q9s.000.mp4,validation
C:\Users\athas\Downloads\Chalearn\first-impressions\val\V7_h3URfSFY.001.mp4,validation
C:\Users\athas\Downloads\Chalearn\first-impressions\val\V8w2Lo5wxl8.005.mp4,validation
C:\Users\athas\Downloads\Chalearn\first-impressions\val\V9roK_mLM-w.001.mp4,validation
C:\Users\athas\Downloads\Chalearn\first-impressions\val\vAV6ovUKPDg.000.mp4,validation
C:\Users\athas\Downloads\Chalearn\first-impressions\val\VbiUhNAdzus.001.mp4,validation
C:\Users\athas\Downloads\Chalearn\first-impressions\val\VbiUhNAdzus.004.mp4,validation
C:\Users\athas\Downloads\Chalearn\first-impressions\val\vCCRvatOFLA.002.mp4,validation
C:\Users\athas\Downloads\Chalearn\first-impressions\val\vCV-5LypZCs.002.mp4,validation
C:\Users\athas\Downloads\Chalearn\first-impressions\val\vCY4uvfrWXA.001.mp4,validation
C:\Users\athas\Downloads\Chalearn\first-impressions\val\VForU0EmBr0.002.mp4,validation
C:\Users\athas\Downloads\Chalearn\first-impressions\val\vfqYI2QmfeU.003.mp4,validation
C:\Users\athas\Downloads\Chalearn\first-impressions\val\vHc0pnY9BoI.000.mp4,validation
C:\Users\athas\Downloads\Chalearn\first-impressions\val\VhHnmeRABJw.001.mp4,validation
C:\Users\athas\Downloads\Chalearn\first-impressions\val\vHIBCKwJLEY.000.mp4,validation
C:\Users\athas\Downloads\Chalearn\first-impressions\val\vHn6-GQAI_Y.002.mp4,validation
C:\Users\athas\Downloads\Chalearn\first-impressions\val\vhugKRUnd-c.002.mp4,validation
C:\Users\athas\Downloads\Chalearn\first-impressions\val\vhugKRUnd-c.003.mp4,validation
C:\Users\athas\Downloads\Chalearn\first-impressions\val\Vimaz7NzPIg.000.mp4,validation
C:\Users\athas\Downloads\Chalearn\first-impressions\val\vIW7gDmhYMk.002.mp4,validation
C:\Users\athas\Downloads\Chalearn\first-impressions\val\Vj-Cmtqv_qY.000.mp4,validation
C:\Users\athas\Downloads\Chalearn\first-impressions\val\VJf0lkXcy2A.000.mp4,validation
C:\Users\athas\Downloads\Chalearn\first-impressions\val\VJuVsi6G96s.005.mp4,validation
C:\Users\athas\Downloads\Chalearn\first-impressions\val\Vk3scj5vhd4.002.mp4,validation
C:\Users\athas\Downloads\Chalearn\first-impressions\val\vLAHfIjmRMc.003.mp4,validation
C:\Users\athas\Downloads\Chalearn\first-impressions\val\vLAHfIjmRMc.004.mp4,validation
C:\Users\athas\Downloads\Chalearn\first-impressions\val\VmXZ2jMWuvk.000.mp4,validation
C:\Users\athas\Downloads\Chalearn\first-impressions\val\VmXZ2jMWuvk.002.mp4,validation
C:\Users\athas\Downloads\Chalearn\first-impressions\val\VmXZ2jMWuvk.003.mp4,validation
C:\Users\athas\Downloads\Chalearn\first-impressions\val\VmyIItgMzpE.000.mp4,validation
C:\Users\athas\Downloads\Chalearn\first-impressions\val\vNEs2yGe77s.005.mp4,validation
C:\Users\athas\Downloads\Chalearn\first-impressions\val\VNK6LQHh25w.003.mp4,validation
C:\Users\athas\Downloads\Chalearn\first-impressions\val\VnUkBYQkJms.001.mp4,validation
C:\Users\athas\Downloads\Chalearn\first-impressions\val\vo-Y5kgSBa8.004.mp4,validation
C:\Users\athas\Downloads\Chalearn\first-impressions\val\voB6O-ky9cA.000.mp4,validation
C:\Users\athas\Downloads\Chalearn\first-impressions\val\voB6O-ky9cA.003.mp4,validation
C:\Users\athas\Downloads\Chalearn\first-impressions\val\voB6O-ky9cA.005.mp4,validation
C:\Users\athas\Downloads\Chalearn\first-impressions\val\vOEQlAMABWM.002.mp4,validation
C:\Users\athas\Downloads\Chalearn\first-impressions\val\vOEQlAMABWM.005.mp4,validation
C:\Users\athas\Downloads\Chalearn\first-impressions\val\voXr6-ykd1w.001.mp4,validation
C:\Users\athas\Downloads\Chalearn\first-impressions\val\vp9p1osOaLI.005.mp4,validation
C:\Users\athas\Downloads\Chalearn\first-impressions\val\VPFrKx72gvo.000.mp4,validation
C:\Users\athas\Downloads\Chalearn\first-impressions\val\VqKQeFMo0pI.001.mp4,validation
C:\Users\athas\Downloads\Chalearn\first-impressions\val\vqLtOsoNPnU.001.mp4,validation
C:\Users\athas\Downloads\Chalearn\first-impressions\val\vqLtOsoNPnU.003.mp4,validation
C:\Users\athas\Downloads\Chalearn\first-impressions\val\VQMizni7nY0.002.mp4,validation
C:\Users\athas\Downloads\Chalearn\first-impressions\val\VQMizni7nY0.004.mp4,validation
C:\Users\athas\Downloads\Chalearn\first-impressions\val\VQMizni7nY0.005.mp4,validation
C:\Users\athas\Downloads\Chalearn\first-impressions\val\vtOEl_Mg0Io.002.mp4,validation
C:\Users\athas\Downloads\Chalearn\first-impressions\val\VuadgOz6T7s.003.mp4,validation
C:\Users\athas\Downloads\Chalearn\first-impressions\val\VUgKH9DIs-8.004.mp4,validation
C:\Users\athas\Downloads\Chalearn\first-impressions\val\VugKq4gOi50.001.mp4,validation
C:\Users\athas\Downloads\Chalearn\first-impressions\val\VugKq4gOi50.002.mp4,validation
C:\Users\athas\Downloads\Chalearn\first-impressions\val\VugKq4gOi50.003.mp4,validation
C:\Users\athas\Downloads\Chalearn\first-impressions\val\vUKex2msIEU.000.mp4,validation
C:\Users\athas\Downloads\Chalearn\first-impressions\val\vUo6wnBOBpo.000.mp4,validation
C:\Users\athas\Downloads\Chalearn\first-impressions\val\vUo6wnBOBpo.003.mp4,validation
C:\Users\athas\Downloads\Chalearn\first-impressions\val\VvVigAr4hZc.001.mp4,validation
C:\Users\athas\Downloads\Chalearn\first-impressions\val\VxtZDXM0cuQ.004.mp4,validation
C:\Users\athas\Downloads\Chalearn\first-impressions\val\vxuBHsokOX4.001.mp4,validation
C:\Users\athas\Downloads\Chalearn\first-impressions\val\Vy-Lr_iM5qo.004.mp4,validation
C:\Users\athas\Downloads\Chalearn\first-impressions\val\Vyktsh14Kww.003.mp4,validation
C:\Users\athas\Downloads\Chalearn\first-impressions\val\VZ6jhnbk-5g.000.mp4,validation
C:\Users\athas\Downloads\Chalearn\first-impressions\val\W0Ay5uul8j0.005.mp4,validation
C:\Users\athas\Downloads\Chalearn\first-impressions\val\W0FCCk0a0tg.002.mp4,validation
C:\Users\athas\Downloads\Chalearn\first-impressions\val\W0LRjSS9pVM.005.mp4,validation
C:\Users\athas\Downloads\Chalearn\first-impressions\val\W7BbL3NZvrU.003.mp4,validation
C:\Users\athas\Downloads\Chalearn\first-impressions\val\w7O2QJu2Wl4.000.mp4,validation
C:\Users\athas\Downloads\Chalearn\first-impressions\val\w7wPDiQkiA4.000.mp4,validation
C:\Users\athas\Downloads\Chalearn\first-impressions\val\w989xx44UQI.005.mp4,validation
C:\Users\athas\Downloads\Chalearn\first-impressions\val\WATt9OOVZh8.005.mp4,validation
C:\Users\athas\Downloads\Chalearn\first-impressions\val\wBCSJVBr4ZE.002.mp4,validation
C:\Users\athas\Downloads\Chalearn\first-impressions\val\wBCSJVBr4ZE.003.mp4,validation
C:\Users\athas\Downloads\Chalearn\first-impressions\val\WD1WsbooU2w.000.mp4,validation
C:\Users\athas\Downloads\Chalearn\first-impressions\val\WD1WsbooU2w.003.mp4,validation
C:\Users\athas\Downloads\Chalearn\first-impressions\val\WD1WsbooU2w.005.mp4,validation
C:\Users\athas\Downloads\Chalearn\first-impressions\val\wDvZdcb00Bg.000.mp4,validation
C:\Users\athas\Downloads\Chalearn\first-impressions\val\weggLuKPv0M.000.mp4,validation
C:\Users\athas\Downloads\Chalearn\first-impressions\val\WER4ww680QQ.000.mp4,validation
C:\Users\athas\Downloads\Chalearn\first-impressions\val\WER4ww680QQ.002.mp4,validation
C:\Users\athas\Downloads\Chalearn\first-impressions\val\WER4ww680QQ.004.mp4,validation
C:\Users\athas\Downloads\Chalearn\first-impressions\val\WfCSCxADlrg.000.mp4,validation
C:\Users\athas\Downloads\Chalearn\first-impressions\val\WfCSCxADlrg.001.mp4,validation
C:\Users\athas\Downloads\Chalearn\first-impressions\val\WfCSCxADlrg.003.mp4,validation
C:\Users\athas\Downloads\Chalearn\first-impressions\val\WFY3xwXQ0Zw.003.mp4,validation
C:\Users\athas\Downloads\Chalearn\first-impressions\val\wFZJ3gTKwwM.000.mp4,validation
C:\Users\athas\Downloads\Chalearn\first-impressions\val\wm94g-5Cg5s.001.mp4,validation
C:\Users\athas\Downloads\Chalearn\first-impressions\val\WMp0lsXbOqM.001.mp4,validation
C:\Users\athas\Downloads\Chalearn\first-impressions\val\wr4dP9MuHME.000.mp4,validation
C:\Users\athas\Downloads\Chalearn\first-impressions\val\wr4dP9MuHME.002.mp4,validation
C:\Users\athas\Downloads\Chalearn\first-impressions\val\WRz1F6DqmRQ.001.mp4,validation
C:\Users\athas\Downloads\Chalearn\first-impressions\val\WT1YjeADatU.004.mp4,validation
C:\Users\athas\Downloads\Chalearn\first-impressions\val\WTzDOt2GO1M.000.mp4,validation
C:\Users\athas\Downloads\Chalearn\first-impressions\val\WTzDOt2GO1M.001.mp4,validation
C:\Users\athas\Downloads\Chalearn\first-impressions\val\WTzDOt2GO1M.003.mp4,validation
C:\Users\athas\Downloads\Chalearn\first-impressions\val\WuHLxhCSnGs.000.mp4,validation
C:\Users\athas\Downloads\Chalearn\first-impressions\val\wuhoIm_jPc0.000.mp4,validation
C:\Users\athas\Downloads\Chalearn\first-impressions\val\wuhoIm_jPc0.001.mp4,validation
C:\Users\athas\Downloads\Chalearn\first-impressions\val\WuIKjBb7s4Q.001.mp4,validation
C:\Users\athas\Downloads\Chalearn\first-impressions\val\WUNXs4r_xCU.005.mp4,validation
C:\Users\athas\Downloads\Chalearn\first-impressions\val\WuoQDp7pU24.000.mp4,validation
C:\Users\athas\Downloads\Chalearn\first-impressions\val\WuoQDp7pU24.004.mp4,validation
C:\Users\athas\Downloads\Chalearn\first-impressions\val\wuTgJGTEK-0.000.mp4,validation
C:\Users\athas\Downloads\Chalearn\first-impressions\val\wVpjBxCirAQ.000.mp4,validation
C:\Users\athas\Downloads\Chalearn\first-impressions\val\WwGca41TJVU.001.mp4,validation
C:\Users\athas\Downloads\Chalearn\first-impressions\val\WwmWN63mkT4.000.mp4,validation
C:\Users\athas\Downloads\Chalearn\first-impressions\val\Wx_oe0SxD9w.004.mp4,validation
C:\Users\athas\Downloads\Chalearn\first-impressions\val\Wx_oe0SxD9w.005.mp4,validation
C:\Users\athas\Downloads\Chalearn\first-impressions\val\wy1szFSVpEI.003.mp4,validation
C:\Users\athas\Downloads\Chalearn\first-impressions\val\WyLqK6wzYLU.004.mp4,validation
C:\Users\athas\Downloads\Chalearn\first-impressions\val\wYZJ2HXfvmQ.004.mp4,validation
C:\Users\athas\Downloads\Chalearn\first-impressions\val\WZnLayQeIZ0.001.mp4,validation
C:\Users\athas\Downloads\Chalearn\first-impressions\val\WZnLayQeIZ0.002.mp4,validation
C:\Users\athas\Downloads\Chalearn\first-impressions\val\WZnLayQeIZ0.003.mp4,validation
C:\Users\athas\Downloads\Chalearn\first-impressions\val\x0CZuHnJ0Hs.001.mp4,validation
C:\Users\athas\Downloads\Chalearn\first-impressions\val\x0mD5kr2hu4.000.mp4,validation
C:\Users\athas\Downloads\Chalearn\first-impressions\val\x0mD5kr2hu4.001.mp4,validation
C:\Users\athas\Downloads\Chalearn\first-impressions\val\X1EjfXX3NTk.001.mp4,validation
C:\Users\athas\Downloads\Chalearn\first-impressions\val\X1EjfXX3NTk.002.mp4,validation
C:\Users\athas\Downloads\Chalearn\first-impressions\val\X1kqn3XDFRw.000.mp4,validation
C:\Users\athas\Downloads\Chalearn\first-impressions\val\x57nEfACdXA.000.mp4,validation
C:\Users\athas\Downloads\Chalearn\first-impressions\val\x57nEfACdXA.004.mp4,validation
C:\Users\athas\Downloads\Chalearn\first-impressions\val\X5aKCrWf6a4.004.mp4,validation
C:\Users\athas\Downloads\Chalearn\first-impressions\val\x6Tluj4dJTU.000.mp4,validation
C:\Users\athas\Downloads\Chalearn\first-impressions\val\X9AEEGzWSU8.004.mp4,validation
C:\Users\athas\Downloads\Chalearn\first-impressions\val\x9FAFeaizu0.005.mp4,validation
C:\Users\athas\Downloads\Chalearn\first-impressions\val\xA2OJtxFoeg.002.mp4,validation
C:\Users\athas\Downloads\Chalearn\first-impressions\val\XakgMBMmtMQ.003.mp4,validation
C:\Users\athas\Downloads\Chalearn\first-impressions\val\XAO4l8Ej-J8.001.mp4,validation
C:\Users\athas\Downloads\Chalearn\first-impressions\val\Xauhek9-iKA.000.mp4,validation
C:\Users\athas\Downloads\Chalearn\first-impressions\val\Xauhek9-iKA.005.mp4,validation
C:\Users\athas\Downloads\Chalearn\first-impressions\val\XB81sertsYU.004.mp4,validation
C:\Users\athas\Downloads\Chalearn\first-impressions\val\XbsA_lCKQLs.000.mp4,validation
C:\Users\athas\Downloads\Chalearn\first-impressions\val\XbsA_lCKQLs.005.mp4,validation
C:\Users\athas\Downloads\Chalearn\first-impressions\val\xDjhf8wrNWQ.000.mp4,validation
C:\Users\athas\Downloads\Chalearn\first-impressions\val\XDwSKV_-Rhc.000.mp4,validation
C:\Users\athas\Downloads\Chalearn\first-impressions\val\xEmwNv4OxGE.000.mp4,validation
C:\Users\athas\Downloads\Chalearn\first-impressions\val\xEmwNv4OxGE.002.mp4,validation
C:\Users\athas\Downloads\Chalearn\first-impressions\val\XfK7WZ3skUM.002.mp4,validation
C:\Users\athas\Downloads\Chalearn\first-impressions\val\xfLVThCzEEk.001.mp4,validation
C:\Users\athas\Downloads\Chalearn\first-impressions\val\XFpzukISe6s.001.mp4,validation
C:\Users\athas\Downloads\Chalearn\first-impressions\val\XfUqFt2amrM.001.mp4,validation
C:\Users\athas\Downloads\Chalearn\first-impressions\val\XH4rem3vS9w.003.mp4,validation
C:\Users\athas\Downloads\Chalearn\first-impressions\val\xHb5_bc1JOA.002.mp4,validation
C:\Users\athas\Downloads\Chalearn\first-impressions\val\xHb5_bc1JOA.004.mp4,validation
C:\Users\athas\Downloads\Chalearn\first-impressions\val\xHb5_bc1JOA.005.mp4,validation
C:\Users\athas\Downloads\Chalearn\first-impressions\val\XhgDsQlEnuU.005.mp4,validation
C:\Users\athas\Downloads\Chalearn\first-impressions\val\xLfLuyIQOJE.000.mp4,validation
C:\Users\athas\Downloads\Chalearn\first-impressions\val\xLfLuyIQOJE.001.mp4,validation
C:\Users\athas\Downloads\Chalearn\first-impressions\val\XLKNGnpTO9k.004.mp4,validation
C:\Users\athas\Downloads\Chalearn\first-impressions\val\xmD4FKMq2rk.003.mp4,validation
C:\Users\athas\Downloads\Chalearn\first-impressions\val\XndWJ1ieKwY.000.mp4,validation
C:\Users\athas\Downloads\Chalearn\first-impressions\val\XNWN7ScxVIA.000.mp4,validation
C:\Users\athas\Downloads\Chalearn\first-impressions\val\XoyQKsK7OtA.001.mp4,validation
C:\Users\athas\Downloads\Chalearn\first-impressions\val\xpSCu7PgJts.001.mp4,validation
C:\Users\athas\Downloads\Chalearn\first-impressions\val\XPV4pavXh94.000.mp4,validation
C:\Users\athas\Downloads\Chalearn\first-impressions\val\XpY-cxkbYdo.005.mp4,validation
C:\Users\athas\Downloads\Chalearn\first-impressions\val\xq0-QVHxp-Q.001.mp4,validation
C:\Users\athas\Downloads\Chalearn\first-impressions\val\XQ3do4LDFv8.002.mp4,validation
C:\Users\athas\Downloads\Chalearn\first-impressions\val\xqGyF2T3pso.003.mp4,validation
C:\Users\athas\Downloads\Chalearn\first-impressions\val\xQHmbJ_lPjY.002.mp4,validation
C:\Users\athas\Downloads\Chalearn\first-impressions\val\XQZ5M9oLkXw.000.mp4,validation
C:\Users\athas\Downloads\Chalearn\first-impressions\val\XQZ5M9oLkXw.004.mp4,validation
C:\Users\athas\Downloads\Chalearn\first-impressions\val\xRhUBifOWiI.002.mp4,validation
C:\Users\athas\Downloads\Chalearn\first-impressions\val\XRoSKIIFp9c.000.mp4,validation
C:\Users\athas\Downloads\Chalearn\first-impressions\val\XRoSKIIFp9c.001.mp4,validation
C:\Users\athas\Downloads\Chalearn\first-impressions\val\xrxAyO8pKUo.000.mp4,validation
C:\Users\athas\Downloads\Chalearn\first-impressions\val\xrxAyO8pKUo.001.mp4,validation
C:\Users\athas\Downloads\Chalearn\first-impressions\val\xrxAyO8pKUo.004.mp4,validation
C:\Users\athas\Downloads\Chalearn\first-impressions\val\xsDABUrvs6w.000.mp4,validation
C:\Users\athas\Downloads\Chalearn\first-impressions\val\xsLvl2qGrxU.004.mp4,validation
C:\Users\athas\Downloads\Chalearn\first-impressions\val\xsLvl2qGrxU.005.mp4,validation
C:\Users\athas\Downloads\Chalearn\first-impressions\val\xtDw9TlWiww.001.mp4,validation
C:\Users\athas\Downloads\Chalearn\first-impressions\val\xtDw9TlWiww.004.mp4,validation
C:\Users\athas\Downloads\Chalearn\first-impressions\val\XtI2ju2a8iM.003.mp4,validation
C:\Users\athas\Downloads\Chalearn\first-impressions\val\XuXhY_SCkNI.005.mp4,validation
C:\Users\athas\Downloads\Chalearn\first-impressions\val\xVJDjbiIjTo.000.mp4,validation
C:\Users\athas\Downloads\Chalearn\first-impressions\val\xVJDjbiIjTo.002.mp4,validation
C:\Users\athas\Downloads\Chalearn\first-impressions\val\xVJDjbiIjTo.003.mp4,validation
C:\Users\athas\Downloads\Chalearn\first-impressions\val\XvV4YdhpC2w.000.mp4,validation
C:\Users\athas\Downloads\Chalearn\first-impressions\val\XvV4YdhpC2w.003.mp4,validation
C:\Users\athas\Downloads\Chalearn\first-impressions\val\XvV4YdhpC2w.005.mp4,validation
C:\Users\athas\Downloads\Chalearn\first-impressions\val\xyOq5SL0Evc.005.mp4,validation
C:\Users\athas\Downloads\Chalearn\first-impressions\val\xYXVkQOmSfk.001.mp4,validation
C:\Users\athas\Downloads\Chalearn\first-impressions\val\xYXVkQOmSfk.002.mp4,validation
C:\Users\athas\Downloads\Chalearn\first-impressions\val\xZ9iwqHw7GY.001.mp4,validation
C:\Users\athas\Downloads\Chalearn\first-impressions\val\y--uBBy7ebM.001.mp4,validation
C:\Users\athas\Downloads\Chalearn\first-impressions\val\y-0p6fGXLD0.001.mp4,validation
C:\Users\athas\Downloads\Chalearn\first-impressions\val\y-0p6fGXLD0.003.mp4,validation
C:\Users\athas\Downloads\Chalearn\first-impressions\val\y-0p6fGXLD0.005.mp4,validation
C:\Users\athas\Downloads\Chalearn\first-impressions\val\Y-YdRocu0os.002.mp4,validation
C:\Users\athas\Downloads\Chalearn\first-impressions\val\Y-_JeJoCjUo.004.mp4,validation
C:\Users\athas\Downloads\Chalearn\first-impressions\val\Y1LrgyCJtpU.004.mp4,validation
C:\Users\athas\Downloads\Chalearn\first-impressions\val\y3_71Wpt9eA.001.mp4,validation
C:\Users\athas\Downloads\Chalearn\first-impressions\val\y3_71Wpt9eA.005.mp4,validation
C:\Users\athas\Downloads\Chalearn\first-impressions\val\y4Ej1YSEQf0.004.mp4,validation
C:\Users\athas\Downloads\Chalearn\first-impressions\val\y4w-PiVPfjI.001.mp4,validation
C:\Users\athas\Downloads\Chalearn\first-impressions\val\Y6iogSmj6FQ.000.mp4,validation
C:\Users\athas\Downloads\Chalearn\first-impressions\val\Y6iogSmj6FQ.004.mp4,validation
C:\Users\athas\Downloads\Chalearn\first-impressions\val\y6LC5kAJmHw.001.mp4,validation
C:\Users\athas\Downloads\Chalearn\first-impressions\val\Y8gv_ZK3w4A.001.mp4,validation
C:\Users\athas\Downloads\Chalearn\first-impressions\val\Y9wnqLKhNNI.002.mp4,validation
C:\Users\athas\Downloads\Chalearn\first-impressions\val\YbdJd16c3eo.002.mp4,validation
C:\Users\athas\Downloads\Chalearn\first-impressions\val\YbxdeEd7wq4.000.mp4,validation
C:\Users\athas\Downloads\Chalearn\first-impressions\val\YdxS3f4HXaA.001.mp4,validation
C:\Users\athas\Downloads\Chalearn\first-impressions\val\YdxS3f4HXaA.002.mp4,validation
C:\Users\athas\Downloads\Chalearn\first-impressions\val\YdxS3f4HXaA.003.mp4,validation
C:\Users\athas\Downloads\Chalearn\first-impressions\val\YdxS3f4HXaA.004.mp4,validation
C:\Users\athas\Downloads\Chalearn\first-impressions\val\yEE9FoKWdpU.004.mp4,validation
C:\Users\athas\Downloads\Chalearn\first-impressions\val\yEY_2BYZhnQ.003.mp4,validation
C:\Users\athas\Downloads\Chalearn\first-impressions\val\YGrCXe2-fVk.005.mp4,validation
C:\Users\athas\Downloads\Chalearn\first-impressions\val\ygUEI08LgcM.000.mp4,validation
C:\Users\athas\Downloads\Chalearn\first-impressions\val\ygUEI08LgcM.003.mp4,validation
C:\Users\athas\Downloads\Chalearn\first-impressions\val\YHpEi96AY9w.005.mp4,validation
C:\Users\athas\Downloads\Chalearn\first-impressions\val\yIe7Rp54-bU.005.mp4,validation
C:\Users\athas\Downloads\Chalearn\first-impressions\val\Yj36y7ELRZE.003.mp4,validation
C:\Users\athas\Downloads\Chalearn\first-impressions\val\YjXUMygVw7U.004.mp4,validation
C:\Users\athas\Downloads\Chalearn\first-impressions\val\ymrFbEMNBME.000.mp4,validation
C:\Users\athas\Downloads\Chalearn\first-impressions\val\ymrFbEMNBME.002.mp4,validation
C:\Users\athas\Downloads\Chalearn\first-impressions\val\YN0Xd70SqEo.000.mp4,validation
C:\Users\athas\Downloads\Chalearn\first-impressions\val\YNlhBpVk1tw.003.mp4,validation
C:\Users\athas\Downloads\Chalearn\first-impressions\val\YocrYFLm4CM.005.mp4,validation
C:\Users\athas\Downloads\Chalearn\first-impressions\val\YOdKAtXbOoQ.000.mp4,validation
C:\Users\athas\Downloads\Chalearn\first-impressions\val\yOzHZOg95Ug.002.mp4,validation
C:\Users\athas\Downloads\Chalearn\first-impressions\val\yp-tfq1NxBk.005.mp4,validation
C:\Users\athas\Downloads\Chalearn\first-impressions\val\YP7N98ECZaI.000.mp4,validation
C:\Users\athas\Downloads\Chalearn\first-impressions\val\YPMffqhP0C8.003.mp4,validation
C:\Users\athas\Downloads\Chalearn\first-impressions\val\YPnuq0tDDqk.001.mp4,validation
C:\Users\athas\Downloads\Chalearn\first-impressions\val\YPnuq0tDDqk.005.mp4,validation
C:\Users\athas\Downloads\Chalearn\first-impressions\val\YqgiL3iN2ak.000.mp4,validation
C:\Users\athas\Downloads\Chalearn\first-impressions\val\yRVvI1x2DBI.000.mp4,validation
C:\Users\athas\Downloads\Chalearn\first-impressions\val\yRVvI1x2DBI.003.mp4,validation
C:\Users\athas\Downloads\Chalearn\first-impressions\val\YryBLVZgJj0.004.mp4,validation
C:\Users\athas\Downloads\Chalearn\first-impressions\val\YSqiT8g7SYM.002.mp4,validation
C:\Users\athas\Downloads\Chalearn\first-impressions\val\yUESJPS0wS8.003.mp4,validation
C:\Users\athas\Downloads\Chalearn\first-impressions\val\YuoLr4xDvbE.001.mp4,validation
C:\Users\athas\Downloads\Chalearn\first-impressions\val\YuoLr4xDvbE.003.mp4,validation
C:\Users\athas\Downloads\Chalearn\first-impressions\val\yVSfQZGt1co.002.mp4,validation
C:\Users\athas\Downloads\Chalearn\first-impressions\val\yVSfQZGt1co.005.mp4,validation
C:\Users\athas\Downloads\Chalearn\first-impressions\val\Ywfun1LIwOE.000.mp4,validation
C:\Users\athas\Downloads\Chalearn\first-impressions\val\Ywfun1LIwOE.001.mp4,validation
C:\Users\athas\Downloads\Chalearn\first-impressions\val\YygvfVxOWP8.001.mp4,validation
C:\Users\athas\Downloads\Chalearn\first-impressions\val\YygvfVxOWP8.002.mp4,validation
C:\Users\athas\Downloads\Chalearn\first-impressions\val\YygvfVxOWP8.004.mp4,validation
C:\Users\athas\Downloads\Chalearn\first-impressions\val\yyqXzlF8Fgc.003.mp4,validation
C:\Users\athas\Downloads\Chalearn\first-impressions\val\YZp79VcnY0w.005.mp4,validation
C:\Users\athas\Downloads\Chalearn\first-impressions\val\z-CV743owek.002.mp4,validation
C:\Users\athas\Downloads\Chalearn\first-impressions\val\z-CV743owek.004.mp4,validation
C:\Users\athas\Downloads\Chalearn\first-impressions\val\z0v9LukQRHU.000.mp4,validation
C:\Users\athas\Downloads\Chalearn\first-impressions\val\z0v9LukQRHU.004.mp4,validation
C:\Users\athas\Downloads\Chalearn\first-impressions\val\z1q3ktuRdII.005.mp4,validation
C:\Users\athas\Downloads\Chalearn\first-impressions\val\z3DO3tdrsnQ.004.mp4,validation
C:\Users\athas\Downloads\Chalearn\first-impressions\val\z3DO3tdrsnQ.005.mp4,validation
C:\Users\athas\Downloads\Chalearn\first-impressions\val\Z3E1jkaNRKs.004.mp4,validation
C:\Users\athas\Downloads\Chalearn\first-impressions\val\Z3E1jkaNRKs.005.mp4,validation
C:\Users\athas\Downloads\Chalearn\first-impressions\val\Z3FdUfZLHyw.003.mp4,validation
C:\Users\athas\Downloads\Chalearn\first-impressions\val\Z5S5uGXkNuc.000.mp4,validation
C:\Users\athas\Downloads\Chalearn\first-impressions\val\z6E5hLYhaZk.001.mp4,validation
C:\Users\athas\Downloads\Chalearn\first-impressions\val\z6E5hLYhaZk.005.mp4,validation
C:\Users\athas\Downloads\Chalearn\first-impressions\val\Z6vQQvro86Y.000.mp4,validation
C:\Users\athas\Downloads\Chalearn\first-impressions\val\Z6Yb7xE4Jb4.001.mp4,validation
C:\Users\athas\Downloads\Chalearn\first-impressions\val\ZaihsIQZCx8.000.mp4,validation
C:\Users\athas\Downloads\Chalearn\first-impressions\val\ZaihsIQZCx8.001.mp4,validation
C:\Users\athas\Downloads\Chalearn\first-impressions\val\ZaihsIQZCx8.005.mp4,validation
C:\Users\athas\Downloads\Chalearn\first-impressions\val\Zb5BstGpJ48.001.mp4,validation
C:\Users\athas\Downloads\Chalearn\first-impressions\val\Zcw2LevK-EY.004.mp4,validation
C:\Users\athas\Downloads\Chalearn\first-impressions\val\zDRQAU7MtjA.002.mp4,validation
C:\Users\athas\Downloads\Chalearn\first-impressions\val\Zdz0TqboSNI.001.mp4,validation
C:\Users\athas\Downloads\Chalearn\first-impressions\val\Zdz0TqboSNI.002.mp4,validation
C:\Users\athas\Downloads\Chalearn\first-impressions\val\ZeGT9pSG734.005.mp4,validation
C:\Users\athas\Downloads\Chalearn\first-impressions\val\zEyRyTnIw5I.004.mp4,validation
C:\Users\athas\Downloads\Chalearn\first-impressions\val\zFVjcb45pjI.004.mp4,validation
C:\Users\athas\Downloads\Chalearn\first-impressions\val\zFVjcb45pjI.005.mp4,validation
C:\Users\athas\Downloads\Chalearn\first-impressions\val\ZGox7tevC6A.001.mp4,validation
C:\Users\athas\Downloads\Chalearn\first-impressions\val\zH9pTx5_ZwY.001.mp4,validation
C:\Users\athas\Downloads\Chalearn\first-impressions\val\ZhPQrqxo2mw.001.mp4,validation
C:\Users\athas\Downloads\Chalearn\first-impressions\val\Zi7QHI_5ipU.002.mp4,validation
C:\Users\athas\Downloads\Chalearn\first-impressions\val\zMXIf66PPhU.000.mp4,validation
C:\Users\athas\Downloads\Chalearn\first-impressions\val\ZNRfeL8nPfw.002.mp4,validation
C:\Users\athas\Downloads\Chalearn\first-impressions\val\ZNymNgd5EuQ.002.mp4,validation
C:\Users\athas\Downloads\Chalearn\first-impressions\val\ZNymNgd5EuQ.005.mp4,validation
C:\Users\athas\Downloads\Chalearn\first-impressions\val\ZoHY-rWJsyw.002.mp4,validation
C:\Users\athas\Downloads\Chalearn\first-impressions\val\ZqbJIM7rmO8.004.mp4,validation
C:\Users\athas\Downloads\Chalearn\first-impressions\val\zqpXz9h41jg.003.mp4,validation
C:\Users\athas\Downloads\Chalearn\first-impressions\val\zrbcY4TMVyc.001.mp4,validation
C:\Users\athas\Downloads\Chalearn\first-impressions\val\zRevZ94Rxjc.003.mp4,validation
C:\Users\athas\Downloads\Chalearn\first-impressions\val\ZRl_k6DzTeI.002.mp4,validation
C:\Users\athas\Downloads\Chalearn\first-impressions\val\ZRrduU1CXqU.000.mp4,validation
C:\Users\athas\Downloads\Chalearn\first-impressions\val\zT_s9X21gAE.000.mp4,validation
C:\Users\athas\Downloads\Chalearn\first-impressions\val\zupxsNi2er8.000.mp4,validation
C:\Users\athas\Downloads\Chalearn\first-impressions\val\zupxsNi2er8.003.mp4,validation
C:\Users\athas\Downloads\Chalearn\first-impressions\val\zvX4fNj0uxk.002.mp4,validation
C:\Users\athas\Downloads\Chalearn\first-impressions\val\ZvxUUh2wN7s.000.mp4,validation
C:\Users\athas\Downloads\Chalearn\first-impressions\val\zwO2zBdbCb4.001.mp4,validation
C:\Users\athas\Downloads\Chalearn\first-impressions\val\Zwu5Y5r3Lrs.000.mp4,validation
C:\Users\athas\Downloads\Chalearn\first-impressions\val\Zwu5Y5r3Lrs.002.mp4,validation
C:\Users\athas\Downloads\Chalearn\first-impressions\val\Zwu5Y5r3Lrs.004.mp4,validation
C:\Users\athas\Downloads\Chalearn\first-impressions\val\Zwu5Y5r3Lrs.005.mp4,validation
C:\Users\athas\Downloads\Chalearn\first-impressions\val\zxuPCshTSOs.000.mp4,validation
C:\Users\athas\Downloads\Chalearn\first-impressions\val\ZxxRJRz2hf0.001.mp4,validation
C:\Users\athas\Downloads\Chalearn\first-impressions\val\ZxxRJRz2hf0.005.mp4,validation
C:\Users\athas\Downloads\Chalearn\first-impressions\val\zyGz_H1UTnQ.002.mp4,validation
C:\Users\athas\Downloads\Chalearn\first-impressions\val\zyGz_H1UTnQ.004.mp4,validation
C:\Users\athas\Downloads\Chalearn\first-impressions\val\zyGz_H1UTnQ.005.mp4,validation
C:\Users\athas\Downloads\Chalearn\first-impressions\val\ZYrFfvp7_Mo.001.mp4,validation
C:\Users\athas\Downloads\Chalearn\first-impressions\val\Z_STuUHKQTg.000.mp4,validation
C:\Users\athas\Downloads\Chalearn\first-impressions\val\_01AyUz9J9I.000.mp4,validation
C:\Users\athas\Downloads\Chalearn\first-impressions\val\_01AyUz9J9I.003.mp4,validation
C:\Users\athas\Downloads\Chalearn\first-impressions\val\_0bg1TLPP-I.003.mp4,validation
C:\Users\athas\Downloads\Chalearn\first-impressions\val\_2DSmy36OEM.000.mp4,validation
C:\Users\athas\Downloads\Chalearn\first-impressions\val\_2DSmy36OEM.005.mp4,validation
C:\Users\athas\Downloads\Chalearn\first-impressions\val\_5ltHlmGvq8.000.mp4,validation
C:\Users\athas\Downloads\Chalearn\first-impressions\val\_65KGQpiabs.000.mp4,validation
C:\Users\athas\Downloads\Chalearn\first-impressions\val\_7s27dUoYVg.004.mp4,validation
C:\Users\athas\Downloads\Chalearn\first-impressions\val\_fFmEyvWgfA.001.mp4,validation
C:\Users\athas\Downloads\Chalearn\first-impressions\val\_fJcW5234bY.001.mp4,validation
C:\Users\athas\Downloads\Chalearn\first-impressions\val\_fJcW5234bY.003.mp4,validation
C:\Users\athas\Downloads\Chalearn\first-impressions\val\_G3kw9HwCqY.001.mp4,validation
C:\Users\athas\Downloads\Chalearn\first-impressions\val\_g3M_MoFIvA.000.mp4,validation
C:\Users\athas\Downloads\Chalearn\first-impressions\val\_g3M_MoFIvA.002.mp4,validation
C:\Users\athas\Downloads\Chalearn\first-impressions\val\_GFregyrwfo.000.mp4,validation
C:\Users\athas\Downloads\Chalearn\first-impressions\val\_hR9AD-eIy8.001.mp4,validation
C:\Users\athas\Downloads\Chalearn\first-impressions\val\_hR9AD-eIy8.002.mp4,validation
C:\Users\athas\Downloads\Chalearn\first-impressions\val\_IQX3zjINy4.003.mp4,validation
C:\Users\athas\Downloads\Chalearn\first-impressions\val\_IS6GFmQYj4.001.mp4,validation
C:\Users\athas\Downloads\Chalearn\first-impressions\val\_IS6GFmQYj4.005.mp4,validation
C:\Users\athas\Downloads\Chalearn\first-impressions\val\_kK9tGN883Y.001.mp4,validation
C:\Users\athas\Downloads\Chalearn\first-impressions\val\_kK9tGN883Y.003.mp4,validation
C:\Users\athas\Downloads\Chalearn\first-impressions\val\_mvqVnzddCw.001.mp4,validation
C:\Users\athas\Downloads\Chalearn\first-impressions\val\_Q4wOgixh7E.003.mp4,validation
C:\Users\athas\Downloads\Chalearn\first-impressions\val\_QXI4n_FRN4.000.mp4,validation
C:\Users\athas\Downloads\Chalearn\first-impressions\val\_QXI4n_FRN4.002.mp4,validation
C:\Users\athas\Downloads\Chalearn\first-impressions\val\_QXI4n_FRN4.003.mp4,validation
C:\Users\athas\Downloads\Chalearn\first-impressions\val\_RfHkyf68Zs.000.mp4,validation
C:\Users\athas\Downloads\Chalearn\first-impressions\val\_TbRQa4InvM.004.mp4,validation
C:\Users\athas\Downloads\Chalearn\first-impressions\val\_UnoRkHkYB8.004.mp4,validation
C:\Users\athas\Downloads\Chalearn\first-impressions\val\_uNup91ZYw0.000.mp4,validation
C:\Users\athas\Downloads\Chalearn\first-impressions\val\_VsE38xSmdM.003.mp4,validation
C:\Users\athas\Downloads\Chalearn\first-impressions\val\_ZAqTHlu2ts.000.mp4,validation
C:\Users\athas\Downloads\Chalearn\first-impressions\val\_ZAqTHlu2ts.002.mp4,validation
C:\Users\athas\Downloads\Chalearn\first-impressions\val\_ZAqTHlu2ts.003.mp4,validation
C:\Users\athas\Downloads\Chalearn\first-impressions\val\_zI6qgTJOSA.003.mp4,validation
C:\Users\athas\Downloads\Chalearn\first-impressions\val\_ztmNiy8D3c.002.mp4,validation
